ID_Metrica;ID_Acquisizione;Stimolo;Categoria;Latenza_ms;Durata_Fissazione_ms;Diametro_Pupillare_Medio_mm;Ampiezza_deg;Velocita_Picco_deg_s;Guadagno_Pursuit;Error_Rate_Perc;;;
1;1001;1.jpg;Saccade;6138,159421;28,8;-;15.6;1161.7;;15;;;
2;1001;1.jpg;Saccade;7613,692833;42,4;-;18.1;1156.9;;15;;;
3;1001;1.jpg;Saccade;10462,08396;22,4;-;10.2;968.7;;15;;;
4;1001;1.jpg;Saccade;25406,7529;52;-;19.6;1348.3;;15;;;
5;1001;1.jpg;Saccade;2246,898192;22,4;-;9.3;777.1;;15;;;
6;1001;1.jpg;Saccade;17943,26557;28,8;-;21.8;2131.8;;15;;;
7;1001;1.jpg;Saccade;13360,04363;92;-;50.7;1483.9;;15;;;
8;1001;1.jpg;Saccade;28985,32089;51,2;-;5.2;293.5;;15;;;
9;1001;1.jpg;Saccade;13560,13478;58,4;-;8.2;378.7;;15;;;
10;1001;1.jpg;Saccade;11300,99381;25,6;-;6.3;627.6;;15;;;
11;1001;1.jpg;Fissazione;8367,701161;352;-;-;-;;;;;
12;1001;1.jpg;Saccade;7608,485404;28;-;9.0;675.6;;15;;;
13;1001;1.jpg;Fissazione;18730,9971;128;-;-;-;;;;;
14;1001;1.jpg;Saccade;33744,29697;28;-;11.6;884.4;;15;;;
15;1001;1.jpg;Fissazione;11811,08156;120,8;-;-;-;;;;;
16;1001;1.jpg;Saccade;15840,62399;36,8;-;15.2;699.5;;15;;;
17;1001;1.jpg;Fissazione;11435,82369;257,6;-;-;-;;;;;
18;1001;1.jpg;Saccade;21150,76232;44,8;-;33.3;1772.5;;15;;;
19;1001;1.jpg;Saccade;22680,63988;23,2;-;9.5;976.9;;15;;;
20;1001;1.jpg;Fissazione;21630,46754;294,4;-;-;-;;;;;
21;1001;1.jpg;Saccade;9872,27992;29,6;-;12.2;951.2;;15;;;
22;1001;1.jpg;Fissazione;25077,85293;128;-;-;-;;;;;
23;1001;1.jpg;Saccade;6908,314053;50,4;-;20.7;1398.1;;15;;;
24;1001;1.jpg;Saccade;10914,79272;39,2;-;23.0;1652.6;;15;;;
25;1001;1.jpg;Saccade;5996,178763;25,6;-;12.4;705.1;;15;;;
26;1001;1.jpg;Saccade;18904,16682;24;-;10.9;1075.9;;15;;;
27;1001;1.jpg;Saccade;24369,82721;38,4;-;22.4;1287.3;;15;;;
28;1001;1.jpg;Saccade;6813,07743;22,4;-;3.9;267.1;;15;;;
29;1001;1.jpg;Saccade;290,3095383;24,8;-;14.7;1053.0;;15;;;
30;1001;1.jpg;Saccade;26891,55275;31,2;-;11.8;1263.2;;15;;;
31;1001;1.jpg;Saccade;2631,536157;32,8;-;14.3;1019.5;;15;;;
32;1001;1.jpg;Saccade;23223,96397;45,6;-;11.7;623.4;;15;;;
33;1001;1.jpg;Saccade;3725,252909;25,6;-;8.3;601.6;;15;;;
34;1001;1.jpg;Fissazione;6913,74766;658,4;-;-;-;;;;;
35;1001;1.jpg;Saccade;10972,22812;26,4;-;17.7;1300.4;;15;;;
36;1001;1.jpg;Saccade;7649,778757;75,2;-;70.9;2061.7;;15;;;
37;1001;1.jpg;Saccade;2858,125053;32;-;10.6;1054.0;;15;;;
38;1001;1.jpg;Saccade;4633,544244;25,6;-;9.9;723.3;;15;;;
39;1001;1.jpg;Saccade;5534,966959;28;-;9.9;806.9;;15;;;
40;1001;1.jpg;Saccade;22946,55043;32;-;1.5;89.0;;15;;;
41;1001;1.jpg;Saccade;5759,598815;22,4;-;6.6;569.1;;15;;;
42;1001;1.jpg;Saccade;20007,75872;43,2;-;7.3;404.4;;15;;;
43;1001;1.jpg;Fissazione;4738,855864;1036;-;-;-;;;;;
44;1001;1.jpg;Saccade;17301,98321;28,8;-;8.1;517.1;;15;;;
45;1001;1.jpg;Saccade;8640,081961;27,2;-;10.6;755.5;;15;;;
46;1001;1.jpg;Saccade;12456,04737;35,2;-;15.5;935.0;;15;;;
47;1001;1.jpg;Saccade;16780,26741;22,4;-;7.7;692.6;;15;;;
48;1001;1.jpg;Saccade;3529,355516;27,2;-;7.1;650.4;;15;;;
49;1001;1.jpg;Fissazione;6651,497115;340;-;-;-;;;;;
50;1001;1.jpg;Saccade;6883,209494;70,4;-;25.2;977.4;;15;;;
51;1001;1.jpg;Saccade;2167,435761;36;-;32.4;2009.2;;15;;;
52;1001;1.jpg;Saccade;28519,42257;26,4;-;11.5;1098.9;;15;;;
53;1001;1.jpg;Saccade;2476,242688;25,6;-;6.8;495.1;;15;;;
54;1001;1.jpg;Saccade;21505,20024;44;-;19.1;1329.9;;15;;;
55;1001;1.jpg;Saccade;1639,295106;29,6;-;1.6;91.3;;15;;;
56;1001;1.jpg;Saccade;15118,81946;87,2;-;55.5;1952.3;;15;;;
57;1001;1.jpg;Saccade;9566,213292;24;-;3.7;346.5;;15;;;
58;1001;1.jpg;Saccade;11555,64299;48,8;-;32.6;1876.7;;15;;;
59;1001;1.jpg;Saccade;19974,28426;25,6;-;20.4;2027.7;;15;;;
60;1001;1.jpg;Saccade;10166,0844;32,8;-;13.3;1072.5;;15;;;
61;1001;1.jpg;Saccade;5868,448837;25,6;-;9.4;575.7;;15;;;
62;1001;1.jpg;Saccade;10528,73964;32,8;-;9.0;642.7;;15;;;
63;1001;1.jpg;Saccade;24943,37858;24;-;8.4;573.9;;15;;;
64;1001;1.jpg;Saccade;5517,866384;41,6;-;15.7;878.6;;15;;;
65;1001;1.jpg;Saccade;22818,64057;27,2;-;20.0;1688.6;;15;;;
66;1001;1.jpg;Saccade;14970,09478;24,8;-;16.3;1662.5;;15;;;
67;1001;1.jpg;Fissazione;12336,4792;264,8;-;-;-;;;;;
68;1001;1.jpg;Fissazione;10440,05585;63,2;-;-;-;;;;;
69;1001;1.jpg;Saccade;24111,15438;23,2;-;21.2;1938.5;;15;;;
70;1001;1.jpg;Fissazione;7596,762029;369,6;-;-;-;;;;;
71;1001;1.jpg;Fissazione;5682,966001;63,2;-;-;-;;;;;
72;1001;1.jpg;Saccade;8966,551641;32,8;-;9.9;587.8;;15;;;
73;1001;1.jpg;Saccade;7796,968251;60,8;-;20.7;1330.6;;15;;;
74;1001;1.jpg;Saccade;19913,94323;44,8;-;2.4;129.0;;15;;;
75;1001;1.jpg;Saccade;14429,69446;24;-;7.6;557.5;;15;;;
76;1001;1.jpg;Saccade;11115,60517;32,8;-;16.6;1277.4;;15;;;
77;1001;1.jpg;Saccade;6818,693736;67,2;-;17.3;833.4;;15;;;
78;1001;1.jpg;Fissazione;31146,45831;175,2;-;-;-;;;;;
79;1001;1.jpg;Fissazione;12680,08311;101,6;-;-;-;;;;;
80;1001;1.jpg;Saccade;8913,562775;23,2;-;12.2;973.2;;15;;;
81;1001;1.jpg;Fissazione;19946,09137;112;-;-;-;;;;;
82;1001;1.jpg;Saccade;9904,042056;22,4;-;4.8;240.9;;15;;;
83;1001;1.jpg;Saccade;8938,479046;36;-;20.9;1601.4;;15;;;
84;1001;1.jpg;Saccade;11096,0657;39,2;-;23.4;1505.0;;15;;;
85;1001;1.jpg;Saccade;19454,52045;22,4;-;6.8;675.8;;15;;;
86;1001;1.jpg;Saccade;13155,76825;44;-;1.4;68.0;;15;;;
87;1001;1.jpg;Saccade;3040,513533;29,6;-;9.5;631.0;;15;;;
88;1001;1.jpg;Saccade;825,612124;24;-;6.9;732.0;;15;;;
89;1001;1.jpg;Fissazione;578,2521917;51,2;-;-;-;;;;;
90;1001;1.jpg;Saccade;7929,931442;58,4;-;20.8;1006.5;;15;;;
91;1001;1.jpg;Saccade;6668,511305;22,4;-;7.8;672.6;;15;;;
92;1001;1.jpg;Saccade;8908,593245;32,8;-;21.7;1388.6;;15;;;
93;1001;1.jpg;Saccade;8536,376961;32,8;-;1.1;79.5;;15;;;
94;1001;1.jpg;Saccade;2848,028626;63,2;-;23.3;1289.9;;15;;;
95;1001;1.jpg;Saccade;25221,39219;27,2;-;12.9;1033.0;;15;;;
96;1001;1.jpg;Saccade;459,485096;34,4;-;14.4;1205.6;;15;;;
97;1001;1.jpg;Saccade;539,576185;45,6;-;14.9;887.0;;15;;;
98;1001;1.jpg;Saccade;17464,33717;51,2;-;4.5;153.7;;15;;;
99;1001;1.jpg;Saccade;7114,977126;45,6;-;17.4;954.0;;15;;;
100;1001;2.jpg;Saccade;3083,938768;27,2;-;7.1;650.4;;15;;;
101;1001;2.jpg;Saccade;727,8255996;24;-;6.9;732.0;;15;;;
102;1001;2.jpg;Saccade;15731,47413;22,4;-;6.1;396.4;;15;;;
103;1001;2.jpg;Saccade;6595,369068;22,4;-;7.8;672.6;;15;;;
104;1001;2.jpg;Saccade;13668,22156;59,2;-;22.9;1454.1;;15;;;
105;1001;2.jpg;Fissazione;1822,680011;460,8;-;-;-;;;;;
106;1001;2.jpg;Saccade;6222,600693;28;-;9.0;675.6;;15;;;
107;1001;2.jpg;Saccade;7301,764339;50,4;-;20.7;1398.1;;15;;;
108;1001;2.jpg;Fissazione;13675,07635;148,8;-;-;-;;;;;
109;1001;2.jpg;Saccade;13273,06347;87,2;-;55.5;1952.3;;15;;;
110;1001;2.jpg;Saccade;7621,702948;70,4;-;25.2;977.4;;15;;;
111;1001;2.jpg;Saccade;319,4840425;24,8;-;14.7;1053.0;;15;;;
112;1001;2.jpg;Saccade;1834,24053;39,2;-;7.9;536.1;;15;;;
113;1001;2.jpg;Fissazione;20794,93401;112;-;-;-;;;;;
114;1001;2.jpg;Fissazione;8000,490151;203,2;-;-;-;;;;;
115;1001;2.jpg;Saccade;30781,13893;90,4;-;4.4;148.5;;15;;;
116;1001;2.jpg;Saccade;33699,01517;28;-;11.6;884.4;;15;;;
117;1001;2.jpg;Fissazione;8045,935336;340;-;-;-;;;;;
118;1001;2.jpg;Saccade;5580,665701;30,4;-;26.5;1699.7;;15;;;
119;1001;2.jpg;Saccade;5105,297187;24,8;-;10.3;1190.2;;15;;;
120;1001;2.jpg;Fissazione;19167,09727;128;-;-;-;;;;;
121;1001;2.jpg;Saccade;8573,835696;30,4;-;14.6;1012.8;;15;;;
122;1001;2.jpg;Fissazione;6215,633043;369,6;-;-;-;;;;;
123;1001;2.jpg;Saccade;23184,19782;38,4;-;22.4;1287.3;;15;;;
124;1001;2.jpg;Saccade;27020,66273;45,6;-;11.7;623.4;;15;;;
125;1001;3.jpg;Saccade;25539,90246;29,6;-;6.8;506.7;;15;;;
126;1001;3.jpg;Fissazione;13661,90016;91,2;-;-;-;;;;;
127;1001;3.jpg;Saccade;28514,88749;32;-;3.3;108.3;;15;;;
128;1001;3.jpg;Saccade;3060,583467;27,2;-;7.1;650.4;;15;;;
129;1001;3.jpg;Fissazione;1458,627238;117,6;-;-;-;;;;;
130;1001;3.jpg;Saccade;10189,81455;22,4;-;4.8;240.9;;15;;;
131;1001;3.jpg;Saccade;12831,8963;35,2;-;15.5;935.0;;15;;;
132;1001;3.jpg;Saccade;4459,907186;23,2;-;13.2;721.6;;15;;;
133;1001;3.jpg;Saccade;9825,59342;23,2;-;12.2;973.2;;15;;;
134;1001;3.jpg;Saccade;18667,55604;28,8;-;8.1;517.1;;15;;;
135;1001;3.jpg;Saccade;8988,687806;36;-;20.9;1601.4;;15;;;
136;1001;3.jpg;Saccade;7373,708726;45,6;-;17.4;954.0;;15;;;
137;1001;3.jpg;Saccade;10269,45767;32,8;-;13.3;1072.5;;15;;;
138;1001;3.jpg;Saccade;9322,763157;53,6;-;24.1;1367.1;;15;;;
139;1001;3.jpg;Saccade;18649,47321;44,8;-;2.4;129.0;;15;;;
140;1001;3.jpg;Saccade;13239,46415;26,4;-;10.3;914.0;;15;;;
141;1001;3.jpg;Saccade;12733,89928;44;-;1.4;68.0;;15;;;
142;1001;3.jpg;Saccade;5966,297023;58,4;-;26.1;1165.6;;15;;;
143;1001;3.jpg;Fissazione;21235,65746;294,4;-;-;-;;;;;
144;1001;3.jpg;Saccade;19129,88006;36,8;-;15.2;699.5;;15;;;
145;1001;3.jpg;Saccade;19650,59605;23,2;-;9.5;976.9;;15;;;
146;1001;3.jpg;Saccade;5011,954158;41,6;-;15.7;878.6;;15;;;
147;1001;3.jpg;Saccade;28034,30244;51,2;-;5.2;293.5;;15;;;
148;1001;3.jpg;Saccade;7921,219903;28,8;-;15.6;1161.7;;15;;;
149;1001;3.jpg;Fissazione;6596,16376;369,6;-;-;-;;;;;
150;1001;3.jpg;Saccade;18626,11784;51,2;-;4.5;153.7;;15;;;
151;1001;3.jpg;Saccade;2870,095289;32,8;-;14.3;1019.5;;15;;;
152;1001;3.jpg;Saccade;23486,85661;22,4;-;4.0;197.1;;15;;;
153;1001;3.jpg;Fissazione;1174,70625;215,2;-;-;-;;;;;
154;1001;1.jpg;Saccade;11372,95353;28,9;-;15.7;1161.8;;15;;;
155;1001;1.jpg;Saccade;11362,91307;42,5;-;18.2;1156.10;;15;;;
156;1001;1.jpg;Saccade;11352,87261;22,5;-;10.3;968.8;;15;;;
157;1002;1.jpg;Saccade;2512,393224;27,2;-;7.1;650.4;;15;;;
158;1002;1.jpg;Fissazione;864,3008214;121,6;-;-;-;;;;;
159;1002;1.jpg;Saccade;1741,825688;42,4;-;1.5;65.7;;15;;;
160;1002;1.jpg;Saccade;1530,909179;49,6;-;5.3;207.5;;15;;;
161;1002;1.jpg;Saccade;5964,55607;67,2;-;17.3;833.4;;15;;;
162;1002;1.jpg;Saccade;19311,98078;28,8;-;21.8;2131.8;;15;;;
163;1002;1.jpg;Saccade;33863,68051;52;-;19.6;1348.3;;15;;;
164;1002;1.jpg;Saccade;7228,389896;58,4;-;26.1;1165.6;;15;;;
165;1002;1.jpg;Fissazione;21448,53291;102,4;-;-;-;;;;;
166;1002;1.jpg;Saccade;18687,1305;22,4;-;6.1;396.4;;15;;;
167;1002;1.jpg;Saccade;28336,26587;32;-;3.3;108.3;;15;;;
168;1002;1.jpg;Fissazione;1515,288813;215,2;-;-;-;;;;;
169;1002;1.jpg;Saccade;20950,5269;24;-;8.4;573.9;;15;;;
170;1002;1.jpg;Saccade;15028,98189;39,2;-;23.5;1731.4;;15;;;
171;1002;1.jpg;Saccade;4152,560124;25,6;-;8.3;601.6;;15;;;
172;1002;1.jpg;Fissazione;10779,97119;264,8;-;-;-;;;;;
173;1002;1.jpg;Fissazione;11097,69834;63,2;-;-;-;;;;;
174;1002;1.jpg;Saccade;593,4232248;45,6;-;14.9;887.0;;15;;;
175;1002;1.jpg;Fissazione;23667,87369;140;-;-;-;;;;;
176;1002;1.jpg;Saccade;9677,911965;29,6;-;15.1;1262.8;;15;;;
177;1002;1.jpg;Fissazione;8844,042354;352;-;-;-;;;;;
178;1002;1.jpg;Saccade;1613,285584;39,2;-;7.9;536.1;;15;;;
179;1002;1.jpg;Saccade;5442,400863;41,6;-;15.7;878.6;;15;;;
180;1002;1.jpg;Saccade;12198,14568;58,4;-;8.2;378.7;;15;;;
181;1002;1.jpg;Saccade;9493,974637;23,2;-;12.2;973.2;;15;;;
182;1002;1.jpg;Saccade;29972,18247;40;-;14.9;1083.8;;15;;;
183;1002;1.jpg;Fissazione;13247,07681;166,4;-;-;-;;;;;
184;1002;1.jpg;Saccade;6960,634459;30,4;-;26.5;1699.7;;15;;;
185;1002;1.jpg;Saccade;6115,683902;50,4;-;20.7;1398.1;;15;;;
186;1002;1.jpg;Fissazione;13327,39115;257,6;-;-;-;;;;;
187;1002;1.jpg;Saccade;9850,383425;49,6;-;42.6;2043.6;;15;;;
188;1002;1.jpg;Saccade;25046,71718;27,2;-;20.0;1688.6;;15;;;
189;1002;1.jpg;Saccade;22637,7408;23,2;-;9.5;976.9;;15;;;
190;1002;1.jpg;Fissazione;34886,93775;209,6;-;-;-;;;;;
191;1002;1.jpg;Fissazione;7790,371024;340;-;-;-;;;;;
192;1002;1.jpg;Fissazione;7069,316139;154,4;-;-;-;;;;;
193;1002;1.jpg;Saccade;4135,351692;23,2;-;13.2;721.6;;15;;;
194;1002;1.jpg;Saccade;11779,71836;44;-;1.4;68.0;;15;;;
195;1002;1.jpg;Saccade;7578,605321;42,4;-;18.1;1156.9;;15;;;
196;1002;1.jpg;Saccade;23615,75375;27,2;-;12.9;1033.0;;15;;;
197;1002;1.jpg;Saccade;9957,928256;22,4;-;4.8;240.9;;15;;;
198;1002;1.jpg;Saccade;5016,812923;22,4;-;6.6;569.1;;15;;;
199;1002;1.jpg;Saccade;30023,98209;28;-;11.6;884.4;;15;;;
200;1002;1.jpg;Fissazione;4263,410452;1036;-;-;-;;;;;
201;1002;1.jpg;Saccade;11208,5875;28,8;-;8.8;565.7;;15;;;
202;1002;1.jpg;Saccade;8807,574915;36;-;20.9;1601.4;;15;;;
203;1002;1.jpg;Saccade;27660,2655;31,2;-;11.8;1263.2;;15;;;
204;1002;1.jpg;Saccade;6861,644919;22,4;-;7.8;672.6;;15;;;
205;1002;1.jpg;Saccade;19278,82189;28;-;7.5;664.5;;15;;;
206;1002;1.jpg;Saccade;5937,915688;24,8;-;10.3;1190.2;;15;;;
207;1002;1.jpg;Saccade;9805,113653;22,4;-;10.2;968.7;;15;;;
208;1002;1.jpg;Saccade;6566,209345;22,4;-;3.9;267.1;;15;;;
209;1002;1.jpg;Fissazione;12594,1731;360,8;-;-;-;;;;;
210;1002;1.jpg;Saccade;9710,22974;32,8;-;16.6;1277.4;;15;;;
211;1002;1.jpg;Saccade;331,4721644;24,8;-;14.7;1053.0;;15;;;
212;1002;1.jpg;Saccade;11383,30616;48,8;-;32.6;1876.7;;15;;;
213;1002;1.jpg;Saccade;15969,7308;24;-;7.6;557.5;;15;;;
214;1002;1.jpg;Saccade;6200,568429;28;-;9.0;675.6;;15;;;
215;1002;1.jpg;Saccade;20055,67707;25,6;-;20.4;2027.7;;15;;;
216;1002;1.jpg;Fissazione;13406,46231;101,6;-;-;-;;;;;
217;1002;1.jpg;Saccade;16513,57824;36,8;-;15.2;699.5;;15;;;
218;1002;1.jpg;Saccade;2450,9736;22,4;-;9.3;777.1;;15;;;
219;1002;1.jpg;Fissazione;14067,36403;120,8;-;-;-;;;;;
220;1002;1.jpg;Saccade;1076,183827;54,4;-;16.9;1056.0;;15;;;
221;1002;1.jpg;Saccade;19780,55424;24;-;10.9;1075.9;;15;;;
222;1002;1.jpg;Saccade;19449,79646;51,2;-;4.5;153.7;;15;;;
223;1002;1.jpg;Fissazione;19174,36446;294,4;-;-;-;;;;;
224;1002;1.jpg;Saccade;2920,154514;32;-;10.6;1054.0;;15;;;
225;1002;1.jpg;Saccade;5484,578403;25,6;-;9.9;723.3;;15;;;
226;1002;1.jpg;Saccade;24731,99198;38,4;-;22.4;1287.3;;15;;;
227;1002;1.jpg;Saccade;9387,654006;53,6;-;24.1;1367.1;;15;;;
228;1002;1.jpg;Fissazione;677,1492768;51,2;-;-;-;;;;;
229;1002;1.jpg;Saccade;9052,642432;30,4;-;14.6;1012.8;;15;;;
230;1002;1.jpg;Saccade;7577,505358;32,8;-;21.7;1388.6;;15;;;
231;1002;1.jpg;Saccade;516,0977832;34,4;-;14.4;1205.6;;15;;;
232;1002;1.jpg;Saccade;20042,1093;28,8;-;8.1;517.1;;15;;;
233;1002;1.jpg;Saccade;14377,62721;92;-;50.7;1483.9;;15;;;
234;1002;1.jpg;Saccade;35706,78601;51,2;-;5.2;293.5;;15;;;
235;1002;1.jpg;Saccade;33464,70858;90,4;-;4.4;148.5;;15;;;
236;1002;1.jpg;Fissazione;10909,72664;91,2;-;-;-;;;;;
237;1002;1.jpg;Saccade;9462,160949;75,2;-;70.9;2061.7;;15;;;
238;1002;1.jpg;Saccade;12360,9356;32,8;-;9.0;642.7;;15;;;
239;1002;1.jpg;Fissazione;7083,619859;203,2;-;-;-;;;;;
240;1002;1.jpg;Saccade;8262,17001;32,8;-;9.9;587.8;;15;;;
241;1002;1.jpg;Fissazione;18909,58097;112;-;-;-;;;;;
242;1002;1.jpg;Saccade;13606,33063;87,2;-;55.5;1952.3;;15;;;
243;1002;1.jpg;Fissazione;1627,979405;460,8;-;-;-;;;;;
244;1002;1.jpg;Saccade;2520,021904;36;-;32.4;2009.2;;15;;;
245;1002;1.jpg;Saccade;7153,310687;45,6;-;17.4;954.0;;15;;;
246;1002;1.jpg;Saccade;26288,48583;45,6;-;11.7;623.4;;15;;;
247;1002;1.jpg;Saccade;17589,99502;52,8;-;3.4;109.8;;15;;;
248;1002;1.jpg;Saccade;2069,170359;51,2;-;1.4;40.7;;15;;;
249;1002;1.jpg;Saccade;6852,341096;28,8;-;15.6;1161.7;;15;;;
250;1002;1.jpg;Saccade;3344,827057;29,6;-;9.5;631.0;;15;;;
251;1002;1.jpg;Saccade;2733,496625;25,6;-;6.8;495.1;;15;;;
252;1002;1.jpg;Fissazione;5661,354237;63,2;-;-;-;;;;;
253;1002;1.jpg;Fissazione;17053,50383;128;-;-;-;;;;;
254;1002;1.jpg;Saccade;16299,79007;24;-;0.9;73.8;;15;;;
255;1002;1.jpg;Saccade;11322,3971;28;-;6.9;637.2;;15;;;
256;1002;1.jpg;Saccade;13306,59722;32;-;1.3;85.3;;15;;;
257;1002;1.jpg;Saccade;14102,16089;24,8;-;16.3;1662.5;;15;;;
258;1002;1.jpg;Saccade;22299,53608;22,4;-;6.8;675.8;;15;;;
259;1002;1.jpg;Fissazione;12864,0293;143,2;-;-;-;;;;;
260;1002;1.jpg;Fissazione;29924,67479;818,4;-;-;-;;;;;
261;1002;1.jpg;Fissazione;26479,86764;128;-;-;-;;;;;
262;1002;1.jpg;Saccade;5693,785755;25,6;-;9.4;575.7;;15;;;
263;1002;1.jpg;Saccade;8021,39174;27,2;-;10.6;755.5;;15;;;
264;1002;1.jpg;Saccade;11066,7789;26,4;-;10.3;914.0;;15;;;
265;1002;2.jpg;Fissazione;33793,04646;209,6;-;-;-;;;;;
266;1002;2.jpg;Saccade;5113,589378;25,6;-;9.9;723.3;;15;;;
267;1002;2.jpg;Saccade;32944,03367;51,2;-;5.2;293.5;;15;;;
268;1002;2.jpg;Saccade;21915,61458;24;-;0.9;73.8;;15;;;
269;1002;2.jpg;Saccade;9449,538983;29,6;-;15.1;1262.8;;15;;;
270;1002;2.jpg;Saccade;10792,54591;32,8;-;16.6;1277.4;;15;;;
271;1002;2.jpg;Saccade;20900,12562;44,8;-;33.3;1772.5;;15;;;
272;1002;2.jpg;Saccade;6036,391334;70,4;-;25.2;977.4;;15;;;
273;1002;2.jpg;Saccade;18221,19109;22,4;-;6.1;396.4;;15;;;
274;1002;2.jpg;Saccade;24794,68514;32;-;1.5;89.0;;15;;;
275;1002;2.jpg;Fissazione;16732,41494;140;-;-;-;;;;;
276;1002;2.jpg;Saccade;31499,23128;31,2;-;11.8;1263.2;;15;;;
277;1002;2.jpg;Saccade;14432,62683;22,4;-;7.7;692.6;;15;;;
278;1002;2.jpg;Fissazione;31503,37073;175,2;-;-;-;;;;;
279;1002;2.jpg;Saccade;6274,262657;30,4;-;26.5;1699.7;;15;;;
280;1002;2.jpg;Saccade;5525,18658;24,8;-;10.3;1190.2;;15;;;
281;1002;2.jpg;Saccade;5659,553574;28,8;-;15.6;1161.7;;15;;;
282;1002;2.jpg;Saccade;8665,576908;36;-;20.9;1601.4;;15;;;
283;1002;2.jpg;Saccade;6271,859595;25,6;-;12.4;705.1;;15;;;
284;1002;2.jpg;Saccade;2206,17808;22,4;-;9.3;777.1;;15;;;
285;1002;2.jpg;Saccade;17047,51915;44;-;19.1;1329.9;;15;;;
286;1002;2.jpg;Saccade;5978,075524;25,6;-;9.4;575.7;;15;;;
287;1002;2.jpg;Saccade;23598,69914;27,2;-;20.0;1688.6;;15;;;
288;1002;2.jpg;Saccade;540,4027337;45,6;-;14.9;887.0;;15;;;
289;1002;2.jpg;Saccade;13473,41626;35,2;-;15.5;935.0;;15;;;
290;1002;2.jpg;Saccade;7263,228037;62,4;-;19.5;1628.1;;15;;;
291;1002;2.jpg;Saccade;9886,315463;49,6;-;42.6;2043.6;;15;;;
292;1002;2.jpg;Saccade;6030,348225;41,6;-;15.7;878.6;;15;;;
293;1002;3.jpg;Saccade;14751,42069;59,2;-;22.9;1454.1;;15;;;
294;1002;3.jpg;Saccade;2894,394193;32;-;10.6;1054.0;;15;;;
295;1002;3.jpg;Saccade;8180,451003;49,6;-;42.6;2043.6;;15;;;
296;1002;3.jpg;Saccade;11169,51255;39,2;-;23.4;1505.0;;15;;;
297;1002;3.jpg;Fissazione;13750,83593;91,2;-;-;-;;;;;
298;1002;3.jpg;Fissazione;34720,45974;175,2;-;-;-;;;;;
299;1002;3.jpg;Fissazione;10501,49109;264,8;-;-;-;;;;;
300;1002;3.jpg;Saccade;13055,31638;44;-;1.4;68.0;;15;;;
301;1002;3.jpg;Saccade;7557,962906;53,6;-;24.1;1367.1;;15;;;
302;1002;3.jpg;Fissazione;8782,159167;352;-;-;-;;;;;
303;1002;3.jpg;Fissazione;6019,76126;154,4;-;-;-;;;;;
304;1002;3.jpg;Saccade;28559,39035;27,2;-;12.9;1033.0;;15;;;
305;1002;3.jpg;Saccade;25091,42923;27,2;-;20.0;1688.6;;15;;;
306;1002;3.jpg;Saccade;5920,097377;30,4;-;26.5;1699.7;;15;;;
307;1002;3.jpg;Fissazione;16123,69885;112;-;-;-;;;;;
308;1002;3.jpg;Saccade;4709,617029;23,2;-;13.2;721.6;;15;;;
309;1002;3.jpg;Saccade;7777,412653;50,4;-;20.7;1398.1;;15;;;
310;1002;3.jpg;Saccade;8700,71203;58,4;-;20.8;1006.5;;15;;;
311;1002;3.jpg;Saccade;3168,741745;32,8;-;14.3;1019.5;;15;;;
312;1002;3.jpg;Saccade;28000,1793;31,2;-;11.8;1263.2;;15;;;
313;1002;3.jpg;Saccade;19258,95388;51,2;-;4.5;153.7;;15;;;
314;1002;3.jpg;Saccade;19026,42429;36,8;-;15.2;699.5;;15;;;
315;1002;3.jpg;Saccade;12412,22013;24;-;12.9;1275.2;;15;;;
316;1003;1.jpg;Fissazione;10191,44961;63,2;-;-;-;;;;;
317;1003;1.jpg;Saccade;18442,81351;44;-;19.1;1329.9;;15;;;
318;1003;1.jpg;Fissazione;13251,4228;91,2;-;-;-;;;;;
319;1003;1.jpg;Saccade;9313,662285;27,2;-;10.6;755.5;;15;;;
320;1003;1.jpg;Saccade;9146,142442;29,6;-;12.2;951.2;;15;;;
321;1003;1.jpg;Saccade;20459,7282;24;-;6.9;707.3;;15;;;
322;1003;1.jpg;Fissazione;6878,42181;154,4;-;-;-;;;;;
323;1003;1.jpg;Fissazione;812,1712966;121,6;-;-;-;;;;;
324;1003;1.jpg;Fissazione;32648,81836;818,4;-;-;-;;;;;
325;1003;1.jpg;Fissazione;7177,588831;340;-;-;-;;;;;
326;1003;1.jpg;Fissazione;6626,296906;369,6;-;-;-;;;;;
327;1003;1.jpg;Saccade;9347,352267;53,6;-;24.1;1367.1;;15;;;
328;1003;1.jpg;Saccade;3283,776097;25,6;-;8.3;601.6;;15;;;
329;1003;1.jpg;Fissazione;1306,199952;215,2;-;-;-;;;;;
330;1003;1.jpg;Saccade;27274,35406;27,2;-;20.0;1688.6;;15;;;
331;1003;1.jpg;Saccade;519,7089883;45,6;-;14.9;887.0;;15;;;
332;1003;1.jpg;Saccade;31929,91232;26,4;-;11.5;1098.9;;15;;;
333;1003;1.jpg;Fissazione;11389,40136;257,6;-;-;-;;;;;
334;1003;1.jpg;Saccade;6476,397853;22,4;-;7.8;672.6;;15;;;
335;1003;1.jpg;Saccade;5933,47912;22,4;-;6.6;569.1;;15;;;
336;1003;1.jpg;Saccade;8418,246691;60,8;-;20.7;1330.6;;15;;;
337;1003;1.jpg;Saccade;6942,03968;30,4;-;26.5;1699.7;;15;;;
338;1003;1.jpg;Saccade;1031,201322;54,4;-;16.9;1056.0;;15;;;
339;1003;1.jpg;Saccade;9591,359879;32,8;-;9.0;642.7;;15;;;
340;1003;1.jpg;Saccade;38544,67156;51,2;-;5.2;293.5;;15;;;
341;1003;1.jpg;Saccade;14216,08036;92;-;50.7;1483.9;;15;;;
342;1003;1.jpg;Fissazione;10906,01459;166,4;-;-;-;;;;;
343;1003;1.jpg;Fissazione;26433,56966;128;-;-;-;;;;;
344;1003;1.jpg;Saccade;26222,22879;28;-;11.6;884.4;;15;;;
345;1003;1.jpg;Fissazione;1630,647838;460,8;-;-;-;;;;;
346;1003;1.jpg;Saccade;9734,062597;22,4;-;10.2;968.7;;15;;;
347;1003;1.jpg;Fissazione;649,0773758;51,2;-;-;-;;;;;
348;1003;1.jpg;Fissazione;18666,73002;294,4;-;-;-;;;;;
349;1003;1.jpg;Saccade;1973,498951;39,2;-;7.9;536.1;;15;;;
350;1003;1.jpg;Saccade;26663,71728;45,6;-;11.7;623.4;;15;;;
351;1003;1.jpg;Saccade;2990,215365;63,2;-;23.3;1289.9;;15;;;
352;1003;1.jpg;Saccade;23235,95262;22,4;-;4.0;197.1;;15;;;
353;1003;1.jpg;Fissazione;1688,410414;117,6;-;-;-;;;;;
354;1003;1.jpg;Saccade;11997,27459;35,2;-;15.5;935.0;;15;;;
355;1003;1.jpg;Saccade;8476,411864;30,4;-;14.6;1012.8;;15;;;
356;1003;1.jpg;Saccade;8071,628158;32,8;-;21.7;1388.6;;15;;;
357;1003;1.jpg;Saccade;20669,85182;43,2;-;7.3;404.4;;15;;;
358;1003;1.jpg;Fissazione;8752,664088;352;-;-;-;;;;;
359;1003;1.jpg;Saccade;6060,674149;25,6;-;12.4;705.1;;15;;;
360;1003;1.jpg;Saccade;9742,611252;26,4;-;17.7;1300.4;;15;;;
361;1003;1.jpg;Saccade;29292,2257;32;-;3.3;108.3;;15;;;
362;1003;1.jpg;Saccade;7281,11713;50,4;-;20.7;1398.1;;15;;;
363;1003;1.jpg;Fissazione;8973,167755;203,2;-;-;-;;;;;
364;1003;1.jpg;Saccade;13591,80731;87,2;-;55.5;1952.3;;15;;;
365;1003;1.jpg;Saccade;9442,211592;29,6;-;15.1;1262.8;;15;;;
366;1003;1.jpg;Saccade;752,7070195;24;-;6.9;732.0;;15;;;
367;1003;1.jpg;Saccade;2994,135967;32;-;10.6;1054.0;;15;;;
368;1003;1.jpg;Saccade;1475,085628;49,6;-;5.3;207.5;;15;;;
369;1003;1.jpg;Fissazione;6813,690757;658,4;-;-;-;;;;;
370;1003;1.jpg;Saccade;320,9945917;24,8;-;14.7;1053.0;;15;;;
371;1003;1.jpg;Saccade;26786,56661;40;-;14.9;1083.8;;15;;;
372;1003;1.jpg;Saccade;2854,07212;25,6;-;6.8;495.1;;15;;;
373;1003;1.jpg;Saccade;11744,59375;28,8;-;8.8;565.7;;15;;;
374;1003;1.jpg;Saccade;8157,623954;58,4;-;20.8;1006.5;;15;;;
375;1003;1.jpg;Saccade;18943,04318;23,2;-;9.5;976.9;;15;;;
376;1003;1.jpg;Saccade;23473,80374;44,8;-;33.3;1772.5;;15;;;
377;1003;1.jpg;Saccade;13640,22394;24;-;7.6;557.5;;15;;;
378;1003;1.jpg;Saccade;10985,12428;32,8;-;16.6;1277.4;;15;;;
379;1003;1.jpg;Saccade;27094,47277;23,2;-;21.2;1938.5;;15;;;
380;1003;1.jpg;Saccade;9634,372407;23,2;-;12.2;973.2;;15;;;
381;1003;1.jpg;Saccade;33254,98625;31,2;-;11.8;1263.2;;15;;;
382;1003;1.jpg;Saccade;7067,557735;45,6;-;17.4;954.0;;15;;;
383;1003;1.jpg;Saccade;26737,15494;27,2;-;12.9;1033.0;;15;;;
384;1003;1.jpg;Saccade;12077,12663;28;-;6.9;637.2;;15;;;
385;1003;1.jpg;Saccade;10251,76489;39,2;-;23.4;1505.0;;15;;;
386;1003;1.jpg;Saccade;8340,0179;42,4;-;18.1;1156.9;;15;;;
387;1003;1.jpg;Saccade;6971,84891;70,4;-;25.2;977.4;;15;;;
388;1003;1.jpg;Saccade;17858,93155;36,8;-;15.2;699.5;;15;;;
389;1003;1.jpg;Saccade;10212,82636;22,4;-;4.8;240.9;;15;;;
390;1003;1.jpg;Saccade;29204,99362;29,6;-;6.8;506.7;;15;;;
391;1003;1.jpg;Saccade;34379,92597;52;-;19.6;1348.3;;15;;;
392;1003;1.jpg;Saccade;4778,814008;25,6;-;9.9;723.3;;15;;;
393;1003;1.jpg;Saccade;11552,22217;39,2;-;23.0;1652.6;;15;;;
394;1003;1.jpg;Saccade;5296,849723;24;-;11.0;710.5;;15;;;
395;1003;1.jpg;Fissazione;10848,1189;101,6;-;-;-;;;;;
396;1003;1.jpg;Saccade;6308,396377;58,4;-;26.1;1165.6;;15;;;
397;1003;1.jpg;Fissazione;12484,56762;143,2;-;-;-;;;;;
398;1003;1.jpg;Saccade;1919,620215;51,2;-;1.4;40.7;;15;;;
399;1003;1.jpg;Saccade;11433,98706;44;-;1.4;68.0;;15;;;
400;1003;1.jpg;Saccade;22231,32009;24;-;8.4;573.9;;15;;;
401;1003;1.jpg;Saccade;12521,94086;26,4;-;10.3;914.0;;15;;;
402;1003;1.jpg;Saccade;12232,74446;29,6;-;21.5;1887.2;;15;;;
403;1003;1.jpg;Saccade;17900,87718;51,2;-;4.5;153.7;;15;;;
404;1003;1.jpg;Fissazione;10754,97842;360,8;-;-;-;;;;;
405;1003;1.jpg;Saccade;6629,458967;28;-;9.0;675.6;;15;;;
406;1003;1.jpg;Saccade;24325,69371;38,4;-;22.4;1287.3;;15;;;
407;1003;1.jpg;Saccade;2336,200287;22,4;-;9.3;777.1;;15;;;
408;1003;1.jpg;Saccade;19270,81877;22,4;-;6.8;675.8;;15;;;
409;1003;1.jpg;Saccade;17437,78444;28;-;7.5;664.5;;15;;;
410;1003;1.jpg;Fissazione;23643,21198;102,4;-;-;-;;;;;
411;1003;1.jpg;Saccade;10260,04705;32,8;-;13.3;1072.5;;15;;;
412;1003;1.jpg;Saccade;11947,77918;25,6;-;6.3;627.6;;15;;;
413;1003;1.jpg;Saccade;1897,901933;42,4;-;1.5;65.7;;15;;;
414;1003;1.jpg;Saccade;9155,682221;24;-;3.7;346.5;;15;;;
415;1003;1.jpg;Fissazione;13425,00657;264,8;-;-;-;;;;;
416;1003;1.jpg;Saccade;10046,19299;75,2;-;70.9;2061.7;;15;;;
417;1003;1.jpg;Saccade;493,6492344;34,4;-;14.4;1205.6;;15;;;
418;1003;2.jpg;Saccade;26142,81432;22,4;-;4.0;197.1;;15;;;
419;1003;2.jpg;Saccade;5730,967869;41,6;-;15.7;878.6;;15;;;
420;1003;2.jpg;Saccade;6166,740848;30,4;-;26.5;1699.7;;15;;;
421;1003;2.jpg;Saccade;2399,09849;22,4;-;9.3;777.1;;15;;;
422;1003;2.jpg;Saccade;11329,5607;22,4;-;4.8;240.9;;15;;;
423;1003;2.jpg;Saccade;22716,33266;24;-;8.4;573.9;;15;;;
424;1003;2.jpg;Saccade;13312,17586;32;-;1.3;85.3;;15;;;
425;1003;2.jpg;Saccade;7109,074127;60,8;-;20.7;1330.6;;15;;;
426;1003;2.jpg;Saccade;32673,87154;90,4;-;4.4;148.5;;15;;;
427;1003;2.jpg;Saccade;18240,19222;24;-;0.9;73.8;;15;;;
428;1003;2.jpg;Saccade;18302,30746;28,8;-;21.8;2131.8;;15;;;
429;1003;2.jpg;Saccade;1727,609695;49,6;-;5.3;207.5;;15;;;
430;1003;2.jpg;Fissazione;18596,56048;112;-;-;-;;;;;
431;1003;2.jpg;Saccade;9026,638414;58,4;-;20.8;1006.5;;15;;;
432;1003;2.jpg;Saccade;10969,91661;32,8;-;13.3;1072.5;;15;;;
433;1003;2.jpg;Fissazione;8087,02554;203,2;-;-;-;;;;;
434;1003;2.jpg;Saccade;18362,12351;44,8;-;33.3;1772.5;;15;;;
435;1003;2.jpg;Saccade;9334,791671;36;-;20.9;1601.4;;15;;;
436;1003;2.jpg;Saccade;10853,42348;29,6;-;15.1;1262.8;;15;;;
437;1003;2.jpg;Saccade;9057,267265;42,4;-;18.1;1156.9;;15;;;
438;1003;2.jpg;Fissazione;638,3547228;51,2;-;-;-;;;;;
439;1003;2.jpg;Saccade;11119,14242;26,4;-;17.7;1300.4;;15;;;
440;1003;2.jpg;Saccade;9157,282029;53,6;-;24.1;1367.1;;15;;;
441;1003;2.jpg;Saccade;30699,01532;29,6;-;6.8;506.7;;15;;;
442;1003;2.jpg;Saccade;10328,11921;29,6;-;12.2;951.2;;15;;;
443;1003;2.jpg;Fissazione;14193,92446;101,6;-;-;-;;;;;
444;1003;2.jpg;Saccade;17679,24389;25,6;-;20.4;2027.7;;15;;;
445;1003;2.jpg;Fissazione;25417,11507;128;-;-;-;;;;;
446;1003;2.jpg;Saccade;11565,90772;48,8;-;32.6;1876.7;;15;;;
447;1003;2.jpg;Saccade;11695,3887;26,4;-;10.3;914.0;;15;;;
448;1003;2.jpg;Saccade;6057,16849;24,8;-;10.3;1190.2;;15;;;
449;1003;2.jpg;Saccade;2096,907571;51,2;-;1.4;40.7;;15;;;
450;1003;2.jpg;Saccade;12440,78009;58,4;-;8.2;378.7;;15;;;
451;1003;2.jpg;Saccade;10698,48179;39,2;-;23.4;1505.0;;15;;;
452;1003;2.jpg;Saccade;14734,15652;23,2;-;7.2;613.7;;15;;;
453;1003;2.jpg;Saccade;8819,861189;32,8;-;21.7;1388.6;;15;;;
454;1003;2.jpg;Saccade;1007,484792;54,4;-;16.9;1056.0;;15;;;
455;1003;2.jpg;Fissazione;15509,75604;120,8;-;-;-;;;;;
456;1003;2.jpg;Saccade;28522,44962;38,4;-;22.4;1287.3;;15;;;
457;1003;2.jpg;Saccade;27483,97155;40;-;14.9;1083.8;;15;;;
458;1003;2.jpg;Saccade;1672,966499;29,6;-;1.6;91.3;;15;;;
459;1003;2.jpg;Saccade;14955,41164;35,2;-;15.5;935.0;;15;;;
460;1003;2.jpg;Saccade;6146,298576;28,8;-;15.6;1161.7;;15;;;
461;1003;2.jpg;Saccade;475,9038895;45,6;-;14.9;887.0;;15;;;
462;1003;3.jpg;Saccade;11753,54111;58,4;-;8.2;378.7;;15;;;
463;1003;3.jpg;Saccade;18851,16174;25,6;-;20.4;2027.7;;15;;;
464;1003;3.jpg;Saccade;30540,25446;52;-;19.6;1348.3;;15;;;
465;1003;3.jpg;Saccade;14046,22553;32;-;1.3;85.3;;15;;;
466;1003;3.jpg;Fissazione;15126,38202;120,8;-;-;-;;;;;
467;1003;3.jpg;Saccade;10952,26633;48,8;-;32.6;1876.7;;15;;;
468;1003;3.jpg;Fissazione;22787,66003;128;-;-;-;;;;;
469;1003;3.jpg;Saccade;25753,52607;38,4;-;22.4;1287.3;;15;;;
470;1003;3.jpg;Saccade;7906,085856;30,4;-;14.6;1012.8;;15;;;
471;1003;3.jpg;Saccade;9581,140432;32,8;-;21.7;1388.6;;15;;;
472;1003;3.jpg;Saccade;2631,322723;32,8;-;14.3;1019.5;;15;;;
473;1003;3.jpg;Fissazione;30276,9895;818,4;-;-;-;;;;;
474;1003;3.jpg;Fissazione;1147,129699;215,2;-;-;-;;;;;
475;1003;3.jpg;Fissazione;8125,393848;340;-;-;-;;;;;
476;1003;3.jpg;Fissazione;10799,15667;143,2;-;-;-;;;;;
477;1003;3.jpg;Saccade;5862,651149;58,4;-;26.1;1165.6;;15;;;
478;1003;3.jpg;Fissazione;12238,84245;63,2;-;-;-;;;;;
479;1003;3.jpg;Saccade;21728,18281;51,2;-;4.5;153.7;;15;;;
480;1003;3.jpg;Saccade;11502,62306;28,8;-;8.8;565.7;;15;;;
481;1003;3.jpg;Saccade;5407,927538;30,4;-;26.5;1699.7;;15;;;
482;1003;3.jpg;Fissazione;9076,314739;658,4;-;-;-;;;;;
483;1003;3.jpg;Fissazione;799,9788863;121,6;-;-;-;;;;;
484;1003;3.jpg;Saccade;12371,07208;22,4;-;4.8;240.9;;15;;;
485;1003;3.jpg;Fissazione;18056,17529;112;-;-;-;;;;;
486;1003;3.jpg;Saccade;9685,042907;36;-;20.9;1601.4;;15;;;
487;1003;3.jpg;Fissazione;34189,12922;209,6;-;-;-;;;;;
488;1003;3.jpg;Saccade;6307,684366;28;-;9.0;675.6;;15;;;
489;1003;3.jpg;Saccade;21829,00945;32;-;1.5;89.0;;15;;;
490;1003;3.jpg;Fissazione;1504,311641;460,8;-;-;-;;;;;
491;1003;3.jpg;Saccade;27891,84901;40;-;14.9;1083.8;;15;;;
492;1003;3.jpg;Saccade;19222,32757;44;-;19.1;1329.9;;15;;;
493;1003;3.jpg;Saccade;21110,17187;44,8;-;33.3;1772.5;;15;;;
494;1003;3.jpg;Saccade;16175,82376;24;-;10.9;1075.9;;15;;;
495;1003;3.jpg;Fissazione;10339,23849;264,8;-;-;-;;;;;
496;1003;3.jpg;Saccade;18519,74192;28;-;7.5;664.5;;15;;;
497;1004;1.jpg;Fissazione;7475,886134;352;-;-;-;;;;;
498;1004;1.jpg;Saccade;14899,67042;24,8;-;16.3;1662.5;;15;;;
499;1004;1.jpg;Saccade;2686,704955;36;-;32.4;2009.2;;15;;;
500;1004;1.jpg;Saccade;9067,577343;49,6;-;42.6;2043.6;;15;;;
501;1004;1.jpg;Saccade;11324,10125;35,2;-;15.5;935.0;;15;;;
502;1004;1.jpg;Saccade;11952,06624;58,4;-;8.2;378.7;;15;;;
503;1004;1.jpg;Saccade;23296,03567;24;-;0.9;73.8;;15;;;
504;1004;1.jpg;Saccade;13695,35904;39,2;-;23.5;1731.4;;15;;;
505;1004;1.jpg;Fissazione;1732,003417;117,6;-;-;-;;;;;
506;1004;1.jpg;Saccade;14753,60827;32;-;1.3;85.3;;15;;;
507;1004;1.jpg;Fissazione;28331,18356;175,2;-;-;-;;;;;
508;1004;1.jpg;Saccade;7002,114827;67,2;-;17.3;833.4;;15;;;
509;1004;1.jpg;Saccade;18804,03085;22,4;-;7.7;692.6;;15;;;
510;1004;1.jpg;Saccade;1107,400089;54,4;-;16.9;1056.0;;15;;;
511;1004;1.jpg;Saccade;21952,884;44;-;19.1;1329.9;;15;;;
512;1004;1.jpg;Saccade;13780,38598;24;-;7.6;557.5;;15;;;
513;1004;1.jpg;Saccade;23044,75325;45,6;-;11.7;623.4;;15;;;
514;1004;1.jpg;Saccade;7684,967724;62,4;-;19.5;1628.1;;15;;;
515;1004;1.jpg;Fissazione;7113,78737;369,6;-;-;-;;;;;
516;1004;1.jpg;Fissazione;32321,47217;818,4;-;-;-;;;;;
517;1004;1.jpg;Saccade;8444,147689;32,8;-;1.1;79.5;;15;;;
518;1004;1.jpg;Fissazione;1747,489195;460,8;-;-;-;;;;;
519;1004;1.jpg;Saccade;11429,51673;28;-;6.9;637.2;;15;;;
520;1004;1.jpg;Saccade;2053,866966;51,2;-;1.4;40.7;;15;;;
521;1004;1.jpg;Saccade;7577,905342;22,4;-;7.8;672.6;;15;;;
522;1004;1.jpg;Saccade;29776,16936;31,2;-;11.8;1263.2;;15;;;
523;1004;1.jpg;Saccade;5874,724107;41,6;-;15.7;878.6;;15;;;
524;1004;1.jpg;Saccade;21287,22662;43,2;-;7.3;404.4;;15;;;
525;1004;1.jpg;Saccade;13009,99325;24;-;12.9;1275.2;;15;;;
526;1004;1.jpg;Saccade;17859,89867;24;-;10.9;1075.9;;15;;;
527;1004;1.jpg;Fissazione;19362,51184;112;-;-;-;;;;;
528;1004;1.jpg;Saccade;29741,92678;51,2;-;5.2;293.5;;15;;;
529;1004;1.jpg;Saccade;779,6472205;44;-;6.0;368.7;;15;;;
530;1004;1.jpg;Saccade;18224,11623;28,8;-;21.8;2131.8;;15;;;
531;1004;1.jpg;Fissazione;12589,57265;101,6;-;-;-;;;;;
532;1004;1.jpg;Saccade;10370,18048;26,4;-;17.7;1300.4;;15;;;
533;1004;1.jpg;Saccade;22572,72705;44,8;-;33.3;1772.5;;15;;;
534;1004;1.jpg;Saccade;10604,1523;32,8;-;9.0;642.7;;15;;;
535;1004;1.jpg;Saccade;1757,855115;49,6;-;5.3;207.5;;15;;;
536;1004;1.jpg;Saccade;7328,679569;22,4;-;3.9;267.1;;15;;;
537;1004;1.jpg;Saccade;7746,085583;58,4;-;26.1;1165.6;;15;;;
538;1004;1.jpg;Fissazione;5675,917687;63,2;-;-;-;;;;;
539;1004;1.jpg;Saccade;17149,98512;28;-;7.5;664.5;;15;;;
540;1004;1.jpg;Saccade;5007,350586;25,6;-;9.9;723.3;;15;;;
541;1004;1.jpg;Saccade;11991,75228;59,2;-;22.9;1454.1;;15;;;
542;1004;1.jpg;Fissazione;589,3155134;51,2;-;-;-;;;;;
543;1004;1.jpg;Saccade;8919,357288;39,2;-;23.0;1652.6;;15;;;
544;1004;1.jpg;Fissazione;12213,49835;166,4;-;-;-;;;;;
545;1004;1.jpg;Fissazione;11822,66862;63,2;-;-;-;;;;;
546;1004;1.jpg;Saccade;2735,489754;25,6;-;6.8;495.1;;15;;;
547;1004;1.jpg;Saccade;2107,437503;22,4;-;9.3;777.1;;15;;;
548;1004;1.jpg;Saccade;34322,74891;40;-;14.9;1083.8;;15;;;
549;1004;1.jpg;Saccade;33253,15549;28;-;11.6;884.4;;15;;;
550;1004;1.jpg;Saccade;5925,099603;25,6;-;12.4;705.1;;15;;;
551;1004;1.jpg;Saccade;5199,901873;24;-;11.0;710.5;;15;;;
552;1004;1.jpg;Saccade;19097,77499;28,8;-;8.1;517.1;;15;;;
553;1004;1.jpg;Saccade;11291,54649;39,2;-;23.4;1505.0;;15;;;
554;1004;1.jpg;Saccade;14045,54847;25,6;-;6.3;627.6;;15;;;
555;1004;1.jpg;Saccade;10233,20087;48,8;-;32.6;1876.7;;15;;;
556;1004;1.jpg;Fissazione;2700,369462;81,6;-;-;-;;;;;
557;1004;1.jpg;Saccade;7170,929297;28,8;-;15.6;1161.7;;15;;;
558;1004;1.jpg;Saccade;5822,09273;70,4;-;25.2;977.4;;15;;;
559;1004;1.jpg;Saccade;26187,3461;38,4;-;22.4;1287.3;;15;;;
560;1004;1.jpg;Saccade;18333,52267;44,8;-;2.4;129.0;;15;;;
561;1004;1.jpg;Fissazione;22664,59968;294,4;-;-;-;;;;;
562;1004;1.jpg;Saccade;6058,208297;50,4;-;20.7;1398.1;;15;;;
563;1004;1.jpg;Saccade;8387,001597;45,6;-;17.4;954.0;;15;;;
564;1004;1.jpg;Saccade;494,4869353;34,4;-;14.4;1205.6;;15;;;
565;1004;1.jpg;Fissazione;13737,67494;148,8;-;-;-;;;;;
566;1004;1.jpg;Saccade;8676,298192;36;-;20.9;1601.4;;15;;;
567;1004;1.jpg;Saccade;3140,622299;29,6;-;9.5;631.0;;15;;;
568;1004;1.jpg;Fissazione;12047,85454;360,8;-;-;-;;;;;
569;1004;1.jpg;Saccade;1612,012928;42,4;-;1.5;65.7;;15;;;
570;1004;1.jpg;Saccade;4185,791247;23,2;-;13.2;721.6;;15;;;
571;1004;1.jpg;Saccade;19810,03942;22,4;-;6.1;396.4;;15;;;
572;1004;1.jpg;Saccade;7686,591369;32,8;-;21.7;1388.6;;15;;;
573;1004;1.jpg;Saccade;9229,647575;75,2;-;70.9;2061.7;;15;;;
574;1004;1.jpg;Saccade;20919,159;52,8;-;3.4;109.8;;15;;;
575;1004;1.jpg;Fissazione;20945,49081;128;-;-;-;;;;;
576;1004;1.jpg;Fissazione;13021,21425;257,6;-;-;-;;;;;
577;1004;1.jpg;Fissazione;1301,329987;215,2;-;-;-;;;;;
578;1004;1.jpg;Saccade;8219,987859;24;-;3.7;346.5;;15;;;
579;1004;1.jpg;Saccade;28864,47373;26,4;-;11.5;1098.9;;15;;;
580;1004;1.jpg;Saccade;27099,38969;32;-;3.3;108.3;;15;;;
581;1004;1.jpg;Saccade;6987,219168;23,2;-;12.2;973.2;;15;;;
582;1004;1.jpg;Fissazione;13937,35959;143,2;-;-;-;;;;;
583;1004;1.jpg;Saccade;5153,657367;28;-;9.9;806.9;;15;;;
584;1004;1.jpg;Fissazione;32112,88381;209,6;-;-;-;;;;;
585;1004;1.jpg;Saccade;3519,143455;27,2;-;7.1;650.4;;15;;;
586;1004;1.jpg;Saccade;2690,783737;63,2;-;23.3;1289.9;;15;;;
587;1004;1.jpg;Saccade;28343,0833;29,6;-;6.8;506.7;;15;;;
588;1004;1.jpg;Saccade;31715,30978;90,4;-;4.4;148.5;;15;;;
589;1004;1.jpg;Saccade;661,190807;45,6;-;14.9;887.0;;15;;;
590;1004;1.jpg;Saccade;12778,66775;23,2;-;7.2;613.7;;15;;;
591;1004;1.jpg;Fissazione;12590,71971;120,8;-;-;-;;;;;
592;1004;1.jpg;Saccade;347,9434714;24,8;-;14.7;1053.0;;15;;;
593;1004;1.jpg;Fissazione;698,965736;121,6;-;-;-;;;;;
594;1004;1.jpg;Fissazione;25377,74915;128;-;-;-;;;;;
595;1004;1.jpg;Saccade;11973,98366;22,4;-;10.2;968.7;;15;;;
596;1004;1.jpg;Saccade;24672,24408;32;-;1.5;89.0;;15;;;
597;1004;1.jpg;Saccade;9069,015978;27,2;-;10.6;755.5;;15;;;
598;1004;1.jpg;Saccade;3825,986501;25,6;-;8.3;601.6;;15;;;
599;1004;1.jpg;Saccade;11788,78802;32,8;-;16.6;1277.4;;15;;;
600;1004;1.jpg;Saccade;9371,053655;59,2;-;23.8;956.2;;15;;;
601;1004;1.jpg;Saccade;19270,71817;22,4;-;4.0;197.1;;15;;;
602;1004;1.jpg;Saccade;18990,5655;36,8;-;15.2;699.5;;15;;;
603;1004;1.jpg;Saccade;5638,497519;22,4;-;6.6;569.1;;15;;;
604;1004;1.jpg;Saccade;17454,05674;25,6;-;20.4;2027.7;;15;;;
605;1004;1.jpg;Saccade;2841,00187;32,8;-;14.3;1019.5;;15;;;
606;1004;1.jpg;Fissazione;12073,48544;91,2;-;-;-;;;;;
607;1004;2.jpg;Saccade;9686,153289;36;-;20.9;1601.4;;15;;;
608;1004;2.jpg;Saccade;8161,17016;60,8;-;20.7;1330.6;;15;;;
609;1004;2.jpg;Saccade;11403,50949;22,4;-;10.2;968.7;;15;;;
610;1004;2.jpg;Fissazione;12655,50311;360,8;-;-;-;;;;;
611;1004;2.jpg;Saccade;3345,134548;27,2;-;7.1;650.4;;15;;;
612;1004;2.jpg;Saccade;7279,922765;58,4;-;26.1;1165.6;;15;;;
613;1004;2.jpg;Saccade;5374,126737;24;-;11.0;710.5;;15;;;
614;1004;2.jpg;Saccade;8802,171348;30,4;-;14.6;1012.8;;15;;;
615;1004;2.jpg;Fissazione;12673,70338;166,4;-;-;-;;;;;
616;1004;2.jpg;Saccade;11646,25256;24;-;12.9;1275.2;;15;;;
617;1004;2.jpg;Saccade;27628,46053;27,2;-;12.9;1033.0;;15;;;
618;1004;2.jpg;Saccade;10294,7787;22,4;-;4.8;240.9;;15;;;
619;1004;2.jpg;Saccade;6065,36122;67,2;-;17.3;833.4;;15;;;
620;1004;2.jpg;Fissazione;1581,208684;117,6;-;-;-;;;;;
621;1004;2.jpg;Fissazione;8375,415437;203,2;-;-;-;;;;;
622;1004;2.jpg;Saccade;12388,80918;32,8;-;13.3;1072.5;;15;;;
623;1004;2.jpg;Saccade;12718,48109;26,4;-;10.3;914.0;;15;;;
624;1004;2.jpg;Saccade;7463,296767;50,4;-;20.7;1398.1;;15;;;
625;1004;2.jpg;Saccade;10424,12421;39,2;-;23.4;1505.0;;15;;;
626;1004;2.jpg;Saccade;2838,657497;63,2;-;23.3;1289.9;;15;;;
627;1004;2.jpg;Saccade;338,8670337;24,8;-;14.7;1053.0;;15;;;
628;1004;2.jpg;Saccade;28731,4264;90,4;-;4.4;148.5;;15;;;
629;1004;2.jpg;Fissazione;25185,05079;102,4;-;-;-;;;;;
630;1004;2.jpg;Saccade;3122,054518;29,6;-;9.5;631.0;;15;;;
631;1004;2.jpg;Saccade;20523,37103;44;-;19.1;1329.9;;15;;;
632;1004;2.jpg;Saccade;3100,09275;32;-;10.6;1054.0;;15;;;
633;1004;2.jpg;Saccade;15857,78159;28;-;7.5;664.5;;15;;;
634;1004;2.jpg;Saccade;24642,01811;24;-;8.4;573.9;;15;;;
635;1004;2.jpg;Fissazione;2503,354622;81,6;-;-;-;;;;;
636;1004;2.jpg;Saccade;13139,06051;23,2;-;7.2;613.7;;15;;;
637;1004;2.jpg;Fissazione;32941,40923;818,4;-;-;-;;;;;
638;1004;2.jpg;Saccade;1657,263256;42,4;-;1.5;65.7;;15;;;
639;1004;2.jpg;Saccade;4638,634562;23,2;-;13.2;721.6;;15;;;
640;1004;2.jpg;Fissazione;3849,563858;1036;-;-;-;;;;;
641;1004;2.jpg;Saccade;26989,44384;29,6;-;6.8;506.7;;15;;;
642;1004;2.jpg;Saccade;8293,99627;32,8;-;21.7;1388.6;;15;;;
643;1004;2.jpg;Saccade;13444,06884;92;-;50.7;1483.9;;15;;;
644;1004;2.jpg;Saccade;1622,367259;39,2;-;7.9;536.1;;15;;;
645;1004;2.jpg;Saccade;17713,8604;22,4;-;7.7;692.6;;15;;;
646;1004;2.jpg;Saccade;5121,114137;28;-;9.9;806.9;;15;;;
647;1004;3.jpg;Saccade;9588,772788;32,8;-;9.9;587.8;;15;;;
648;1004;3.jpg;Saccade;663,5736291;44;-;6.0;368.7;;15;;;
649;1004;3.jpg;Saccade;13771,3515;92;-;50.7;1483.9;;15;;;
650;1004;3.jpg;Fissazione;29869,86088;209,6;-;-;-;;;;;
651;1004;3.jpg;Fissazione;7810,773775;352;-;-;-;;;;;
652;1004;3.jpg;Fissazione;8484,842197;340;-;-;-;;;;;
653;1004;3.jpg;Saccade;498,5061309;34,4;-;14.4;1205.6;;15;;;
654;1004;3.jpg;Saccade;2775,180544;25,6;-;6.8;495.1;;15;;;
655;1004;3.jpg;Saccade;24772,89151;27,2;-;20.0;1688.6;;15;;;
656;1004;3.jpg;Saccade;10183,93888;22,4;-;10.2;968.7;;15;;;
657;1004;3.jpg;Saccade;11023,07199;29,6;-;15.1;1262.8;;15;;;
658;1004;3.jpg;Saccade;25392,78642;29,6;-;6.8;506.7;;15;;;
659;1004;3.jpg;Fissazione;24003,68435;102,4;-;-;-;;;;;
660;1004;3.jpg;Fissazione;13330,59379;360,8;-;-;-;;;;;
661;1004;3.jpg;Saccade;17792,1617;51,2;-;4.5;153.7;;15;;;
662;1004;3.jpg;Saccade;3047,477368;63,2;-;23.3;1289.9;;15;;;
663;1004;3.jpg;Saccade;30551,33369;40;-;14.9;1083.8;;15;;;
664;1004;3.jpg;Fissazione;13455,31843;166,4;-;-;-;;;;;
665;1004;3.jpg;Saccade;9642,802307;23,2;-;12.2;973.2;;15;;;
666;1004;3.jpg;Saccade;11719,60611;22,4;-;4.8;240.9;;15;;;
667;1004;3.jpg;Saccade;13406,84953;32;-;1.3;85.3;;15;;;
668;1004;3.jpg;Saccade;17504,76453;24;-;0.9;73.8;;15;;;
669;1004;3.jpg;Fissazione;12117,07835;143,2;-;-;-;;;;;
670;1004;3.jpg;Saccade;18368,1689;22,4;-;7.7;692.6;;15;;;
671;1004;3.jpg;Fissazione;5710,440725;63,2;-;-;-;;;;;
672;1005;1.jpg;Fissazione;1275,509222;215,2;-;-;-;;;;;
673;1005;1.jpg;Saccade;12903,32301;26,4;-;10.3;914.0;;15;;;
674;1005;1.jpg;Saccade;3609,505465;25,6;-;8.3;601.6;;15;;;
675;1005;1.jpg;Fissazione;1602,351777;117,6;-;-;-;;;;;
676;1005;1.jpg;Fissazione;10322,9823;63,2;-;-;-;;;;;
677;1005;1.jpg;Saccade;274,6528024;24,8;-;14.7;1053.0;;15;;;
678;1005;1.jpg;Saccade;9559,852648;32,8;-;16.6;1277.4;;15;;;
679;1005;1.jpg;Saccade;15073,03011;39,2;-;23.5;1731.4;;15;;;
680;1005;1.jpg;Fissazione;13910,86893;120,8;-;-;-;;;;;
681;1005;1.jpg;Saccade;13250,79521;44;-;1.4;68.0;;15;;;
682;1005;1.jpg;Saccade;8532,860782;59,2;-;23.8;956.2;;15;;;
683;1005;1.jpg;Fissazione;12096,05622;143,2;-;-;-;;;;;
684;1005;1.jpg;Saccade;26627,33698;32;-;3.3;108.3;;15;;;
685;1005;1.jpg;Saccade;6397,203233;28,8;-;15.6;1161.7;;15;;;
686;1005;1.jpg;Saccade;20280,19342;44,8;-;2.4;129.0;;15;;;
687;1005;1.jpg;Saccade;10423,02105;26,4;-;17.7;1300.4;;15;;;
688;1005;1.jpg;Saccade;8954,295326;53,6;-;24.1;1367.1;;15;;;
689;1005;1.jpg;Saccade;18449,57909;22,4;-;7.7;692.6;;15;;;
690;1005;1.jpg;Saccade;5870,89552;30,4;-;26.5;1699.7;;15;;;
691;1005;1.jpg;Saccade;1841,153164;39,2;-;7.9;536.1;;15;;;
692;1005;1.jpg;Saccade;2662,250803;63,2;-;23.3;1289.9;;15;;;
693;1005;1.jpg;Saccade;5122,420802;22,4;-;6.6;569.1;;15;;;
694;1005;1.jpg;Saccade;12134,27022;92;-;50.7;1483.9;;15;;;
695;1005;1.jpg;Saccade;6737,608543;50,4;-;20.7;1398.1;;15;;;
696;1005;1.jpg;Saccade;2679,567239;25,6;-;6.8;495.1;;15;;;
697;1005;1.jpg;Saccade;10563,31182;28;-;6.9;637.2;;15;;;
698;1005;1.jpg;Fissazione;14675,96711;148,8;-;-;-;;;;;
699;1005;1.jpg;Saccade;13603,57886;24,8;-;16.3;1662.5;;15;;;
700;1005;1.jpg;Saccade;7292,444629;42,4;-;18.1;1156.9;;15;;;
701;1005;1.jpg;Saccade;18696,69448;24;-;6.9;707.3;;15;;;
702;1005;1.jpg;Saccade;5671,816322;24;-;11.0;710.5;;15;;;
703;1005;1.jpg;Saccade;2522,538751;22,4;-;9.3;777.1;;15;;;
704;1005;1.jpg;Fissazione;2962,674011;81,6;-;-;-;;;;;
705;1005;1.jpg;Fissazione;556,8389583;51,2;-;-;-;;;;;
706;1005;1.jpg;Saccade;13687,22612;32;-;1.3;85.3;;15;;;
707;1005;1.jpg;Saccade;9779,544757;36;-;20.9;1601.4;;15;;;
708;1005;1.jpg;Saccade;7621,951019;60,8;-;20.7;1330.6;;15;;;
709;1005;1.jpg;Saccade;1400,136534;29,6;-;1.6;91.3;;15;;;
710;1005;1.jpg;Saccade;13203,61469;58,4;-;8.2;378.7;;15;;;
711;1005;1.jpg;Saccade;13215,08298;24;-;7.6;557.5;;15;;;
712;1005;1.jpg;Saccade;25094,94317;38,4;-;22.4;1287.3;;15;;;
713;1005;1.jpg;Saccade;19784,23791;24;-;0.9;73.8;;15;;;
714;1005;1.jpg;Saccade;6810,007705;70,4;-;25.2;977.4;;15;;;
715;1005;1.jpg;Saccade;26103,21902;23,2;-;21.2;1938.5;;15;;;
716;1005;1.jpg;Saccade;16594,88435;28;-;7.5;664.5;;15;;;
717;1005;1.jpg;Saccade;9160,367523;32,8;-;21.7;1388.6;;15;;;
718;1005;1.jpg;Saccade;27135,90437;40;-;14.9;1083.8;;15;;;
719;1005;1.jpg;Fissazione;9254,475749;352;-;-;-;;;;;
720;1005;1.jpg;Saccade;666,0279572;44;-;6.0;368.7;;15;;;
721;1005;1.jpg;Saccade;8186,841076;32,8;-;9.9;587.8;;15;;;
722;1005;1.jpg;Saccade;8837,938509;32,8;-;1.1;79.5;;15;;;
723;1005;1.jpg;Saccade;14503,04714;35,2;-;15.5;935.0;;15;;;
724;1005;1.jpg;Saccade;9762,914499;75,2;-;70.9;2061.7;;15;;;
725;1005;1.jpg;Saccade;34974,98787;90,4;-;4.4;148.5;;15;;;
726;1005;1.jpg;Saccade;625,3832722;24;-;6.9;732.0;;15;;;
727;1005;1.jpg;Fissazione;26912,67365;175,2;-;-;-;;;;;
728;1005;1.jpg;Saccade;23130,67835;24;-;8.4;573.9;;15;;;
729;1005;1.jpg;Fissazione;6953,796857;203,2;-;-;-;;;;;
730;1005;1.jpg;Saccade;7051,212393;22,4;-;3.9;267.1;;15;;;
731;1005;1.jpg;Saccade;21177,79539;44,8;-;33.3;1772.5;;15;;;
732;1005;1.jpg;Saccade;26685,00567;32;-;1.5;89.0;;15;;;
733;1005;1.jpg;Saccade;528,4023409;45,6;-;14.9;887.0;;15;;;
734;1005;1.jpg;Saccade;8711,843008;49,6;-;42.6;2043.6;;15;;;
735;1005;1.jpg;Saccade;11247,37589;22,4;-;4.8;240.9;;15;;;
736;1005;1.jpg;Saccade;9107,951656;27,2;-;10.6;755.5;;15;;;
737;1005;1.jpg;Saccade;939,7250537;54,4;-;16.9;1056.0;;15;;;
738;1005;1.jpg;Saccade;23497,75414;29,6;-;6.8;506.7;;15;;;
739;1005;1.jpg;Saccade;6016,044448;28;-;9.0;675.6;;15;;;
740;1005;1.jpg;Fissazione;19570,03145;112;-;-;-;;;;;
741;1005;1.jpg;Saccade;35690,6651;31,2;-;11.8;1263.2;;15;;;
742;1005;1.jpg;Saccade;12261,61019;32,8;-;13.3;1072.5;;15;;;
743;1005;1.jpg;Saccade;21945,21076;36,8;-;15.2;699.5;;15;;;
744;1005;1.jpg;Saccade;17451,55503;24;-;10.9;1075.9;;15;;;
745;1005;1.jpg;Saccade;4383,062889;25,6;-;9.9;723.3;;15;;;
746;1005;1.jpg;Saccade;5125,659752;28;-;9.9;806.9;;15;;;
747;1005;1.jpg;Fissazione;4393,456838;1036;-;-;-;;;;;
748;1005;1.jpg;Saccade;21888,82164;28,8;-;21.8;2131.8;;15;;;
749;1005;1.jpg;Saccade;7397,355902;58,4;-;20.8;1006.5;;15;;;
750;1005;1.jpg;Saccade;9993,611712;29,6;-;21.5;1887.2;;15;;;
751;1005;1.jpg;Saccade;21192,00886;43,2;-;7.3;404.4;;15;;;
752;1005;1.jpg;Saccade;1872,113809;51,2;-;1.4;40.7;;15;;;
753;1005;1.jpg;Saccade;21935,44021;52,8;-;3.4;109.8;;15;;;
754;1005;1.jpg;Saccade;31377,74163;28;-;11.6;884.4;;15;;;
755;1005;1.jpg;Saccade;9449,835429;24;-;3.7;346.5;;15;;;
756;1005;1.jpg;Saccade;4310,825348;23,2;-;13.2;721.6;;15;;;
757;1005;1.jpg;Saccade;7609,359628;62,4;-;19.5;1628.1;;15;;;
758;1005;1.jpg;Saccade;9407,212789;48,8;-;32.6;1876.7;;15;;;
759;1005;1.jpg;Saccade;6339,121759;45,6;-;17.4;954.0;;15;;;
760;1005;1.jpg;Saccade;6273,175058;58,4;-;26.1;1165.6;;15;;;
761;1005;1.jpg;Saccade;13402,55133;59,2;-;22.9;1454.1;;15;;;
762;1005;1.jpg;Fissazione;782,0455255;121,6;-;-;-;;;;;
763;1005;1.jpg;Fissazione;7237,915039;658,4;-;-;-;;;;;
764;1005;2.jpg;Saccade;10027,81824;24;-;3.7;346.5;;15;;;
765;1005;2.jpg;Fissazione;20226,21374;140;-;-;-;;;;;
766;1005;2.jpg;Saccade;16976,10271;24;-;6.9;707.3;;15;;;
767;1005;2.jpg;Saccade;10400,37196;32,8;-;16.6;1277.4;;15;;;
768;1005;2.jpg;Saccade;20709,76876;44,8;-;33.3;1772.5;;15;;;
769;1005;2.jpg;Fissazione;13621,23595;143,2;-;-;-;;;;;
770;1005;2.jpg;Saccade;10237,5767;26,4;-;17.7;1300.4;;15;;;
771;1005;2.jpg;Saccade;10106,97414;53,6;-;24.1;1367.1;;15;;;
772;1005;2.jpg;Saccade;20379,51271;44;-;19.1;1329.9;;15;;;
773;1005;2.jpg;Saccade;6997,724127;22,4;-;3.9;267.1;;15;;;
774;1005;2.jpg;Saccade;32382,89918;90,4;-;4.4;148.5;;15;;;
775;1005;2.jpg;Saccade;2886,90181;25,6;-;6.8;495.1;;15;;;
776;1005;2.jpg;Saccade;19392,54413;44,8;-;2.4;129.0;;15;;;
777;1005;2.jpg;Saccade;706,2512802;24;-;6.9;732.0;;15;;;
778;1005;2.jpg;Saccade;24137,81705;40;-;14.9;1083.8;;15;;;
779;1005;2.jpg;Fissazione;2345,469259;81,6;-;-;-;;;;;
780;1005;2.jpg;Saccade;5699,733817;24,8;-;10.3;1190.2;;15;;;
781;1005;2.jpg;Saccade;27127,14312;26,4;-;11.5;1098.9;;15;;;
782;1005;2.jpg;Saccade;25744,93064;27,2;-;12.9;1033.0;;15;;;
783;1005;2.jpg;Saccade;32451,14597;28;-;11.6;884.4;;15;;;
784;1005;2.jpg;Saccade;11160,15546;39,2;-;23.4;1505.0;;15;;;
785;1005;2.jpg;Fissazione;7447,18657;658,4;-;-;-;;;;;
786;1005;2.jpg;Saccade;13171,50243;44;-;1.4;68.0;;15;;;
787;1005;2.jpg;Saccade;2759,93265;63,2;-;23.3;1289.9;;15;;;
788;1005;2.jpg;Saccade;11328,63493;39,2;-;23.0;1652.6;;15;;;
789;1005;2.jpg;Fissazione;23300,38284;128;-;-;-;;;;;
790;1005;2.jpg;Saccade;6389,433021;58,4;-;26.1;1165.6;;15;;;
791;1005;2.jpg;Fissazione;13714,12054;257,6;-;-;-;;;;;
792;1005;2.jpg;Saccade;29733,27728;51,2;-;5.2;293.5;;15;;;
793;1005;2.jpg;Saccade;11474,42072;23,2;-;7.2;613.7;;15;;;
794;1005;2.jpg;Saccade;16343,59497;28;-;7.5;664.5;;15;;;
795;1005;2.jpg;Saccade;8408,946881;58,4;-;20.8;1006.5;;15;;;
796;1005;2.jpg;Saccade;18498,90267;24;-;10.9;1075.9;;15;;;
797;1005;2.jpg;Fissazione;22848,67187;112;-;-;-;;;;;
798;1005;2.jpg;Fissazione;12306,59355;91,2;-;-;-;;;;;
799;1005;2.jpg;Saccade;26679,68196;32;-;3.3;108.3;;15;;;
800;1005;3.jpg;Saccade;487,4259668;34,4;-;14.4;1205.6;;15;;;
801;1005;3.jpg;Fissazione;2974,870448;81,6;-;-;-;;;;;
802;1005;3.jpg;Saccade;17218,39961;22,4;-;7.7;692.6;;15;;;
803;1005;3.jpg;Saccade;18620,28457;22,4;-;6.8;675.8;;15;;;
804;1005;3.jpg;Saccade;20330,7141;22,4;-;4.0;197.1;;15;;;
805;1005;3.jpg;Fissazione;1339,397864;117,6;-;-;-;;;;;
806;1005;3.jpg;Saccade;6592,539191;22,4;-;7.8;672.6;;15;;;
807;1005;3.jpg;Saccade;22509,05754;32;-;1.5;89.0;;15;;;
808;1005;3.jpg;Saccade;11480,45923;26,4;-;17.7;1300.4;;15;;;
809;1005;3.jpg;Saccade;26004,66629;38,4;-;22.4;1287.3;;15;;;
810;1005;3.jpg;Saccade;6991,020453;28;-;9.0;675.6;;15;;;
811;1005;3.jpg;Fissazione;12087,54219;264,8;-;-;-;;;;;
812;1005;3.jpg;Fissazione;8144,152873;203,2;-;-;-;;;;;
813;1005;3.jpg;Saccade;12035,55843;29,6;-;21.5;1887.2;;15;;;
814;1005;3.jpg;Saccade;13115,51794;58,4;-;8.2;378.7;;15;;;
815;1005;3.jpg;Fissazione;7951,645233;658,4;-;-;-;;;;;
816;1005;3.jpg;Saccade;19377,1348;22,4;-;6.1;396.4;;15;;;
817;1005;3.jpg;Saccade;7964,10656;32,8;-;1.1;79.5;;15;;;
818;1005;3.jpg;Saccade;28618,15355;31,2;-;11.8;1263.2;;15;;;
819;1005;3.jpg;Saccade;21039,32601;44,8;-;2.4;129.0;;15;;;
820;1005;3.jpg;Saccade;7979,113962;42,4;-;18.1;1156.9;;15;;;
821;1005;3.jpg;Saccade;5399,205503;41,6;-;15.7;878.6;;15;;;
822;1005;3.jpg;Fissazione;17756,37827;128;-;-;-;;;;;
823;1006;1.jpg;Saccade;12139,2484;29,6;-;21.5;1887.2;;15;;;
824;1006;1.jpg;Saccade;17709,15676;22,4;-;6.1;396.4;;15;;;
825;1006;1.jpg;Saccade;1816,668747;39,2;-;7.9;536.1;;15;;;
826;1006;1.jpg;Fissazione;11862,33255;101,6;-;-;-;;;;;
827;1006;1.jpg;Saccade;12095,25252;39,2;-;23.5;1731.4;;15;;;
828;1006;1.jpg;Saccade;20948,77822;23,2;-;9.5;976.9;;15;;;
829;1006;1.jpg;Saccade;21437,3412;44,8;-;33.3;1772.5;;15;;;
830;1006;1.jpg;Saccade;8861,365828;53,6;-;24.1;1367.1;;15;;;
831;1006;1.jpg;Fissazione;11435,64846;264,8;-;-;-;;;;;
832;1006;1.jpg;Saccade;12776,67774;24;-;12.9;1275.2;;15;;;
833;1006;1.jpg;Saccade;7294,135066;50,4;-;20.7;1398.1;;15;;;
834;1006;1.jpg;Saccade;4996,587621;23,2;-;13.2;721.6;;15;;;
835;1006;1.jpg;Saccade;10760,92982;39,2;-;23.0;1652.6;;15;;;
836;1006;1.jpg;Saccade;12009,84336;58,4;-;8.2;378.7;;15;;;
837;1006;1.jpg;Saccade;6830,733321;28;-;9.0;675.6;;15;;;
838;1006;1.jpg;Saccade;6165,610695;70,4;-;25.2;977.4;;15;;;
839;1006;1.jpg;Saccade;11727,59869;22,4;-;10.2;968.7;;15;;;
840;1006;1.jpg;Fissazione;13310,66948;91,2;-;-;-;;;;;
841;1006;1.jpg;Saccade;21395,59254;43,2;-;7.3;404.4;;15;;;
842;1006;1.jpg;Saccade;8477,403889;42,4;-;18.1;1156.9;;15;;;
843;1006;1.jpg;Saccade;3319,182933;25,6;-;8.3;601.6;;15;;;
844;1006;1.jpg;Saccade;10512,3539;28,8;-;8.8;565.7;;15;;;
845;1006;1.jpg;Saccade;7030,542759;28,8;-;15.6;1161.7;;15;;;
846;1006;1.jpg;Fissazione;8117,07414;203,2;-;-;-;;;;;
847;1006;1.jpg;Saccade;24423,5483;22,4;-;4.0;197.1;;15;;;
848;1006;1.jpg;Saccade;8533,302679;27,2;-;10.6;755.5;;15;;;
849;1006;1.jpg;Fissazione;33305,13294;209,6;-;-;-;;;;;
850;1006;1.jpg;Fissazione;14721,36193;257,6;-;-;-;;;;;
851;1006;1.jpg;Saccade;28213,48577;31,2;-;11.8;1263.2;;15;;;
852;1006;1.jpg;Fissazione;1256,748935;215,2;-;-;-;;;;;
853;1006;1.jpg;Saccade;11777,69638;28;-;6.9;637.2;;15;;;
854;1006;1.jpg;Saccade;2705,35932;29,6;-;9.5;631.0;;15;;;
855;1006;1.jpg;Fissazione;24392,24987;128;-;-;-;;;;;
856;1006;1.jpg;Saccade;4400,049937;25,6;-;9.9;723.3;;15;;;
857;1006;1.jpg;Saccade;34569,88597;52;-;19.6;1348.3;;15;;;
858;1006;1.jpg;Saccade;16427,44373;24;-;6.9;707.3;;15;;;
859;1006;1.jpg;Fissazione;19884,71834;128;-;-;-;;;;;
860;1006;1.jpg;Saccade;33118,87565;90,4;-;4.4;148.5;;15;;;
861;1006;1.jpg;Saccade;9417,94644;30,4;-;14.6;1012.8;;15;;;
862;1006;1.jpg;Saccade;523,887461;45,6;-;14.9;887.0;;15;;;
863;1006;1.jpg;Saccade;31003,95759;28;-;11.6;884.4;;15;;;
864;1006;1.jpg;Saccade;10364,37895;39,2;-;23.4;1505.0;;15;;;
865;1006;1.jpg;Saccade;7957,604092;32,8;-;9.9;587.8;;15;;;
866;1006;1.jpg;Fissazione;21064,4676;112;-;-;-;;;;;
867;1006;1.jpg;Saccade;27608,08019;27,2;-;12.9;1033.0;;15;;;
868;1006;1.jpg;Saccade;19101,74174;51,2;-;4.5;153.7;;15;;;
869;1006;1.jpg;Saccade;14248,18685;59,2;-;22.9;1454.1;;15;;;
870;1006;1.jpg;Saccade;303,5384395;24,8;-;14.7;1053.0;;15;;;
871;1006;1.jpg;Saccade;12760,73189;44;-;1.4;68.0;;15;;;
872;1006;1.jpg;Fissazione;24537,53029;102,4;-;-;-;;;;;
873;1006;1.jpg;Saccade;8767,910888;26,4;-;17.7;1300.4;;15;;;
874;1006;1.jpg;Saccade;28907,94296;32;-;1.5;89.0;;15;;;
875;1006;1.jpg;Saccade;7850,919776;45,6;-;17.4;954.0;;15;;;
876;1006;1.jpg;Saccade;20028,75809;52,8;-;3.4;109.8;;15;;;
877;1006;1.jpg;Saccade;6518,037116;25,6;-;12.4;705.1;;15;;;
878;1006;1.jpg;Fissazione;22107,79409;140;-;-;-;;;;;
879;1006;1.jpg;Saccade;2678,349951;25,6;-;6.8;495.1;;15;;;
880;1006;1.jpg;Saccade;755,4936472;44;-;6.0;368.7;;15;;;
881;1006;1.jpg;Saccade;6989,989299;62,4;-;19.5;1628.1;;15;;;
882;1006;1.jpg;Saccade;21305,08988;44;-;19.1;1329.9;;15;;;
883;1006;1.jpg;Saccade;9607,146314;29,6;-;12.2;951.2;;15;;;
884;1006;1.jpg;Fissazione;5779,279626;63,2;-;-;-;;;;;
885;1006;1.jpg;Saccade;22909,17856;24;-;8.4;573.9;;15;;;
886;1006;1.jpg;Fissazione;11100,41908;63,2;-;-;-;;;;;
887;1006;1.jpg;Saccade;26681,76531;23,2;-;21.2;1938.5;;15;;;
888;1006;1.jpg;Saccade;26892,97714;27,2;-;20.0;1688.6;;15;;;
889;1006;1.jpg;Saccade;7471,294443;58,4;-;20.8;1006.5;;15;;;
890;1006;1.jpg;Saccade;27840,02295;29,6;-;6.8;506.7;;15;;;
891;1006;2.jpg;Saccade;13193,98286;35,2;-;15.5;935.0;;15;;;
892;1006;2.jpg;Saccade;2950,992436;36;-;32.4;2009.2;;15;;;
893;1006;2.jpg;Saccade;27609,66746;90,4;-;4.4;148.5;;15;;;
894;1006;2.jpg;Saccade;18630,16465;24;-;0.9;73.8;;15;;;
895;1006;2.jpg;Saccade;10470,75961;25,6;-;6.3;627.6;;15;;;
896;1006;2.jpg;Saccade;8171,180597;60,8;-;20.7;1330.6;;15;;;
897;1006;2.jpg;Fissazione;12106,51175;148,8;-;-;-;;;;;
898;1006;2.jpg;Saccade;16722,65425;24;-;6.9;707.3;;15;;;
899;1006;2.jpg;Fissazione;22522,01031;294,4;-;-;-;;;;;
900;1006;2.jpg;Saccade;26426,01759;45,6;-;11.7;623.4;;15;;;
901;1006;2.jpg;Fissazione;1572,218847;117,6;-;-;-;;;;;
902;1006;2.jpg;Saccade;8987,912028;59,2;-;23.8;956.2;;15;;;
903;1006;2.jpg;Saccade;17057,7612;22,4;-;7.7;692.6;;15;;;
904;1006;2.jpg;Saccade;22193,09677;44;-;19.1;1329.9;;15;;;
905;1006;2.jpg;Saccade;6731,736597;50,4;-;20.7;1398.1;;15;;;
906;1006;2.jpg;Saccade;319,3351777;24,8;-;14.7;1053.0;;15;;;
907;1006;2.jpg;Saccade;13452,1116;44;-;1.4;68.0;;15;;;
908;1006;2.jpg;Saccade;584,7075596;45,6;-;14.9;887.0;;15;;;
909;1006;2.jpg;Saccade;6290,349296;25,6;-;12.4;705.1;;15;;;
910;1006;2.jpg;Saccade;4393,080798;25,6;-;9.9;723.3;;15;;;
911;1006;2.jpg;Saccade;12825,88629;59,2;-;22.9;1454.1;;15;;;
912;1006;2.jpg;Saccade;5864,285016;67,2;-;17.3;833.4;;15;;;
913;1006;2.jpg;Saccade;5348,141707;28;-;9.9;806.9;;15;;;
914;1006;2.jpg;Saccade;7182,229825;70,4;-;25.2;977.4;;15;;;
915;1006;2.jpg;Saccade;6206,462852;22,4;-;3.9;267.1;;15;;;
916;1006;3.jpg;Saccade;8576,863041;32,8;-;9.9;587.8;;15;;;
917;1006;3.jpg;Saccade;5249,166889;24,8;-;10.3;1190.2;;15;;;
918;1006;3.jpg;Saccade;24050,39816;38,4;-;22.4;1287.3;;15;;;
919;1006;3.jpg;Saccade;1691,175353;39,2;-;7.9;536.1;;15;;;
920;1006;3.jpg;Saccade;18011,15922;22,4;-;6.1;396.4;;15;;;
921;1006;3.jpg;Saccade;6769,760449;62,4;-;19.5;1628.1;;15;;;
922;1006;3.jpg;Fissazione;13308,35559;91,2;-;-;-;;;;;
923;1006;3.jpg;Saccade;9108,913809;48,8;-;32.6;1876.7;;15;;;
924;1006;3.jpg;Saccade;12326,66979;58,4;-;8.2;378.7;;15;;;
925;1006;3.jpg;Saccade;10655,22429;39,2;-;23.4;1505.0;;15;;;
926;1006;3.jpg;Saccade;10146,18182;22,4;-;10.2;968.7;;15;;;
927;1006;3.jpg;Saccade;7790,806188;36;-;20.9;1601.4;;15;;;
928;1006;3.jpg;Saccade;28176,94946;90,4;-;4.4;148.5;;15;;;
929;1006;3.jpg;Saccade;10604,00904;32,8;-;13.3;1072.5;;15;;;
930;1006;3.jpg;Saccade;8583,385809;30,4;-;14.6;1012.8;;15;;;
931;1006;3.jpg;Saccade;20590,59884;45,6;-;11.7;623.4;;15;;;
932;1006;3.jpg;Saccade;13790,22077;44;-;1.4;68.0;;15;;;
933;1006;3.jpg;Fissazione;10700,96224;143,2;-;-;-;;;;;
934;1006;3.jpg;Fissazione;17904,77638;294,4;-;-;-;;;;;
935;1006;3.jpg;Saccade;13148,4756;32;-;1.3;85.3;;15;;;
936;1006;3.jpg;Saccade;20747,27237;43,2;-;7.3;404.4;;15;;;
937;1006;3.jpg;Saccade;11238,63092;28,8;-;8.8;565.7;;15;;;
938;1007;1.jpg;Saccade;27513,15968;28;-;11.6;884.4;;15;;;
939;1007;1.jpg;Saccade;7277,522965;32,8;-;9.9;587.8;;15;;;
940;1007;1.jpg;Saccade;13008,58744;23,2;-;7.2;613.7;;15;;;
941;1007;1.jpg;Saccade;7460,591957;58,4;-;20.8;1006.5;;15;;;
942;1007;1.jpg;Saccade;8305,826994;30,4;-;14.6;1012.8;;15;;;
943;1007;1.jpg;Saccade;25478,76687;23,2;-;21.2;1938.5;;15;;;
944;1007;1.jpg;Saccade;5562,735008;28;-;9.9;806.9;;15;;;
945;1007;1.jpg;Saccade;16256,23243;92;-;50.7;1483.9;;15;;;
946;1007;1.jpg;Fissazione;12310,14994;264,8;-;-;-;;;;;
947;1007;1.jpg;Saccade;7651,250492;60,8;-;20.7;1330.6;;15;;;
948;1007;1.jpg;Saccade;19597,56082;22,4;-;7.7;692.6;;15;;;
949;1007;1.jpg;Saccade;7268,454158;22,4;-;7.8;672.6;;15;;;
950;1007;1.jpg;Saccade;2847,020101;63,2;-;23.3;1289.9;;15;;;
951;1007;1.jpg;Saccade;23992,67861;45,6;-;11.7;623.4;;15;;;
952;1007;1.jpg;Saccade;14101,21505;24;-;7.6;557.5;;15;;;
953;1007;1.jpg;Saccade;5004,230353;41,6;-;15.7;878.6;;15;;;
954;1007;1.jpg;Saccade;29170,11373;52;-;19.6;1348.3;;15;;;
955;1007;1.jpg;Saccade;10370,28194;26,4;-;17.7;1300.4;;15;;;
956;1007;1.jpg;Fissazione;12471,15737;148,8;-;-;-;;;;;
957;1007;1.jpg;Saccade;11735,49445;58,4;-;8.2;378.7;;15;;;
958;1007;1.jpg;Saccade;11685,0062;28;-;6.9;637.2;;15;;;
959;1007;1.jpg;Saccade;8097,038954;23,2;-;12.2;973.2;;15;;;
960;1007;1.jpg;Fissazione;21408,76036;128;-;-;-;;;;;
961;1007;1.jpg;Saccade;1059,829324;54,4;-;16.9;1056.0;;15;;;
962;1007;1.jpg;Saccade;21010,72126;22,4;-;6.8;675.8;;15;;;
963;1007;1.jpg;Saccade;24187,05231;27,2;-;20.0;1688.6;;15;;;
964;1007;1.jpg;Fissazione;8122,984742;352;-;-;-;;;;;
965;1007;1.jpg;Fissazione;20181,49472;140;-;-;-;;;;;
966;1007;1.jpg;Saccade;15174,52168;32;-;1.3;85.3;;15;;;
967;1007;1.jpg;Fissazione;12413,45637;101,6;-;-;-;;;;;
968;1007;1.jpg;Saccade;6536,799916;28;-;9.0;675.6;;15;;;
969;1007;1.jpg;Fissazione;1196,909976;215,2;-;-;-;;;;;
970;1007;1.jpg;Saccade;16051,66162;23,2;-;9.5;976.9;;15;;;
971;1007;1.jpg;Saccade;8449,7649;32,8;-;1.1;79.5;;15;;;
972;1007;1.jpg;Saccade;24494,97555;27,2;-;12.9;1033.0;;15;;;
973;1007;1.jpg;Fissazione;17905,29862;128;-;-;-;;;;;
974;1007;1.jpg;Saccade;4631,595347;23,2;-;13.2;721.6;;15;;;
975;1007;1.jpg;Saccade;5743,371137;67,2;-;17.3;833.4;;15;;;
976;1007;1.jpg;Saccade;5170,232993;30,4;-;26.5;1699.7;;15;;;
977;1007;1.jpg;Saccade;7207,252087;58,4;-;26.1;1165.6;;15;;;
978;1007;1.jpg;Saccade;21492,53922;22,4;-;4.0;197.1;;15;;;
979;1007;1.jpg;Saccade;7804,941393;45,6;-;17.4;954.0;;15;;;
980;1007;1.jpg;Fissazione;820,6570547;121,6;-;-;-;;;;;
981;1007;1.jpg;Saccade;13897,69469;24,8;-;16.3;1662.5;;15;;;
982;1007;1.jpg;Saccade;11135,74398;29,6;-;15.1;1262.8;;15;;;
983;1007;1.jpg;Saccade;10669,34325;25,6;-;6.3;627.6;;15;;;
984;1007;1.jpg;Saccade;2922,214275;25,6;-;6.8;495.1;;15;;;
985;1007;1.jpg;Saccade;31883,03143;40;-;14.9;1083.8;;15;;;
986;1007;1.jpg;Saccade;814,3309603;44;-;6.0;368.7;;15;;;
987;1007;1.jpg;Saccade;22236,43165;32;-;3.3;108.3;;15;;;
988;1007;1.jpg;Saccade;18495,74169;52,8;-;3.4;109.8;;15;;;
989;1007;1.jpg;Saccade;1699,323835;49,6;-;5.3;207.5;;15;;;
990;1007;1.jpg;Saccade;19033,75892;43,2;-;7.3;404.4;;15;;;
991;1007;1.jpg;Fissazione;8726,682151;340;-;-;-;;;;;
992;1007;1.jpg;Saccade;9582,44645;49,6;-;42.6;2043.6;;15;;;
993;1007;1.jpg;Saccade;11393,44938;39,2;-;23.4;1505.0;;15;;;
994;1007;1.jpg;Saccade;5906,994137;24;-;11.0;710.5;;15;;;
995;1007;1.jpg;Saccade;18829,13542;44;-;19.1;1329.9;;15;;;
996;1007;1.jpg;Saccade;1435,821775;39,2;-;7.9;536.1;;15;;;
997;1007;1.jpg;Saccade;13849,7557;39,2;-;23.5;1731.4;;15;;;
998;1007;1.jpg;Fissazione;3236,168538;81,6;-;-;-;;;;;
999;1007;1.jpg;Saccade;26027,82921;29,6;-;6.8;506.7;;15;;;
1000;1007;1.jpg;Saccade;8791,942964;75,2;-;70.9;2061.7;;15;;;
1001;1007;1.jpg;Saccade;3199,965663;29,6;-;9.5;631.0;;15;;;
1002;1007;1.jpg;Saccade;9399,581301;24;-;3.7;346.5;;15;;;
1003;1007;1.jpg;Saccade;2439,953918;22,4;-;9.3;777.1;;15;;;
1004;1007;1.jpg;Saccade;4445,014445;22,4;-;6.6;569.1;;15;;;
1005;1007;1.jpg;Fissazione;21323,2019;294,4;-;-;-;;;;;
1006;1007;1.jpg;Saccade;367,7122283;24,8;-;14.7;1053.0;;15;;;
1007;1007;1.jpg;Saccade;7487,030969;22,4;-;3.9;267.1;;15;;;
1008;1007;1.jpg;Saccade;21291,83761;44,8;-;2.4;129.0;;15;;;
1009;1007;1.jpg;Saccade;1655,327515;42,4;-;1.5;65.7;;15;;;
1010;1007;1.jpg;Saccade;8891,475156;32,8;-;21.7;1388.6;;15;;;
1011;1007;1.jpg;Saccade;17613,17075;24;-;0.9;73.8;;15;;;
1012;1007;1.jpg;Saccade;4757,169291;25,6;-;9.9;723.3;;15;;;
1013;1007;1.jpg;Saccade;23330,00216;25,6;-;20.4;2027.7;;15;;;
1014;1007;1.jpg;Saccade;9420,685921;36;-;20.9;1601.4;;15;;;
1015;1007;1.jpg;Saccade;17461,82802;36,8;-;15.2;699.5;;15;;;
1016;1007;1.jpg;Fissazione;32035,17329;209,6;-;-;-;;;;;
1017;1007;1.jpg;Fissazione;11751,50938;143,2;-;-;-;;;;;
1018;1007;1.jpg;Fissazione;5823,150639;658,4;-;-;-;;;;;
1019;1007;1.jpg;Fissazione;13337,2219;360,8;-;-;-;;;;;
1020;1007;1.jpg;Saccade;13486,94793;35,2;-;15.5;935.0;;15;;;
1021;1007;1.jpg;Saccade;6125,2137;70,4;-;25.2;977.4;;15;;;
1022;1007;1.jpg;Fissazione;1575,483967;117,6;-;-;-;;;;;
1023;1007;1.jpg;Saccade;10131,53171;32,8;-;9.0;642.7;;15;;;
1024;1007;1.jpg;Saccade;14245,78797;87,2;-;55.5;1952.3;;15;;;
1025;1007;1.jpg;Saccade;767,8501866;24;-;6.9;732.0;;15;;;
1026;1007;1.jpg;Saccade;6306,433463;62,4;-;19.5;1628.1;;15;;;
1027;1007;1.jpg;Fissazione;13815,59242;91,2;-;-;-;;;;;
1028;1007;1.jpg;Saccade;5974,600921;50,4;-;20.7;1398.1;;15;;;
1029;1007;1.jpg;Fissazione;1832,348847;460,8;-;-;-;;;;;
1030;1007;1.jpg;Saccade;8858,518651;29,6;-;12.2;951.2;;15;;;
1031;1007;1.jpg;Fissazione;12043,50462;63,2;-;-;-;;;;;
1032;1007;1.jpg;Saccade;9532,202011;22,4;-;10.2;968.7;;15;;;
1033;1007;1.jpg;Saccade;10446,00355;39,2;-;23.0;1652.6;;15;;;
1034;1007;1.jpg;Saccade;10269,67154;27,2;-;10.6;755.5;;15;;;
1035;1007;1.jpg;Saccade;16090,07666;24;-;6.9;707.3;;15;;;
1036;1007;1.jpg;Saccade;15876,79535;28,8;-;8.1;517.1;;15;;;
1037;1007;1.jpg;Saccade;18331,76534;28,8;-;21.8;2131.8;;15;;;
1038;1007;1.jpg;Saccade;19685,76357;28;-;7.5;664.5;;15;;;
1039;1007;1.jpg;Saccade;18372,5219;24;-;10.9;1075.9;;15;;;
1040;1007;1.jpg;Saccade;10368,0072;24;-;12.9;1275.2;;15;;;
1041;1007;1.jpg;Fissazione;16745,88317;120,8;-;-;-;;;;;
1042;1007;1.jpg;Saccade;12756,34229;29,6;-;21.5;1887.2;;15;;;
1043;1007;1.jpg;Saccade;18765,4531;44,8;-;33.3;1772.5;;15;;;
1044;1007;1.jpg;Fissazione;4960,091817;63,2;-;-;-;;;;;
1045;1007;1.jpg;Fissazione;3873,600462;1036;-;-;-;;;;;
1046;1007;1.jpg;Saccade;7781,539263;42,4;-;18.1;1156.9;;15;;;
1047;1007;1.jpg;Fissazione;7604,050908;203,2;-;-;-;;;;;
1048;1007;1.jpg;Saccade;11445,40734;22,4;-;4.8;240.9;;15;;;
1049;1007;1.jpg;Saccade;20368,29404;51,2;-;4.5;153.7;;15;;;
1050;1007;1.jpg;Fissazione;33588,17216;818,4;-;-;-;;;;;
1051;1007;1.jpg;Saccade;8983,504283;59,2;-;23.8;956.2;;15;;;
1052;1007;2.jpg;Saccade;13595,42735;44;-;1.4;68.0;;15;;;
1053;1007;2.jpg;Saccade;6033,957778;30,4;-;26.5;1699.7;;15;;;
1054;1007;2.jpg;Saccade;6926,409395;45,6;-;17.4;954.0;;15;;;
1055;1007;2.jpg;Saccade;9112,596404;24;-;3.7;346.5;;15;;;
1056;1007;2.jpg;Saccade;7776,04647;62,4;-;19.5;1628.1;;15;;;
1057;1007;2.jpg;Fissazione;6821,055165;203,2;-;-;-;;;;;
1058;1007;2.jpg;Fissazione;7794,670897;340;-;-;-;;;;;
1059;1007;2.jpg;Saccade;7346,08849;42,4;-;18.1;1156.9;;15;;;
1060;1007;2.jpg;Fissazione;12138,8192;101,6;-;-;-;;;;;
1061;1007;2.jpg;Saccade;8428,976355;23,2;-;12.2;973.2;;15;;;
1062;1007;2.jpg;Saccade;11317,84929;24;-;12.9;1275.2;;15;;;
1063;1007;2.jpg;Saccade;8159,809782;30,4;-;14.6;1012.8;;15;;;
1064;1007;2.jpg;Saccade;6346,598638;67,2;-;17.3;833.4;;15;;;
1065;1007;2.jpg;Saccade;1729,011577;42,4;-;1.5;65.7;;15;;;
1066;1007;2.jpg;Saccade;10134,6638;22,4;-;4.8;240.9;;15;;;
1067;1007;2.jpg;Saccade;11584,96995;22,4;-;10.2;968.7;;15;;;
1068;1007;2.jpg;Saccade;21102,3143;51,2;-;4.5;153.7;;15;;;
1069;1007;2.jpg;Fissazione;7563,668753;154,4;-;-;-;;;;;
1070;1007;2.jpg;Fissazione;11329,50396;63,2;-;-;-;;;;;
1071;1007;2.jpg;Saccade;13881,11884;87,2;-;55.5;1952.3;;15;;;
1072;1007;2.jpg;Saccade;29582,60321;28;-;11.6;884.4;;15;;;
1073;1007;2.jpg;Saccade;8303,460888;58,4;-;20.8;1006.5;;15;;;
1074;1007;2.jpg;Saccade;1463,802332;49,6;-;5.3;207.5;;15;;;
1075;1007;2.jpg;Fissazione;4694,31822;1036;-;-;-;;;;;
1076;1007;2.jpg;Saccade;2983,591313;25,6;-;6.8;495.1;;15;;;
1077;1007;2.jpg;Saccade;21038,27945;44;-;19.1;1329.9;;15;;;
1078;1007;2.jpg;Saccade;6183,222264;24;-;11.0;710.5;;15;;;
1079;1007;2.jpg;Saccade;20076,05303;22,4;-;6.1;396.4;;15;;;
1080;1007;2.jpg;Saccade;12014,0755;32,8;-;13.3;1072.5;;15;;;
1081;1007;3.jpg;Saccade;987,459511;54,4;-;16.9;1056.0;;15;;;
1082;1007;3.jpg;Saccade;11383,61839;48,8;-;32.6;1876.7;;15;;;
1083;1007;3.jpg;Saccade;30957,18801;28;-;11.6;884.4;;15;;;
1084;1007;3.jpg;Fissazione;11177,69735;166,4;-;-;-;;;;;
1085;1007;3.jpg;Saccade;25460,70204;27,2;-;20.0;1688.6;;15;;;
1086;1007;3.jpg;Saccade;4944,927384;25,6;-;9.9;723.3;;15;;;
1087;1007;3.jpg;Saccade;759,3597968;24;-;6.9;732.0;;15;;;
1088;1007;3.jpg;Saccade;19265,37531;25,6;-;20.4;2027.7;;15;;;
1089;1007;3.jpg;Saccade;6146,02372;67,2;-;17.3;833.4;;15;;;
1090;1007;3.jpg;Fissazione;6210,320224;154,4;-;-;-;;;;;
1091;1007;3.jpg;Saccade;15114,24695;39,2;-;23.5;1731.4;;15;;;
1092;1007;3.jpg;Fissazione;28661,43332;818,4;-;-;-;;;;;
1093;1007;3.jpg;Fissazione;14825,26069;148,8;-;-;-;;;;;
1094;1007;3.jpg;Fissazione;18499,03251;140;-;-;-;;;;;
1095;1007;3.jpg;Saccade;9929,179277;24;-;12.9;1275.2;;15;;;
1096;1007;3.jpg;Saccade;21806,2936;24;-;10.9;1075.9;;15;;;
1097;1007;3.jpg;Saccade;6482,703421;58,4;-;26.1;1165.6;;15;;;
1098;1007;3.jpg;Saccade;23917,97992;38,4;-;22.4;1287.3;;15;;;
1099;1007;3.jpg;Saccade;6967,848028;24,8;-;10.3;1190.2;;15;;;
1100;1007;3.jpg;Saccade;12221,77924;29,6;-;21.5;1887.2;;15;;;
1101;1007;3.jpg;Saccade;1855,146113;42,4;-;1.5;65.7;;15;;;
1102;1007;3.jpg;Saccade;2549,354522;25,6;-;6.8;495.1;;15;;;
1103;1008;1.jpg;Saccade;30709,2723;28;-;11.6;884.4;;15;;;
1104;1008;1.jpg;Saccade;18194,31518;44,8;-;2.4;129.0;;15;;;
1105;1008;1.jpg;Saccade;31183,22567;90,4;-;4.4;148.5;;15;;;
1106;1008;1.jpg;Saccade;5251,825006;25,6;-;12.4;705.1;;15;;;
1107;1008;1.jpg;Fissazione;22130,61064;128;-;-;-;;;;;
1108;1008;1.jpg;Saccade;8822,788398;59,2;-;23.8;956.2;;15;;;
1109;1008;1.jpg;Saccade;9967,434882;23,2;-;12.2;973.2;;15;;;
1110;1008;1.jpg;Fissazione;34283,10479;209,6;-;-;-;;;;;
1111;1008;1.jpg;Saccade;8467,260243;36;-;20.9;1601.4;;15;;;
1112;1008;1.jpg;Saccade;8887,8853;60,8;-;20.7;1330.6;;15;;;
1113;1008;1.jpg;Fissazione;5835,391231;154,4;-;-;-;;;;;
1114;1008;1.jpg;Saccade;8169,830568;32,8;-;21.7;1388.6;;15;;;
1115;1008;1.jpg;Saccade;9479,434591;39,2;-;23.0;1652.6;;15;;;
1116;1008;1.jpg;Saccade;5937,451608;25,6;-;9.4;575.7;;15;;;
1117;1008;1.jpg;Saccade;1561,347479;42,4;-;1.5;65.7;;15;;;
1118;1008;1.jpg;Saccade;13426,65102;24;-;12.9;1275.2;;15;;;
1119;1008;1.jpg;Saccade;25653,254;27,2;-;20.0;1688.6;;15;;;
1120;1008;1.jpg;Saccade;21406,38469;43,2;-;7.3;404.4;;15;;;
1121;1008;1.jpg;Saccade;24946,72358;24;-;8.4;573.9;;15;;;
1122;1008;1.jpg;Fissazione;2685,097159;81,6;-;-;-;;;;;
1123;1008;1.jpg;Saccade;11519,02585;29,6;-;21.5;1887.2;;15;;;
1124;1008;1.jpg;Saccade;17296,14504;24;-;6.9;707.3;;15;;;
1125;1008;1.jpg;Saccade;27400,91861;38,4;-;22.4;1287.3;;15;;;
1126;1008;1.jpg;Saccade;881,7102934;54,4;-;16.9;1056.0;;15;;;
1127;1008;1.jpg;Fissazione;1403,708072;215,2;-;-;-;;;;;
1128;1008;1.jpg;Saccade;14173,02594;87,2;-;55.5;1952.3;;15;;;
1129;1008;1.jpg;Saccade;12141,367;28,8;-;8.8;565.7;;15;;;
1130;1008;1.jpg;Saccade;5145,604994;28;-;9.9;806.9;;15;;;
1131;1008;1.jpg;Fissazione;34534,91152;175,2;-;-;-;;;;;
1132;1008;1.jpg;Saccade;21556,09407;24;-;0.9;73.8;;15;;;
1133;1008;1.jpg;Saccade;24669,36676;32;-;3.3;108.3;;15;;;
1134;1008;1.jpg;Saccade;17653,0696;22,4;-;7.7;692.6;;15;;;
1135;1008;1.jpg;Fissazione;21089,88395;128;-;-;-;;;;;
1136;1008;1.jpg;Fissazione;24131,83502;102,4;-;-;-;;;;;
1137;1008;1.jpg;Saccade;12397,91652;44;-;1.4;68.0;;15;;;
1138;1008;1.jpg;Fissazione;11958,1877;143,2;-;-;-;;;;;
1139;1008;1.jpg;Saccade;482,9406257;45,6;-;14.9;887.0;;15;;;
1140;1008;1.jpg;Saccade;24175,15442;32;-;1.5;89.0;;15;;;
1141;1008;1.jpg;Fissazione;13369,91707;91,2;-;-;-;;;;;
1142;1008;1.jpg;Saccade;2279,929798;51,2;-;1.4;40.7;;15;;;
1143;1008;1.jpg;Saccade;11647,26367;26,4;-;10.3;914.0;;15;;;
1144;1008;1.jpg;Fissazione;11605,13218;257,6;-;-;-;;;;;
1145;1008;1.jpg;Saccade;6392,31821;58,4;-;26.1;1165.6;;15;;;
1146;1008;1.jpg;Saccade;4697,29328;23,2;-;13.2;721.6;;15;;;
1147;1008;1.jpg;Saccade;6040,963472;30,4;-;26.5;1699.7;;15;;;
1148;1008;1.jpg;Saccade;11910,44354;58,4;-;8.2;378.7;;15;;;
1149;1008;1.jpg;Saccade;9441,157606;32,8;-;9.0;642.7;;15;;;
1150;1008;1.jpg;Saccade;1482,769116;29,6;-;1.6;91.3;;15;;;
1151;1008;1.jpg;Fissazione;13595,69667;120,8;-;-;-;;;;;
1152;1008;1.jpg;Saccade;530,5894649;34,4;-;14.4;1205.6;;15;;;
1153;1008;1.jpg;Saccade;11235,63418;26,4;-;17.7;1300.4;;15;;;
1154;1008;1.jpg;Saccade;15593,39349;92;-;50.7;1483.9;;15;;;
1155;1008;1.jpg;Fissazione;17585,66644;294,4;-;-;-;;;;;
1156;1008;1.jpg;Saccade;3702,397912;25,6;-;8.3;601.6;;15;;;
1157;1008;1.jpg;Saccade;11483,05475;25,6;-;6.3;627.6;;15;;;
1158;1008;1.jpg;Saccade;13760,45825;35,2;-;15.5;935.0;;15;;;
1159;1008;1.jpg;Saccade;25353,85295;27,2;-;12.9;1033.0;;15;;;
1160;1008;1.jpg;Saccade;12008,88056;23,2;-;7.2;613.7;;15;;;
1161;1008;1.jpg;Fissazione;1628,19829;460,8;-;-;-;;;;;
1162;1008;1.jpg;Fissazione;910,6523659;121,6;-;-;-;;;;;
1163;1008;1.jpg;Saccade;18006,21508;28;-;7.5;664.5;;15;;;
1164;1008;1.jpg;Fissazione;20426,01999;140;-;-;-;;;;;
1165;1008;1.jpg;Saccade;20860,39478;28,8;-;21.8;2131.8;;15;;;
1166;1008;1.jpg;Saccade;23919,60521;23,2;-;21.2;1938.5;;15;;;
1167;1008;1.jpg;Saccade;9845,410451;32,8;-;1.1;79.5;;15;;;
1168;1008;1.jpg;Saccade;4526,612105;25,6;-;9.9;723.3;;15;;;
1169;1008;1.jpg;Saccade;8226,131749;42,4;-;18.1;1156.9;;15;;;
1170;1008;1.jpg;Saccade;8468,438318;29,6;-;12.2;951.2;;15;;;
1171;1008;1.jpg;Saccade;13129,73165;39,2;-;23.5;1731.4;;15;;;
1172;1008;1.jpg;Saccade;8523,102028;49,6;-;42.6;2043.6;;15;;;
1173;1008;1.jpg;Saccade;12827,49078;24;-;7.6;557.5;;15;;;
1174;1008;1.jpg;Saccade;3098,926845;63,2;-;23.3;1289.9;;15;;;
1175;1008;1.jpg;Saccade;854,8079406;44;-;6.0;368.7;;15;;;
1176;1008;1.jpg;Saccade;7228,289607;50,4;-;20.7;1398.1;;15;;;
1177;1008;1.jpg;Saccade;19088,60121;28,8;-;8.1;517.1;;15;;;
1178;1008;1.jpg;Saccade;16902,61519;36,8;-;15.2;699.5;;15;;;
1179;1008;1.jpg;Saccade;18695,42006;22,4;-;6.8;675.8;;15;;;
1180;1008;1.jpg;Saccade;19114,85717;44,8;-;33.3;1772.5;;15;;;
1181;1008;1.jpg;Saccade;3625,354149;27,2;-;7.1;650.4;;15;;;
1182;1008;1.jpg;Fissazione;28353,04858;818,4;-;-;-;;;;;
1183;1008;1.jpg;Saccade;19435,08148;22,4;-;6.1;396.4;;15;;;
1184;1008;1.jpg;Saccade;10448,77471;24;-;3.7;346.5;;15;;;
1185;1008;1.jpg;Fissazione;10722,20647;63,2;-;-;-;;;;;
1186;1008;1.jpg;Saccade;20502,57118;25,6;-;20.4;2027.7;;15;;;
1187;1008;1.jpg;Saccade;296,9776892;24,8;-;14.7;1053.0;;15;;;
1188;1008;1.jpg;Saccade;8942,358533;32,8;-;9.9;587.8;;15;;;
1189;1008;1.jpg;Saccade;18730,15341;24;-;10.9;1075.9;;15;;;
1190;1008;1.jpg;Saccade;22328,1882;44;-;19.1;1329.9;;15;;;
1191;1008;1.jpg;Fissazione;12258,77836;166,4;-;-;-;;;;;
1192;1008;1.jpg;Saccade;10544,03535;39,2;-;23.4;1505.0;;15;;;
1193;1008;1.jpg;Fissazione;656,8762456;51,2;-;-;-;;;;;
1194;1008;1.jpg;Saccade;10888,22865;32,8;-;13.3;1072.5;;15;;;
1195;1008;2.jpg;Saccade;20569,54856;52,8;-;3.4;109.8;;15;;;
1196;1008;2.jpg;Saccade;5978,683778;28,8;-;15.6;1161.7;;15;;;
1197;1008;2.jpg;Saccade;12961,89128;59,2;-;22.9;1454.1;;15;;;
1198;1008;2.jpg;Saccade;32498,33557;28;-;11.6;884.4;;15;;;
1199;1008;2.jpg;Saccade;22512,98527;43,2;-;7.3;404.4;;15;;;
1200;1008;2.jpg;Saccade;2559,771838;32;-;10.6;1054.0;;15;;;
1201;1008;2.jpg;Saccade;2430,273381;22,4;-;9.3;777.1;;15;;;
1202;1008;2.jpg;Saccade;9789,958802;49,6;-;42.6;2043.6;;15;;;
1203;1008;2.jpg;Saccade;32392,17249;52;-;19.6;1348.3;;15;;;
1204;1008;2.jpg;Fissazione;694,4519991;51,2;-;-;-;;;;;
1205;1008;2.jpg;Saccade;16744,42986;28,8;-;8.1;517.1;;15;;;
1206;1008;2.jpg;Fissazione;5478,205141;63,2;-;-;-;;;;;
1207;1008;2.jpg;Saccade;1633,485702;39,2;-;7.9;536.1;;15;;;
1208;1008;2.jpg;Fissazione;880,4913885;121,6;-;-;-;;;;;
1209;1008;2.jpg;Saccade;9066,059997;36;-;20.9;1601.4;;15;;;
1210;1008;2.jpg;Saccade;11045,93709;26,4;-;17.7;1300.4;;15;;;
1211;1008;2.jpg;Saccade;5683,017184;22,4;-;6.6;569.1;;15;;;
1212;1008;2.jpg;Saccade;4633,66198;23,2;-;13.2;721.6;;15;;;
1213;1008;2.jpg;Saccade;8209,030694;42,4;-;18.1;1156.9;;15;;;
1214;1008;2.jpg;Fissazione;13900,69562;360,8;-;-;-;;;;;
1215;1008;2.jpg;Saccade;21435,5784;44;-;19.1;1329.9;;15;;;
1216;1008;2.jpg;Saccade;10290,029;32,8;-;16.6;1277.4;;15;;;
1217;1008;2.jpg;Saccade;8839,495811;23,2;-;12.2;973.2;;15;;;
1218;1008;2.jpg;Fissazione;26952,81946;209,6;-;-;-;;;;;
1219;1008;2.jpg;Saccade;3069,672061;63,2;-;23.3;1289.9;;15;;;
1220;1008;2.jpg;Saccade;6984,125558;32,8;-;1.1;79.5;;15;;;
1221;1008;2.jpg;Saccade;11017,0083;22,4;-;4.8;240.9;;15;;;
1222;1008;2.jpg;Saccade;8697,911899;24;-;3.7;346.5;;15;;;
1223;1008;2.jpg;Saccade;9770,189596;32,8;-;9.0;642.7;;15;;;
1224;1008;2.jpg;Fissazione;15164,61451;257,6;-;-;-;;;;;
1225;1008;2.jpg;Fissazione;19180,30061;294,4;-;-;-;;;;;
1226;1008;2.jpg;Saccade;8411,216154;32,8;-;21.7;1388.6;;15;;;
1227;1008;2.jpg;Saccade;10147,36504;32,8;-;13.3;1072.5;;15;;;
1228;1008;2.jpg;Saccade;14542,74892;32;-;1.3;85.3;;15;;;
1229;1008;2.jpg;Fissazione;14422,59643;166,4;-;-;-;;;;;
1230;1008;2.jpg;Saccade;10297,04778;29,6;-;15.1;1262.8;;15;;;
1231;1008;2.jpg;Saccade;6569,675748;30,4;-;26.5;1699.7;;15;;;
1232;1008;2.jpg;Fissazione;7162,078443;340;-;-;-;;;;;
1233;1008;2.jpg;Saccade;17433,65736;23,2;-;9.5;976.9;;15;;;
1234;1008;2.jpg;Saccade;2720,467483;29,6;-;9.5;631.0;;15;;;
1235;1008;2.jpg;Saccade;14218,18895;92;-;50.7;1483.9;;15;;;
1236;1008;2.jpg;Saccade;7139,750294;60,8;-;20.7;1330.6;;15;;;
1237;1008;2.jpg;Saccade;6539,773148;22,4;-;7.8;672.6;;15;;;
1238;1008;2.jpg;Saccade;9489,945536;75,2;-;70.9;2061.7;;15;;;
1239;1008;2.jpg;Fissazione;25655,68798;128;-;-;-;;;;;
1240;1008;3.jpg;Saccade;1025,827475;54,4;-;16.9;1056.0;;15;;;
1241;1008;3.jpg;Fissazione;23475,06715;128;-;-;-;;;;;
1242;1008;3.jpg;Saccade;5594,342998;24;-;11.0;710.5;;15;;;
1243;1008;3.jpg;Saccade;16784,07193;22,4;-;7.7;692.6;;15;;;
1244;1008;3.jpg;Saccade;7347,87771;58,4;-;20.8;1006.5;;15;;;
1245;1008;3.jpg;Saccade;8709,79695;32,8;-;16.6;1277.4;;15;;;
1246;1008;3.jpg;Saccade;37982,30041;51,2;-;5.2;293.5;;15;;;
1247;1008;3.jpg;Saccade;8121,213029;32,8;-;21.7;1388.6;;15;;;
1248;1008;3.jpg;Saccade;1601,512997;49,6;-;5.3;207.5;;15;;;
1249;1008;3.jpg;Saccade;7119,211856;67,2;-;17.3;833.4;;15;;;
1250;1008;3.jpg;Saccade;13220,30998;35,2;-;15.5;935.0;;15;;;
1251;1008;3.jpg;Saccade;10880,51067;26,4;-;10.3;914.0;;15;;;
1252;1008;3.jpg;Fissazione;1359,485052;215,2;-;-;-;;;;;
1253;1008;3.jpg;Saccade;838,5940543;24;-;6.9;732.0;;15;;;
1254;1008;3.jpg;Saccade;13364,2578;39,2;-;23.5;1731.4;;15;;;
1255;1008;3.jpg;Saccade;22830,50831;23,2;-;21.2;1938.5;;15;;;
1256;1008;3.jpg;Saccade;5876,39979;25,6;-;9.4;575.7;;15;;;
1257;1008;3.jpg;Fissazione;1590,697236;460,8;-;-;-;;;;;
1258;1008;3.jpg;Saccade;18930,13491;28,8;-;8.1;517.1;;15;;;
1259;1009;1.jpg;Saccade;18954,8969;52,8;-;3.4;109.8;;15;;;
1260;1009;1.jpg;Saccade;10508,19717;25,6;-;6.3;627.6;;15;;;
1261;1009;1.jpg;Fissazione;29547,2054;818,4;-;-;-;;;;;
1262;1009;1.jpg;Fissazione;17171,82412;112;-;-;-;;;;;
1263;1009;1.jpg;Fissazione;22245,15821;140;-;-;-;;;;;
1264;1009;1.jpg;Saccade;8493,217581;42,4;-;18.1;1156.9;;15;;;
1265;1009;1.jpg;Saccade;8523,202679;32,8;-;21.7;1388.6;;15;;;
1266;1009;1.jpg;Saccade;26733,3053;45,6;-;11.7;623.4;;15;;;
1267;1009;1.jpg;Fissazione;1147,839029;215,2;-;-;-;;;;;
1268;1009;1.jpg;Saccade;6504,47136;58,4;-;26.1;1165.6;;15;;;
1269;1009;1.jpg;Saccade;2270,092768;22,4;-;9.3;777.1;;15;;;
1270;1009;1.jpg;Saccade;12615,9225;58,4;-;8.2;378.7;;15;;;
1271;1009;1.jpg;Saccade;9180,89656;49,6;-;42.6;2043.6;;15;;;
1272;1009;1.jpg;Saccade;1489,235353;49,6;-;5.3;207.5;;15;;;
1273;1009;1.jpg;Fissazione;4326,997539;1036;-;-;-;;;;;
1274;1009;1.jpg;Saccade;7110,039537;62,4;-;19.5;1628.1;;15;;;
1275;1009;1.jpg;Saccade;24831,69945;38,4;-;22.4;1287.3;;15;;;
1276;1009;1.jpg;Saccade;12543,10729;32,8;-;13.3;1072.5;;15;;;
1277;1009;1.jpg;Saccade;9496,270623;24;-;3.7;346.5;;15;;;
1278;1009;1.jpg;Saccade;4396,962665;23,2;-;13.2;721.6;;15;;;
1279;1009;1.jpg;Fissazione;3077,229653;81,6;-;-;-;;;;;
1280;1009;1.jpg;Saccade;6349,733098;30,4;-;26.5;1699.7;;15;;;
1281;1009;1.jpg;Saccade;12487,61428;48,8;-;32.6;1876.7;;15;;;
1282;1009;1.jpg;Saccade;26023,46048;32;-;1.5;89.0;;15;;;
1283;1009;1.jpg;Saccade;19639,32194;44;-;19.1;1329.9;;15;;;
1284;1009;1.jpg;Saccade;13417,69948;32;-;1.3;85.3;;15;;;
1285;1009;1.jpg;Saccade;2774,378252;63,2;-;23.3;1289.9;;15;;;
1286;1009;1.jpg;Saccade;13332,22833;35,2;-;15.5;935.0;;15;;;
1287;1009;1.jpg;Saccade;3071,916374;27,2;-;7.1;650.4;;15;;;
1288;1009;1.jpg;Saccade;1340,879606;29,6;-;1.6;91.3;;15;;;
1289;1009;1.jpg;Saccade;27598,93984;29,6;-;6.8;506.7;;15;;;
1290;1009;1.jpg;Saccade;7648,261726;45,6;-;17.4;954.0;;15;;;
1291;1009;1.jpg;Fissazione;33191,09897;209,6;-;-;-;;;;;
1292;1009;1.jpg;Saccade;26482,8485;32;-;3.3;108.3;;15;;;
1293;1009;1.jpg;Saccade;8844,498447;75,2;-;70.9;2061.7;;15;;;
1294;1009;1.jpg;Saccade;24811,39191;22,4;-;4.0;197.1;;15;;;
1295;1009;1.jpg;Saccade;10747,50677;32,8;-;16.6;1277.4;;15;;;
1296;1009;1.jpg;Saccade;6396,200757;22,4;-;6.6;569.1;;15;;;
1297;1009;1.jpg;Saccade;15899,28;28,8;-;8.1;517.1;;15;;;
1298;1009;1.jpg;Saccade;13404,33595;28;-;6.9;637.2;;15;;;
1299;1009;1.jpg;Saccade;5358,30112;28;-;9.9;806.9;;15;;;
1300;1009;1.jpg;Saccade;33277,01964;90,4;-;4.4;148.5;;15;;;
1301;1009;1.jpg;Saccade;17345,61266;43,2;-;7.3;404.4;;15;;;
1302;1009;1.jpg;Fissazione;8486,428196;352;-;-;-;;;;;
1303;1009;1.jpg;Saccade;22865,34754;27,2;-;12.9;1033.0;;15;;;
1304;1009;1.jpg;Saccade;1750,691414;39,2;-;7.9;536.1;;15;;;
1305;1009;1.jpg;Saccade;18407,33013;22,4;-;6.1;396.4;;15;;;
1306;1009;1.jpg;Fissazione;10157,92571;264,8;-;-;-;;;;;
1307;1009;1.jpg;Saccade;11773,56364;29,6;-;15.1;1262.8;;15;;;
1308;1009;1.jpg;Fissazione;14305,95427;257,6;-;-;-;;;;;
1309;1009;1.jpg;Saccade;18657,0887;24;-;10.9;1075.9;;15;;;
1310;1009;1.jpg;Saccade;13215,20873;29,6;-;21.5;1887.2;;15;;;
1311;1009;1.jpg;Fissazione;1675,087216;460,8;-;-;-;;;;;
1312;1009;1.jpg;Saccade;33001,05478;51,2;-;5.2;293.5;;15;;;
1313;1009;1.jpg;Saccade;10785,83461;22,4;-;4.8;240.9;;15;;;
1314;1009;1.jpg;Saccade;520,3247462;45,6;-;14.9;887.0;;15;;;
1315;1009;1.jpg;Saccade;2865,617351;29,6;-;9.5;631.0;;15;;;
1316;1009;1.jpg;Saccade;8708,427978;36;-;20.9;1601.4;;15;;;
1317;1009;1.jpg;Saccade;13241,62143;24,8;-;16.3;1662.5;;15;;;
1318;1009;1.jpg;Saccade;8536,383637;30,4;-;14.6;1012.8;;15;;;
1319;1009;1.jpg;Saccade;6719,763846;67,2;-;17.3;833.4;;15;;;
1320;1009;1.jpg;Saccade;5691,73439;24,8;-;10.3;1190.2;;15;;;
1321;1009;1.jpg;Saccade;11471,58435;59,2;-;22.9;1454.1;;15;;;
1322;1009;1.jpg;Saccade;12757,94309;28,8;-;8.8;565.7;;15;;;
1323;1009;1.jpg;Saccade;14607,00408;87,2;-;55.5;1952.3;;15;;;
1324;1009;1.jpg;Fissazione;25402,58911;102,4;-;-;-;;;;;
1325;1009;1.jpg;Fissazione;12774,42675;143,2;-;-;-;;;;;
1326;1009;2.jpg;Fissazione;13668,14153;148,8;-;-;-;;;;;
1327;1009;2.jpg;Saccade;11231,91741;32;-;1.3;85.3;;15;;;
1328;1009;2.jpg;Saccade;3076,417938;63,2;-;23.3;1289.9;;15;;;
1329;1009;2.jpg;Saccade;27509,55477;26,4;-;11.5;1098.9;;15;;;
1330;1009;2.jpg;Saccade;18900,54662;36,8;-;15.2;699.5;;15;;;
1331;1009;2.jpg;Fissazione;12654,8889;143,2;-;-;-;;;;;
1332;1009;2.jpg;Saccade;11309,88357;39,2;-;23.4;1505.0;;15;;;
1333;1009;2.jpg;Saccade;26125,7117;27,2;-;20.0;1688.6;;15;;;
1334;1009;2.jpg;Fissazione;25817,24274;102,4;-;-;-;;;;;
1335;1009;2.jpg;Fissazione;11515,8271;101,6;-;-;-;;;;;
1336;1009;2.jpg;Saccade;1022,463402;54,4;-;16.9;1056.0;;15;;;
1337;1009;2.jpg;Fissazione;5822,058508;63,2;-;-;-;;;;;
1338;1009;2.jpg;Saccade;9906,13507;29,6;-;15.1;1262.8;;15;;;
1339;1009;2.jpg;Saccade;10105,17014;32,8;-;9.0;642.7;;15;;;
1340;1009;2.jpg;Saccade;14153,95422;92;-;50.7;1483.9;;15;;;
1341;1009;2.jpg;Saccade;28551,29117;32;-;3.3;108.3;;15;;;
1342;1009;2.jpg;Fissazione;12405,40777;91,2;-;-;-;;;;;
1343;1009;2.jpg;Saccade;2557,478301;36;-;32.4;2009.2;;15;;;
1344;1009;2.jpg;Saccade;2653,375987;32,8;-;14.3;1019.5;;15;;;
1345;1009;2.jpg;Saccade;19973,6351;25,6;-;20.4;2027.7;;15;;;
1346;1009;2.jpg;Fissazione;927,4793902;121,6;-;-;-;;;;;
1347;1009;2.jpg;Saccade;581,8744542;45,6;-;14.9;887.0;;15;;;
1348;1009;2.jpg;Saccade;11573,15078;22,4;-;4.8;240.9;;15;;;
1349;1009;2.jpg;Saccade;4664,991231;28;-;9.9;806.9;;15;;;
1350;1009;2.jpg;Fissazione;7081,068063;369,6;-;-;-;;;;;
1351;1009;2.jpg;Saccade;5059,618816;24;-;11.0;710.5;;15;;;
1352;1009;2.jpg;Saccade;2797,750986;25,6;-;6.8;495.1;;15;;;
1353;1009;2.jpg;Saccade;14095,86498;24;-;7.6;557.5;;15;;;
1354;1009;2.jpg;Saccade;17219,61268;24;-;6.9;707.3;;15;;;
1355;1009;3.jpg;Saccade;599,7831429;45,6;-;14.9;887.0;;15;;;
1356;1009;3.jpg;Saccade;11171,39578;39,2;-;23.0;1652.6;;15;;;
1357;1009;3.jpg;Fissazione;4376,210206;1036;-;-;-;;;;;
1358;1009;3.jpg;Saccade;12897,33788;59,2;-;22.9;1454.1;;15;;;
1359;1009;3.jpg;Saccade;26871,88078;28;-;11.6;884.4;;15;;;
1360;1009;3.jpg;Saccade;7741,688735;58,4;-;20.8;1006.5;;15;;;
1361;1009;3.jpg;Saccade;9137,358715;36;-;20.9;1601.4;;15;;;
1362;1009;3.jpg;Saccade;4734,38253;25,6;-;9.4;575.7;;15;;;
1363;1009;3.jpg;Saccade;2735,811731;36;-;32.4;2009.2;;15;;;
1364;1009;3.jpg;Fissazione;20172,93717;294,4;-;-;-;;;;;
1365;1009;3.jpg;Saccade;13275,36578;32;-;1.3;85.3;;15;;;
1366;1009;3.jpg;Fissazione;20839,46536;128;-;-;-;;;;;
1367;1009;3.jpg;Fissazione;601,446809;51,2;-;-;-;;;;;
1368;1009;3.jpg;Saccade;12566,53157;28;-;6.9;637.2;;15;;;
1369;1009;3.jpg;Saccade;3818,44872;27,2;-;7.1;650.4;;15;;;
1370;1009;3.jpg;Saccade;18450,75818;44,8;-;2.4;129.0;;15;;;
1371;1009;3.jpg;Saccade;4779,762207;23,2;-;13.2;721.6;;15;;;
1372;1009;3.jpg;Fissazione;21115,5815;112;-;-;-;;;;;
1373;1009;3.jpg;Saccade;9597,39809;23,2;-;12.2;973.2;;15;;;
1374;1009;3.jpg;Saccade;9077,019205;49,6;-;42.6;2043.6;;15;;;
1375;1009;3.jpg;Saccade;13044,47252;39,2;-;23.5;1731.4;;15;;;
1376;1009;3.jpg;Saccade;6017,667664;24;-;11.0;710.5;;15;;;
1377;1009;3.jpg;Saccade;19356,425;22,4;-;6.8;675.8;;15;;;
1378;1009;3.jpg;Fissazione;1991,884908;460,8;-;-;-;;;;;
1379;1009;3.jpg;Saccade;7081,284014;22,4;-;3.9;267.1;;15;;;
1380;1009;3.jpg;Saccade;19035,04973;25,6;-;20.4;2027.7;;15;;;
1381;1009;3.jpg;Saccade;7223,863812;32,8;-;1.1;79.5;;15;;;
1382;1010;1.jpg;Fissazione;11481,43081;264,8;-;-;-;;;;;
1383;1010;1.jpg;Saccade;24344,53775;27,2;-;20.0;1688.6;;15;;;
1384;1010;1.jpg;Saccade;13427,75855;44;-;1.4;68.0;;15;;;
1385;1010;1.jpg;Saccade;26184,67792;29,6;-;6.8;506.7;;15;;;
1386;1010;1.jpg;Saccade;17329,25697;24;-;0.9;73.8;;15;;;
1387;1010;1.jpg;Saccade;8601,590143;29,6;-;12.2;951.2;;15;;;
1388;1010;1.jpg;Fissazione;20336,70454;128;-;-;-;;;;;
1389;1010;1.jpg;Saccade;25539,98738;27,2;-;12.9;1033.0;;15;;;
1390;1010;1.jpg;Saccade;27795,98428;38,4;-;22.4;1287.3;;15;;;
1391;1010;1.jpg;Saccade;11081,64854;24,8;-;16.3;1662.5;;15;;;
1392;1010;1.jpg;Fissazione;31968,787;209,6;-;-;-;;;;;
1393;1010;1.jpg;Fissazione;712,5496234;51,2;-;-;-;;;;;
1394;1010;1.jpg;Saccade;12390,36774;23,2;-;7.2;613.7;;15;;;
1395;1010;1.jpg;Saccade;12691,99769;28,8;-;8.8;565.7;;15;;;
1396;1010;1.jpg;Fissazione;11539,02608;257,6;-;-;-;;;;;
1397;1010;1.jpg;Saccade;7931,904136;23,2;-;12.2;973.2;;15;;;
1398;1010;1.jpg;Saccade;2060,015015;51,2;-;1.4;40.7;;15;;;
1399;1010;1.jpg;Fissazione;1462,187971;460,8;-;-;-;;;;;
1400;1010;1.jpg;Saccade;21586,23357;52,8;-;3.4;109.8;;15;;;
1401;1010;1.jpg;Saccade;20448,63562;22,4;-;6.8;675.8;;15;;;
1402;1010;1.jpg;Fissazione;25559,83911;128;-;-;-;;;;;
1403;1010;1.jpg;Saccade;5186,829184;22,4;-;6.6;569.1;;15;;;
1404;1010;1.jpg;Saccade;5430,251024;25,6;-;9.4;575.7;;15;;;
1405;1010;1.jpg;Fissazione;2380,926745;81,6;-;-;-;;;;;
1406;1010;1.jpg;Saccade;3113,259355;29,6;-;9.5;631.0;;15;;;
1407;1010;1.jpg;Fissazione;7236,046277;154,4;-;-;-;;;;;
1408;1010;1.jpg;Saccade;27089,00527;32;-;3.3;108.3;;15;;;
1409;1010;1.jpg;Saccade;13763,7883;35,2;-;15.5;935.0;;15;;;
1410;1010;1.jpg;Saccade;7488,556609;30,4;-;14.6;1012.8;;15;;;
1411;1010;1.jpg;Saccade;6113,06625;30,4;-;26.5;1699.7;;15;;;
1412;1010;1.jpg;Saccade;8560,86352;32,8;-;9.9;587.8;;15;;;
1413;1010;1.jpg;Saccade;7358,041461;67,2;-;17.3;833.4;;15;;;
1414;1010;1.jpg;Saccade;6061,391489;25,6;-;12.4;705.1;;15;;;
1415;1010;1.jpg;Saccade;874,7212826;54,4;-;16.9;1056.0;;15;;;
1416;1010;1.jpg;Saccade;15052,35405;32;-;1.3;85.3;;15;;;
1417;1010;1.jpg;Saccade;16611,866;44,8;-;2.4;129.0;;15;;;
1418;1010;1.jpg;Fissazione;7946,484874;340;-;-;-;;;;;
1419;1010;1.jpg;Saccade;17784,94562;28,8;-;8.1;517.1;;15;;;
1420;1010;1.jpg;Saccade;772,203187;24;-;6.9;732.0;;15;;;
1421;1010;1.jpg;Saccade;31476,22359;52;-;19.6;1348.3;;15;;;
1422;1010;1.jpg;Saccade;26060,61338;40;-;14.9;1083.8;;15;;;
1423;1010;1.jpg;Fissazione;19139,06517;294,4;-;-;-;;;;;
1424;1010;1.jpg;Saccade;25423,4646;31,2;-;11.8;1263.2;;15;;;
1425;1010;1.jpg;Saccade;7069,423961;28;-;9.0;675.6;;15;;;
1426;1010;1.jpg;Saccade;10405,3574;32,8;-;16.6;1277.4;;15;;;
1427;1010;1.jpg;Saccade;6074,829938;28;-;9.9;806.9;;15;;;
1428;1010;1.jpg;Fissazione;1486,365183;117,6;-;-;-;;;;;
1429;1010;1.jpg;Fissazione;24326,3982;102,4;-;-;-;;;;;
1430;1010;1.jpg;Saccade;12143,74541;29,6;-;21.5;1887.2;;15;;;
1431;1010;1.jpg;Saccade;25487,41488;45,6;-;11.7;623.4;;15;;;
1432;1010;1.jpg;Saccade;8537,357475;75,2;-;70.9;2061.7;;15;;;
1433;1010;1.jpg;Saccade;6743,236376;62,4;-;19.5;1628.1;;15;;;
1434;1010;1.jpg;Saccade;15577,35876;59,2;-;22.9;1454.1;;15;;;
1435;1010;1.jpg;Fissazione;8057,93403;203,2;-;-;-;;;;;
1436;1010;1.jpg;Fissazione;21380,46295;112;-;-;-;;;;;
1437;1010;1.jpg;Saccade;2674,85598;63,2;-;23.3;1289.9;;15;;;
1438;1010;1.jpg;Fissazione;6801,779866;369,6;-;-;-;;;;;
1439;1010;1.jpg;Fissazione;12828,09019;360,8;-;-;-;;;;;
1440;1010;1.jpg;Saccade;10413,79514;32,8;-;13.3;1072.5;;15;;;
1441;1010;1.jpg;Fissazione;13735,94721;148,8;-;-;-;;;;;
1442;1010;1.jpg;Saccade;31004,2291;28;-;11.6;884.4;;15;;;
1443;1010;1.jpg;Saccade;10422,30489;48,8;-;32.6;1876.7;;15;;;
1444;1010;1.jpg;Fissazione;19716,08573;140;-;-;-;;;;;
1445;1010;1.jpg;Saccade;7873,013901;32,8;-;21.7;1388.6;;15;;;
1446;1010;1.jpg;Fissazione;6096,375685;63,2;-;-;-;;;;;
1447;1010;1.jpg;Saccade;6871,137091;45,6;-;17.4;954.0;;15;;;
1448;1010;1.jpg;Saccade;22371,80292;22,4;-;4.0;197.1;;15;;;
1449;1010;1.jpg;Fissazione;32121,55805;175,2;-;-;-;;;;;
1450;1010;1.jpg;Saccade;11678,77546;39,2;-;23.4;1505.0;;15;;;
1451;1010;1.jpg;Saccade;18400,50314;51,2;-;4.5;153.7;;15;;;
1452;1010;1.jpg;Saccade;29605,88978;51,2;-;5.2;293.5;;15;;;
1453;1010;1.jpg;Saccade;17759,40095;24;-;10.9;1075.9;;15;;;
1454;1010;1.jpg;Fissazione;3893,304378;1036;-;-;-;;;;;
1455;1010;1.jpg;Saccade;7755,849385;22,4;-;3.9;267.1;;15;;;
1456;1010;1.jpg;Saccade;15914,72916;22,4;-;7.7;692.6;;15;;;
1457;1010;1.jpg;Saccade;19124,7743;36,8;-;15.2;699.5;;15;;;
1458;1010;1.jpg;Saccade;22078,07653;44;-;19.1;1329.9;;15;;;
1459;1010;1.jpg;Saccade;24401,79313;23,2;-;21.2;1938.5;;15;;;
1460;1010;1.jpg;Saccade;606,677734;45,6;-;14.9;887.0;;15;;;
1461;1010;1.jpg;Saccade;704,85972;44;-;6.0;368.7;;15;;;
1462;1010;1.jpg;Saccade;17695,95484;23,2;-;9.5;976.9;;15;;;
1463;1010;1.jpg;Saccade;8031,449706;60,8;-;20.7;1330.6;;15;;;
1464;1010;1.jpg;Saccade;22777,02097;24;-;8.4;573.9;;15;;;
1465;1010;1.jpg;Saccade;10918,94664;39,2;-;23.5;1731.4;;15;;;
1466;1010;1.jpg;Saccade;1738,030215;42,4;-;1.5;65.7;;15;;;
1467;1010;1.jpg;Saccade;19178,60276;28;-;7.5;664.5;;15;;;
1468;1010;1.jpg;Saccade;7616,94027;59,2;-;23.8;956.2;;15;;;
1469;1010;1.jpg;Saccade;2554,524697;25,6;-;6.8;495.1;;15;;;
1470;1010;1.jpg;Fissazione;11388,62023;101,6;-;-;-;;;;;
1471;1010;1.jpg;Saccade;21378,9746;25,6;-;20.4;2027.7;;15;;;
1472;1010;1.jpg;Saccade;13088,97231;92;-;50.7;1483.9;;15;;;
1473;1010;1.jpg;Saccade;481,8526502;34,4;-;14.4;1205.6;;15;;;
1474;1010;1.jpg;Fissazione;767,3757487;121,6;-;-;-;;;;;
1475;1010;1.jpg;Saccade;2664,025802;36;-;32.4;2009.2;;15;;;
1476;1010;1.jpg;Saccade;2552,69481;32;-;10.6;1054.0;;15;;;
1477;1010;1.jpg;Saccade;11744,80648;24;-;12.9;1275.2;;15;;;
1478;1010;1.jpg;Saccade;2369,169663;32,8;-;14.3;1019.5;;15;;;
1479;1010;1.jpg;Saccade;5696,281044;24;-;11.0;710.5;;15;;;
1480;1010;1.jpg;Fissazione;1232,42052;215,2;-;-;-;;;;;
1481;1010;2.jpg;Saccade;21599,90113;43,2;-;7.3;404.4;;15;;;
1482;1010;2.jpg;Saccade;2791,288352;27,2;-;7.1;650.4;;15;;;
1483;1010;2.jpg;Saccade;27191,44875;45,6;-;11.7;623.4;;15;;;
1484;1010;2.jpg;Saccade;5159,972953;25,6;-;9.4;575.7;;15;;;
1485;1010;2.jpg;Fissazione;13536,75237;143,2;-;-;-;;;;;
1486;1010;2.jpg;Saccade;6402,275068;67,2;-;17.3;833.4;;15;;;
1487;1010;2.jpg;Saccade;816,5076081;44;-;6.0;368.7;;15;;;
1488;1010;2.jpg;Saccade;12371,45527;22,4;-;4.8;240.9;;15;;;
1489;1010;2.jpg;Fissazione;6961,845693;154,4;-;-;-;;;;;
1490;1010;2.jpg;Saccade;13913,04104;24;-;7.6;557.5;;15;;;
1491;1010;2.jpg;Saccade;1649,61338;49,6;-;5.3;207.5;;15;;;
1492;1010;2.jpg;Saccade;15318,3036;32;-;1.3;85.3;;15;;;
1493;1010;2.jpg;Saccade;8946,333173;75,2;-;70.9;2061.7;;15;;;
1494;1010;2.jpg;Saccade;26778,34876;90,4;-;4.4;148.5;;15;;;
1495;1010;2.jpg;Saccade;2465,077247;36;-;32.4;2009.2;;15;;;
1496;1010;2.jpg;Fissazione;29622,74941;175,2;-;-;-;;;;;
1497;1010;2.jpg;Saccade;361,2203331;24,8;-;14.7;1053.0;;15;;;
1498;1010;2.jpg;Saccade;602,3939977;45,6;-;14.9;887.0;;15;;;
1499;1010;2.jpg;Fissazione;6899,931827;369,6;-;-;-;;;;;
1500;1010;2.jpg;Saccade;1370,988382;29,6;-;1.6;91.3;;15;;;
1501;1010;2.jpg;Saccade;5978,032979;28;-;9.0;675.6;;15;;;
1502;1010;2.jpg;Saccade;835,7364486;24;-;6.9;732.0;;15;;;
1503;1010;2.jpg;Saccade;9852,462608;59,2;-;23.8;956.2;;15;;;
1504;1010;2.jpg;Saccade;11637,6791;32,8;-;9.0;642.7;;15;;;
1505;1010;2.jpg;Saccade;9611,271189;29,6;-;12.2;951.2;;15;;;
1506;1010;2.jpg;Fissazione;21432,11817;140;-;-;-;;;;;
1507;1010;2.jpg;Saccade;17408,09776;22,4;-;7.7;692.6;;15;;;
1508;1010;2.jpg;Fissazione;7368,446015;340;-;-;-;;;;;
1509;1010;2.jpg;Saccade;13819,5112;87,2;-;55.5;1952.3;;15;;;
1510;1010;2.jpg;Saccade;13282,31769;58,4;-;8.2;378.7;;15;;;
1511;1010;2.jpg;Saccade;20088,79531;44,8;-;33.3;1772.5;;15;;;
1512;1010;2.jpg;Fissazione;11807,69919;264,8;-;-;-;;;;;
1513;1010;2.jpg;Fissazione;6565,99653;203,2;-;-;-;;;;;
1514;1010;2.jpg;Saccade;6439,148587;24;-;11.0;710.5;;15;;;
1515;1010;2.jpg;Saccade;3482,628496;23,2;-;13.2;721.6;;15;;;
1516;1010;2.jpg;Saccade;29244,85039;29,6;-;6.8;506.7;;15;;;
1517;1010;2.jpg;Fissazione;19519,8723;112;-;-;-;;;;;
1518;1010;2.jpg;Saccade;7201,463781;45,6;-;17.4;954.0;;15;;;
1519;1010;3.jpg;Fissazione;13445,94025;101,6;-;-;-;;;;;
1520;1010;3.jpg;Saccade;13018,75567;29,6;-;21.5;1887.2;;15;;;
1521;1010;3.jpg;Saccade;7754,26494;58,4;-;26.1;1165.6;;15;;;
1522;1010;3.jpg;Saccade;2806,946826;36;-;32.4;2009.2;;15;;;
1523;1010;3.jpg;Saccade;21801,77294;44;-;19.1;1329.9;;15;;;
1524;1010;3.jpg;Saccade;17900,40873;36,8;-;15.2;699.5;;15;;;
1525;1010;3.jpg;Saccade;2722,210356;63,2;-;23.3;1289.9;;15;;;
1526;1010;3.jpg;Saccade;10931,9128;25,6;-;6.3;627.6;;15;;;
1527;1010;3.jpg;Saccade;21452,1322;44,8;-;2.4;129.0;;15;;;
1528;1010;3.jpg;Saccade;9546,412117;75,2;-;70.9;2061.7;;15;;;
1529;1010;3.jpg;Saccade;10294,25558;32,8;-;9.0;642.7;;15;;;
1530;1010;3.jpg;Saccade;3194,384295;27,2;-;7.1;650.4;;15;;;
1531;1010;3.jpg;Fissazione;12319,37341;166,4;-;-;-;;;;;
1532;1010;3.jpg;Saccade;2156,038959;51,2;-;1.4;40.7;;15;;;
1533;1010;3.jpg;Saccade;28594,65551;26,4;-;11.5;1098.9;;15;;;
1534;1010;3.jpg;Saccade;1902,624206;39,2;-;7.9;536.1;;15;;;
1535;1010;3.jpg;Saccade;1606,727045;42,4;-;1.5;65.7;;15;;;
1536;1010;3.jpg;Saccade;19211,40037;28,8;-;8.1;517.1;;15;;;
1537;1010;3.jpg;Saccade;6313,338985;28,8;-;15.6;1161.7;;15;;;
1538;1010;3.jpg;Saccade;6350,761028;25,6;-;12.4;705.1;;15;;;
1539;1010;3.jpg;Saccade;23154,07374;23,2;-;9.5;976.9;;15;;;
1540;1010;3.jpg;Saccade;11190,86394;28,8;-;8.8;565.7;;15;;;
1541;1010;3.jpg;Saccade;5520,428394;22,4;-;6.6;569.1;;15;;;
1542;1010;3.jpg;Saccade;12391,44622;22,4;-;4.8;240.9;;15;;;
1543;1010;3.jpg;Saccade;7397,805796;50,4;-;20.7;1398.1;;15;;;
1544;1010;3.jpg;Saccade;3596,027247;25,6;-;8.3;601.6;;15;;;
1545;1011;1.jpg;Saccade;21310,24382;51,2;-;4.5;153.7;;15;;;
1546;1011;1.jpg;Saccade;25655,32;38,4;-;22.4;1287.3;;15;;;
1547;1011;1.jpg;Saccade;2407,038241;36;-;32.4;2009.2;;15;;;
1548;1011;1.jpg;Saccade;1487,976141;39,2;-;7.9;536.1;;15;;;
1549;1011;1.jpg;Fissazione;26993,22387;102,4;-;-;-;;;;;
1550;1011;1.jpg;Saccade;2351,75069;22,4;-;9.3;777.1;;15;;;
1551;1011;1.jpg;Saccade;1448,414996;29,6;-;1.6;91.3;;15;;;
1552;1011;1.jpg;Saccade;1440,522603;42,4;-;1.5;65.7;;15;;;
1553;1011;1.jpg;Saccade;8365,359225;23,2;-;12.2;973.2;;15;;;
1554;1011;1.jpg;Saccade;6100,987971;30,4;-;26.5;1699.7;;15;;;
1555;1011;1.jpg;Fissazione;4646,365805;1036;-;-;-;;;;;
1556;1011;1.jpg;Fissazione;15247,2822;101,6;-;-;-;;;;;
1557;1011;1.jpg;Saccade;2749,35631;32;-;10.6;1054.0;;15;;;
1558;1011;1.jpg;Saccade;17237,12921;36,8;-;15.2;699.5;;15;;;
1559;1011;1.jpg;Fissazione;580,6598537;51,2;-;-;-;;;;;
1560;1011;1.jpg;Saccade;23039,05889;44;-;19.1;1329.9;;15;;;
1561;1011;1.jpg;Saccade;11551,44747;25,6;-;6.3;627.6;;15;;;
1562;1011;1.jpg;Fissazione;13617,32766;257,6;-;-;-;;;;;
1563;1011;1.jpg;Saccade;2969,234266;25,6;-;6.8;495.1;;15;;;
1564;1011;1.jpg;Fissazione;12855,05772;143,2;-;-;-;;;;;
1565;1011;1.jpg;Saccade;13987,86194;44;-;1.4;68.0;;15;;;
1566;1011;1.jpg;Saccade;26709,46828;32;-;3.3;108.3;;15;;;
1567;1011;1.jpg;Saccade;20293,74161;44,8;-;2.4;129.0;;15;;;
1568;1011;1.jpg;Fissazione;18291,63303;140;-;-;-;;;;;
1569;1011;1.jpg;Saccade;5651,054526;28,8;-;15.6;1161.7;;15;;;
1570;1011;1.jpg;Saccade;3055,464899;63,2;-;23.3;1289.9;;15;;;
1571;1011;1.jpg;Saccade;17036,0399;25,6;-;20.4;2027.7;;15;;;
1572;1011;1.jpg;Fissazione;1515,311173;460,8;-;-;-;;;;;
1573;1011;1.jpg;Saccade;17261,63672;22,4;-;6.1;396.4;;15;;;
1574;1011;1.jpg;Saccade;28843,0783;51,2;-;5.2;293.5;;15;;;
1575;1011;1.jpg;Saccade;15870,07102;24;-;6.9;707.3;;15;;;
1576;1011;1.jpg;Saccade;24820,20082;23,2;-;21.2;1938.5;;15;;;
1577;1011;1.jpg;Saccade;7238,237846;28;-;9.0;675.6;;15;;;
1578;1011;1.jpg;Saccade;11865,81408;26,4;-;10.3;914.0;;15;;;
1579;1011;1.jpg;Saccade;810,2723179;24;-;6.9;732.0;;15;;;
1580;1011;1.jpg;Saccade;19845,89574;28,8;-;21.8;2131.8;;15;;;
1581;1011;1.jpg;Saccade;7634,679162;42,4;-;18.1;1156.9;;15;;;
1582;1011;1.jpg;Saccade;19615,71367;22,4;-;7.7;692.6;;15;;;
1583;1011;1.jpg;Saccade;19171,71558;24;-;8.4;573.9;;15;;;
1584;1011;1.jpg;Saccade;5602,124302;41,6;-;15.7;878.6;;15;;;
1585;1011;1.jpg;Saccade;10545,79311;22,4;-;10.2;968.7;;15;;;
1586;1011;1.jpg;Saccade;11214,7751;32,8;-;16.6;1277.4;;15;;;
1587;1011;1.jpg;Saccade;13659,20316;92;-;50.7;1483.9;;15;;;
1588;1011;1.jpg;Saccade;12454,04311;39,2;-;23.4;1505.0;;15;;;
1589;1011;1.jpg;Saccade;14703,15356;35,2;-;15.5;935.0;;15;;;
1590;1011;1.jpg;Fissazione;8473,957676;352;-;-;-;;;;;
1591;1011;1.jpg;Saccade;24720,59316;27,2;-;20.0;1688.6;;15;;;
1592;1011;1.jpg;Saccade;20305,63716;43,2;-;7.3;404.4;;15;;;
1593;1011;1.jpg;Saccade;6513,904209;22,4;-;7.8;672.6;;15;;;
1594;1011;1.jpg;Fissazione;11929,30314;264,8;-;-;-;;;;;
1595;1011;1.jpg;Saccade;19466,09669;28,8;-;8.1;517.1;;15;;;
1596;1011;1.jpg;Saccade;1840,367758;49,6;-;5.3;207.5;;15;;;
1597;1011;1.jpg;Saccade;12632,49344;59,2;-;22.9;1454.1;;15;;;
1598;1011;1.jpg;Fissazione;13784,50542;120,8;-;-;-;;;;;
1599;1011;1.jpg;Fissazione;19654,81854;128;-;-;-;;;;;
1600;1011;1.jpg;Saccade;25182,45692;27,2;-;12.9;1033.0;;15;;;
1601;1011;1.jpg;Saccade;547,5793683;45,6;-;14.9;887.0;;15;;;
1602;1011;1.jpg;Fissazione;30655,5468;175,2;-;-;-;;;;;
1603;1011;1.jpg;Saccade;26607,05699;45,6;-;11.7;623.4;;15;;;
1604;1011;1.jpg;Saccade;13071,59168;28,8;-;8.8;565.7;;15;;;
1605;1011;1.jpg;Saccade;12110,64131;48,8;-;32.6;1876.7;;15;;;
1606;1011;1.jpg;Fissazione;1595,627804;117,6;-;-;-;;;;;
1607;1011;2.jpg;Saccade;1034,695076;54,4;-;16.9;1056.0;;15;;;
1608;1011;2.jpg;Saccade;6788,960685;22,4;-;3.9;267.1;;15;;;
1609;1011;2.jpg;Saccade;3262,945057;36;-;32.4;2009.2;;15;;;
1610;1011;2.jpg;Saccade;11038,48243;48,8;-;32.6;1876.7;;15;;;
1611;1011;2.jpg;Saccade;6043,045937;70,4;-;25.2;977.4;;15;;;
1612;1011;2.jpg;Saccade;2152,598046;51,2;-;1.4;40.7;;15;;;
1613;1011;2.jpg;Saccade;33138,87299;90,4;-;4.4;148.5;;15;;;
1614;1011;2.jpg;Fissazione;5680,247167;63,2;-;-;-;;;;;
1615;1011;2.jpg;Saccade;20607,97866;52,8;-;3.4;109.8;;15;;;
1616;1011;2.jpg;Fissazione;14298,15978;120,8;-;-;-;;;;;
1617;1011;2.jpg;Saccade;15133,20974;92;-;50.7;1483.9;;15;;;
1618;1011;2.jpg;Saccade;10710,59826;28,8;-;8.8;565.7;;15;;;
1619;1011;2.jpg;Fissazione;12187,73871;264,8;-;-;-;;;;;
1620;1011;2.jpg;Saccade;7947,520673;45,6;-;17.4;954.0;;15;;;
1621;1011;2.jpg;Saccade;28764,71929;27,2;-;12.9;1033.0;;15;;;
1622;1011;2.jpg;Fissazione;1376,923864;117,6;-;-;-;;;;;
1623;1011;2.jpg;Saccade;32910,62617;52;-;19.6;1348.3;;15;;;
1624;1011;2.jpg;Fissazione;19522,58189;128;-;-;-;;;;;
1625;1011;2.jpg;Saccade;7412,25114;36;-;20.9;1601.4;;15;;;
1626;1011;2.jpg;Saccade;17559,0499;51,2;-;4.5;153.7;;15;;;
1627;1011;2.jpg;Saccade;27644,74783;32;-;3.3;108.3;;15;;;
1628;1011;2.jpg;Saccade;12959,38716;44;-;1.4;68.0;;15;;;
1629;1011;2.jpg;Saccade;15580,12943;22,4;-;7.7;692.6;;15;;;
1630;1011;2.jpg;Saccade;19393,59767;24;-;10.9;1075.9;;15;;;
1631;1011;2.jpg;Saccade;8934,886233;75,2;-;70.9;2061.7;;15;;;
1632;1011;2.jpg;Fissazione;7790,794998;352;-;-;-;;;;;
1633;1011;2.jpg;Saccade;3813,552829;25,6;-;8.3;601.6;;15;;;
1634;1011;2.jpg;Fissazione;14231,6518;91,2;-;-;-;;;;;
1635;1011;2.jpg;Saccade;7338,584318;62,4;-;19.5;1628.1;;15;;;
1636;1011;2.jpg;Saccade;2223,244747;22,4;-;9.3;777.1;;15;;;
1637;1011;2.jpg;Saccade;2648,865278;27,2;-;7.1;650.4;;15;;;
1638;1011;2.jpg;Saccade;13431,34406;39,2;-;23.5;1731.4;;15;;;
1639;1011;2.jpg;Saccade;8605,294372;53,6;-;24.1;1367.1;;15;;;
1640;1011;2.jpg;Saccade;2730,005057;32,8;-;14.3;1019.5;;15;;;
1641;1011;2.jpg;Saccade;9043,178728;29,6;-;12.2;951.2;;15;;;
1642;1011;2.jpg;Fissazione;30983,25076;818,4;-;-;-;;;;;
1643;1011;2.jpg;Saccade;5529,399629;25,6;-;9.4;575.7;;15;;;
1644;1011;2.jpg;Saccade;29927,77024;31,2;-;11.8;1263.2;;15;;;
1645;1011;2.jpg;Saccade;5118,708046;25,6;-;12.4;705.1;;15;;;
1646;1011;3.jpg;Fissazione;31801,363;818,4;-;-;-;;;;;
1647;1011;3.jpg;Saccade;11470,81236;26,4;-;10.3;914.0;;15;;;
1648;1011;3.jpg;Saccade;22780,99325;32;-;3.3;108.3;;15;;;
1649;1011;3.jpg;Fissazione;13284,20532;360,8;-;-;-;;;;;
1650;1011;3.jpg;Saccade;10200,9138;22,4;-;10.2;968.7;;15;;;
1651;1011;3.jpg;Saccade;3303,713321;25,6;-;8.3;601.6;;15;;;
1652;1011;3.jpg;Fissazione;13940,03005;166,4;-;-;-;;;;;
1653;1011;3.jpg;Saccade;7028,681809;58,4;-;26.1;1165.6;;15;;;
1654;1011;3.jpg;Fissazione;33338,38372;175,2;-;-;-;;;;;
1655;1011;3.jpg;Saccade;12024,49664;39,2;-;23.0;1652.6;;15;;;
1656;1011;3.jpg;Saccade;16152,93557;24;-;6.9;707.3;;15;;;
1657;1011;3.jpg;Saccade;6361,381631;70,4;-;25.2;977.4;;15;;;
1658;1011;3.jpg;Saccade;19435,48075;24;-;0.9;73.8;;15;;;
1659;1011;3.jpg;Saccade;9631,878893;24;-;3.7;346.5;;15;;;
1660;1011;3.jpg;Fissazione;13450,49593;120,8;-;-;-;;;;;
1661;1011;3.jpg;Saccade;5354,123518;22,4;-;6.6;569.1;;15;;;
1662;1011;3.jpg;Saccade;2196,588859;51,2;-;1.4;40.7;;15;;;
1663;1011;3.jpg;Saccade;14670,79284;24,8;-;16.3;1662.5;;15;;;
1664;1011;3.jpg;Saccade;24138,92114;22,4;-;4.0;197.1;;15;;;
1665;1011;3.jpg;Saccade;13230,44955;35,2;-;15.5;935.0;;15;;;
1666;1011;3.jpg;Saccade;22995,48599;27,2;-;12.9;1033.0;;15;;;
1667;1011;3.jpg;Saccade;12611,90252;25,6;-;6.3;627.6;;15;;;
1668;1011;3.jpg;Saccade;20814,04903;22,4;-;6.8;675.8;;15;;;
1669;1011;3.jpg;Saccade;1852,988136;42,4;-;1.5;65.7;;15;;;
1670;1011;3.jpg;Saccade;5770,700892;30,4;-;26.5;1699.7;;15;;;
1671;1011;3.jpg;Saccade;6474,628978;50,4;-;20.7;1398.1;;15;;;
1672;1011;3.jpg;Saccade;3495,910952;27,2;-;7.1;650.4;;15;;;
1673;1011;3.jpg;Fissazione;18555,63829;112;-;-;-;;;;;
1674;1011;3.jpg;Fissazione;18790,97821;294,4;-;-;-;;;;;
1675;1011;3.jpg;Saccade;5066,583307;24;-;11.0;710.5;;15;;;
1676;1011;3.jpg;Fissazione;11261,82565;143,2;-;-;-;;;;;
1677;1011;3.jpg;Saccade;7888,877424;58,4;-;20.8;1006.5;;15;;;
1678;1011;3.jpg;Saccade;27698,24832;45,6;-;11.7;623.4;;15;;;
1679;1011;3.jpg;Saccade;18226,9304;52,8;-;3.4;109.8;;15;;;
1680;1011;3.jpg;Saccade;11204,82386;48,8;-;32.6;1876.7;;15;;;
1681;1012;1.jpg;Fissazione;7412,124511;369,6;-;-;-;;;;;
1682;1012;1.jpg;Fissazione;643,6258832;51,2;-;-;-;;;;;
1683;1012;1.jpg;Saccade;2927,643444;25,6;-;6.8;495.1;;15;;;
1684;1012;1.jpg;Saccade;4225,185785;23,2;-;13.2;721.6;;15;;;
1685;1012;1.jpg;Saccade;19566,22179;52,8;-;3.4;109.8;;15;;;
1686;1012;1.jpg;Fissazione;13022,17402;143,2;-;-;-;;;;;
1687;1012;1.jpg;Saccade;2529,39905;32,8;-;14.3;1019.5;;15;;;
1688;1012;1.jpg;Fissazione;18879,69587;140;-;-;-;;;;;
1689;1012;1.jpg;Saccade;744,5128729;24;-;6.9;732.0;;15;;;
1690;1012;1.jpg;Saccade;11582,46102;28,8;-;8.8;565.7;;15;;;
1691;1012;1.jpg;Saccade;12319,37077;32,8;-;16.6;1277.4;;15;;;
1692;1012;1.jpg;Saccade;7185,021543;58,4;-;20.8;1006.5;;15;;;
1693;1012;1.jpg;Saccade;18199,44574;24;-;0.9;73.8;;15;;;
1694;1012;1.jpg;Saccade;9647,33982;24;-;3.7;346.5;;15;;;
1695;1012;1.jpg;Saccade;6404,027482;62,4;-;19.5;1628.1;;15;;;
1696;1012;1.jpg;Fissazione;1380,815636;117,6;-;-;-;;;;;
1697;1012;1.jpg;Saccade;1483,621545;49,6;-;5.3;207.5;;15;;;
1698;1012;1.jpg;Saccade;2648,874955;32;-;10.6;1054.0;;15;;;
1699;1012;1.jpg;Saccade;9964,839361;22,4;-;10.2;968.7;;15;;;
1700;1012;1.jpg;Saccade;481,1756259;45,6;-;14.9;887.0;;15;;;
1701;1012;1.jpg;Saccade;5254,808601;28;-;9.9;806.9;;15;;;
1702;1012;1.jpg;Fissazione;1781,379067;460,8;-;-;-;;;;;
1703;1012;1.jpg;Saccade;17292,02645;22,4;-;7.7;692.6;;15;;;
1704;1012;1.jpg;Fissazione;19024,18843;294,4;-;-;-;;;;;
1705;1012;1.jpg;Saccade;5712,718997;24,8;-;10.3;1190.2;;15;;;
1706;1012;1.jpg;Saccade;7001,489947;70,4;-;25.2;977.4;;15;;;
1707;1012;1.jpg;Saccade;477,1908046;34,4;-;14.4;1205.6;;15;;;
1708;1012;1.jpg;Fissazione;10067,8749;63,2;-;-;-;;;;;
1709;1012;1.jpg;Fissazione;14233,10259;91,2;-;-;-;;;;;
1710;1012;1.jpg;Saccade;20690,2504;25,6;-;20.4;2027.7;;15;;;
1711;1012;1.jpg;Saccade;1814,500143;42,4;-;1.5;65.7;;15;;;
1712;1012;1.jpg;Fissazione;23808,05267;128;-;-;-;;;;;
1713;1012;1.jpg;Saccade;5560,041749;24;-;11.0;710.5;;15;;;
1714;1012;1.jpg;Saccade;5117,202352;22,4;-;6.6;569.1;;15;;;
1715;1012;1.jpg;Saccade;14269,43553;24;-;7.6;557.5;;15;;;
1716;1012;1.jpg;Saccade;13294,75751;44;-;1.4;68.0;;15;;;
1717;1012;1.jpg;Fissazione;13988,92242;148,8;-;-;-;;;;;
1718;1012;1.jpg;Saccade;13924,8037;87,2;-;55.5;1952.3;;15;;;
1719;1012;1.jpg;Fissazione;18539,50531;112;-;-;-;;;;;
1720;1012;1.jpg;Saccade;26447,66801;52;-;19.6;1348.3;;15;;;
1721;1012;1.jpg;Saccade;732,8804783;44;-;6.0;368.7;;15;;;
1722;1012;1.jpg;Saccade;13206,26;28;-;6.9;637.2;;15;;;
1723;1012;1.jpg;Saccade;15264,69901;32;-;1.3;85.3;;15;;;
1724;1012;1.jpg;Fissazione;23219,15597;102,4;-;-;-;;;;;
1725;1012;1.jpg;Fissazione;7637,815262;203,2;-;-;-;;;;;
1726;1012;1.jpg;Saccade;10552,55428;25,6;-;6.3;627.6;;15;;;
1727;1012;1.jpg;Fissazione;4183,822491;1036;-;-;-;;;;;
1728;1012;1.jpg;Saccade;12132,29932;26,4;-;10.3;914.0;;15;;;
1729;1012;1.jpg;Saccade;11277,38815;24;-;12.9;1275.2;;15;;;
1730;1012;1.jpg;Saccade;8985,021109;59,2;-;23.8;956.2;;15;;;
1731;1012;1.jpg;Saccade;1361,347128;29,6;-;1.6;91.3;;15;;;
1732;1012;1.jpg;Saccade;4830,053735;25,6;-;9.9;723.3;;15;;;
1733;1012;1.jpg;Saccade;6289,439756;22,4;-;3.9;267.1;;15;;;
1734;1012;1.jpg;Saccade;2989,234365;29,6;-;9.5;631.0;;15;;;
1735;1012;1.jpg;Saccade;26297,76101;32;-;3.3;108.3;;15;;;
1736;1012;1.jpg;Saccade;12156,20189;39,2;-;23.0;1652.6;;15;;;
1737;1012;1.jpg;Saccade;21541,68758;44;-;19.1;1329.9;;15;;;
1738;1012;1.jpg;Saccade;9035,937985;42,4;-;18.1;1156.9;;15;;;
1739;1012;1.jpg;Fissazione;7917,35425;340;-;-;-;;;;;
1740;1012;1.jpg;Saccade;11024,21987;26,4;-;17.7;1300.4;;15;;;
1741;1012;1.jpg;Saccade;7479,788585;32,8;-;1.1;79.5;;15;;;
1742;1012;1.jpg;Saccade;6148,861154;25,6;-;12.4;705.1;;15;;;
1743;1012;1.jpg;Saccade;19146,20701;44,8;-;33.3;1772.5;;15;;;
1744;1012;1.jpg;Saccade;14139,84183;35,2;-;15.5;935.0;;15;;;
1745;1012;1.jpg;Saccade;8001,426388;23,2;-;12.2;973.2;;15;;;
1746;1012;1.jpg;Saccade;24755,20692;22,4;-;4.0;197.1;;15;;;
1747;1012;1.jpg;Fissazione;12502,91829;360,8;-;-;-;;;;;
1748;1012;1.jpg;Saccade;17461,40092;24;-;6.9;707.3;;15;;;
1749;1012;1.jpg;Fissazione;2882,892497;81,6;-;-;-;;;;;
1750;1012;1.jpg;Saccade;7093,881218;28;-;9.0;675.6;;15;;;
1751;1012;1.jpg;Saccade;6828,493291;28,8;-;15.6;1161.7;;15;;;
1752;1012;1.jpg;Saccade;9108,164379;32,8;-;9.9;587.8;;15;;;
1753;1012;1.jpg;Saccade;2374,840441;22,4;-;9.3;777.1;;15;;;
1754;1012;1.jpg;Saccade;6684,162919;41,6;-;15.7;878.6;;15;;;
1755;1012;1.jpg;Fissazione;796,7758354;121,6;-;-;-;;;;;
1756;1012;1.jpg;Saccade;22644,16429;27,2;-;20.0;1688.6;;15;;;
1757;1012;1.jpg;Saccade;18091,49611;28,8;-;8.1;517.1;;15;;;
1758;1012;1.jpg;Saccade;6508,756389;67,2;-;17.3;833.4;;15;;;
1759;1012;1.jpg;Saccade;26270,80298;23,2;-;21.2;1938.5;;15;;;
1760;1012;1.jpg;Saccade;28981,77908;31,2;-;11.8;1263.2;;15;;;
1761;1012;1.jpg;Fissazione;7188,65019;658,4;-;-;-;;;;;
1762;1012;1.jpg;Saccade;12971,45498;59,2;-;22.9;1454.1;;15;;;
1763;1012;1.jpg;Fissazione;11725,58146;101,6;-;-;-;;;;;
1764;1012;1.jpg;Fissazione;11835,22518;257,6;-;-;-;;;;;
1765;1012;1.jpg;Saccade;13636,31052;24,8;-;16.3;1662.5;;15;;;
1766;1012;1.jpg;Saccade;23294,61237;24;-;8.4;573.9;;15;;;
1767;1012;1.jpg;Fissazione;11905,62846;264,8;-;-;-;;;;;
1768;1012;1.jpg;Saccade;30602,51798;26,4;-;11.5;1098.9;;15;;;
1769;1012;1.jpg;Saccade;20290,37501;23,2;-;9.5;976.9;;15;;;
1770;1012;1.jpg;Saccade;8356,455966;30,4;-;14.6;1012.8;;15;;;
1771;1012;1.jpg;Saccade;16472,89216;28;-;7.5;664.5;;15;;;
1772;1012;1.jpg;Saccade;2864,600618;63,2;-;23.3;1289.9;;15;;;
1773;1012;1.jpg;Saccade;7514,261912;30,4;-;26.5;1699.7;;15;;;
1774;1012;1.jpg;Saccade;22064,92621;43,2;-;7.3;404.4;;15;;;
1775;1012;1.jpg;Saccade;28975,04416;29,6;-;6.8;506.7;;15;;;
1776;1012;1.jpg;Saccade;8150,938844;27,2;-;10.6;755.5;;15;;;
1777;1012;1.jpg;Saccade;13543,59297;92;-;50.7;1483.9;;15;;;
1778;1012;1.jpg;Saccade;6514,236447;58,4;-;26.1;1165.6;;15;;;
1779;1012;1.jpg;Fissazione;32789,56933;175,2;-;-;-;;;;;
1780;1012;1.jpg;Saccade;354,8274816;24,8;-;14.7;1053.0;;15;;;
1781;1012;1.jpg;Saccade;3154,917265;27,2;-;7.1;650.4;;15;;;
1782;1012;1.jpg;Saccade;16406,42644;51,2;-;4.5;153.7;;15;;;
1783;1012;1.jpg;Saccade;2212,320038;51,2;-;1.4;40.7;;15;;;
1784;1012;1.jpg;Saccade;14199,75929;39,2;-;23.5;1731.4;;15;;;
1785;1012;1.jpg;Saccade;9239,464902;53,6;-;24.1;1367.1;;15;;;
1786;1012;1.jpg;Saccade;8177,044892;75,2;-;70.9;2061.7;;15;;;
1787;1012;1.jpg;Saccade;8503,927723;49,6;-;42.6;2043.6;;15;;;
1788;1012;1.jpg;Fissazione;34244,62698;209,6;-;-;-;;;;;
1789;1012;1.jpg;Saccade;9396,224517;32,8;-;21.7;1388.6;;15;;;
1790;1012;2.jpg;Saccade;9166,881944;32,8;-;9.9;587.8;;15;;;
1791;1012;2.jpg;Saccade;7311,24511;28,8;-;15.6;1161.7;;15;;;
1792;1012;2.jpg;Fissazione;6558,429328;154,4;-;-;-;;;;;
1793;1012;2.jpg;Saccade;9879,518305;59,2;-;23.8;956.2;;15;;;
1794;1012;2.jpg;Saccade;6247,706496;28;-;9.0;675.6;;15;;;
1795;1012;2.jpg;Saccade;18260,22785;28,8;-;8.1;517.1;;15;;;
1796;1012;2.jpg;Saccade;26197,73421;32;-;3.3;108.3;;15;;;
1797;1012;2.jpg;Saccade;3570,267697;25,6;-;8.3;601.6;;15;;;
1798;1012;2.jpg;Saccade;26600,77821;23,2;-;21.2;1938.5;;15;;;
1799;1012;2.jpg;Saccade;6237,330417;41,6;-;15.7;878.6;;15;;;
1800;1012;2.jpg;Saccade;12591,15182;22,4;-;4.8;240.9;;15;;;
1801;1012;2.jpg;Saccade;9923,191854;24;-;3.7;346.5;;15;;;
1802;1012;2.jpg;Saccade;2897,540481;32;-;10.6;1054.0;;15;;;
1803;1012;2.jpg;Saccade;2986,75454;27,2;-;7.1;650.4;;15;;;
1804;1012;2.jpg;Saccade;18630,98852;24;-;10.9;1075.9;;15;;;
1805;1012;2.jpg;Saccade;11671,3168;32,8;-;16.6;1277.4;;15;;;
1806;1012;2.jpg;Saccade;10000,29164;29,6;-;15.1;1262.8;;15;;;
1807;1012;2.jpg;Fissazione;6739,793302;658,4;-;-;-;;;;;
1808;1012;2.jpg;Saccade;23682,28725;38,4;-;22.4;1287.3;;15;;;
1809;1012;2.jpg;Saccade;16701,5522;22,4;-;6.1;396.4;;15;;;
1810;1012;2.jpg;Saccade;18672,12403;52,8;-;3.4;109.8;;15;;;
1811;1012;2.jpg;Fissazione;13251,38316;360,8;-;-;-;;;;;
1812;1012;2.jpg;Saccade;7325,944012;30,4;-;26.5;1699.7;;15;;;
1813;1012;2.jpg;Saccade;21580,83242;43,2;-;7.3;404.4;;15;;;
1814;1012;2.jpg;Saccade;2974,135912;63,2;-;23.3;1289.9;;15;;;
1815;1012;2.jpg;Fissazione;6746,061825;369,6;-;-;-;;;;;
1816;1012;2.jpg;Fissazione;38591,3522;209,6;-;-;-;;;;;
1817;1012;2.jpg;Saccade;30339,09489;40;-;14.9;1083.8;;15;;;
1818;1012;3.jpg;Fissazione;12182,54806;143,2;-;-;-;;;;;
1819;1012;3.jpg;Fissazione;704,7519423;51,2;-;-;-;;;;;
1820;1012;3.jpg;Fissazione;9093,651833;203,2;-;-;-;;;;;
1821;1012;3.jpg;Saccade;3081,682367;29,6;-;9.5;631.0;;15;;;
1822;1012;3.jpg;Fissazione;2568,620085;81,6;-;-;-;;;;;
1823;1012;3.jpg;Saccade;867,5231349;44;-;6.0;368.7;;15;;;
1824;1012;3.jpg;Saccade;9334,146819;75,2;-;70.9;2061.7;;15;;;
1825;1012;3.jpg;Saccade;12240,79604;39,2;-;23.5;1731.4;;15;;;
1826;1012;3.jpg;Saccade;1661,711395;49,6;-;5.3;207.5;;15;;;
1827;1012;3.jpg;Saccade;7827,147566;24;-;3.7;346.5;;15;;;
1828;1012;3.jpg;Saccade;9524,839379;42,4;-;18.1;1156.9;;15;;;
1829;1012;3.jpg;Saccade;10634,41061;26,4;-;17.7;1300.4;;15;;;
1830;1012;3.jpg;Saccade;17687,91217;24;-;10.9;1075.9;;15;;;
1831;1012;3.jpg;Fissazione;1575,363382;117,6;-;-;-;;;;;
1832;1012;3.jpg;Saccade;12974,99107;35,2;-;15.5;935.0;;15;;;
1833;1012;3.jpg;Fissazione;12780,41307;91,2;-;-;-;;;;;
1834;1012;3.jpg;Saccade;12787,79453;23,2;-;7.2;613.7;;15;;;
1835;1012;3.jpg;Fissazione;7046,022108;369,6;-;-;-;;;;;
1836;1012;3.jpg;Saccade;12569,2921;44;-;1.4;68.0;;15;;;
1837;1012;3.jpg;Saccade;2781,50862;32,8;-;14.3;1019.5;;15;;;
1838;1012;3.jpg;Saccade;2247,863112;51,2;-;1.4;40.7;;15;;;
1839;1012;3.jpg;Saccade;10019,59804;29,6;-;12.2;951.2;;15;;;
1840;1012;3.jpg;Fissazione;742,2056023;121,6;-;-;-;;;;;
1841;1012;3.jpg;Saccade;8747,785755;49,6;-;42.6;2043.6;;15;;;
1842;1012;3.jpg;Saccade;7146,269172;58,4;-;26.1;1165.6;;15;;;
1843;1012;3.jpg;Saccade;20037,33832;52,8;-;3.4;109.8;;15;;;
1844;1013;1.jpg;Saccade;23844,36758;27,2;-;20.0;1688.6;;15;;;
1845;1013;1.jpg;Saccade;7488,373021;60,8;-;20.7;1330.6;;15;;;
1846;1013;1.jpg;Saccade;30440,02585;26,4;-;11.5;1098.9;;15;;;
1847;1013;1.jpg;Saccade;30511,21226;51,2;-;5.2;293.5;;15;;;
1848;1013;1.jpg;Fissazione;1467,582778;117,6;-;-;-;;;;;
1849;1013;1.jpg;Saccade;7748,854834;58,4;-;20.8;1006.5;;15;;;
1850;1013;1.jpg;Fissazione;17750,32302;140;-;-;-;;;;;
1851;1013;1.jpg;Saccade;8278,716414;36;-;20.9;1601.4;;15;;;
1852;1013;1.jpg;Saccade;18741,313;44,8;-;33.3;1772.5;;15;;;
1853;1013;1.jpg;Saccade;9594,343956;23,2;-;12.2;973.2;;15;;;
1854;1013;1.jpg;Saccade;12795,64497;44;-;1.4;68.0;;15;;;
1855;1013;1.jpg;Fissazione;19140,51083;128;-;-;-;;;;;
1856;1013;1.jpg;Saccade;18615,10744;22,4;-;6.8;675.8;;15;;;
1857;1013;1.jpg;Saccade;6521,336403;45,6;-;17.4;954.0;;15;;;
1858;1013;1.jpg;Fissazione;13612,83702;148,8;-;-;-;;;;;
1859;1013;1.jpg;Saccade;6060,747334;28;-;9.9;806.9;;15;;;
1860;1013;1.jpg;Saccade;25966,3957;38,4;-;22.4;1287.3;;15;;;
1861;1013;1.jpg;Saccade;12277,76341;48,8;-;32.6;1876.7;;15;;;
1862;1013;1.jpg;Saccade;7455,683539;75,2;-;70.9;2061.7;;15;;;
1863;1013;1.jpg;Saccade;32725,97606;52;-;19.6;1348.3;;15;;;
1864;1013;1.jpg;Saccade;10149,06432;32,8;-;9.9;587.8;;15;;;
1865;1013;1.jpg;Fissazione;3020,221111;81,6;-;-;-;;;;;
1866;1013;1.jpg;Fissazione;13551,68484;143,2;-;-;-;;;;;
1867;1013;1.jpg;Saccade;11373,87089;32,8;-;9.0;642.7;;15;;;
1868;1013;1.jpg;Saccade;10949,72575;22,4;-;4.8;240.9;;15;;;
1869;1013;1.jpg;Fissazione;7940,546436;340;-;-;-;;;;;
1870;1013;1.jpg;Saccade;18913,46762;28,8;-;8.1;517.1;;15;;;
1871;1013;1.jpg;Saccade;4699,927168;25,6;-;9.4;575.7;;15;;;
1872;1013;1.jpg;Fissazione;14534,09452;101,6;-;-;-;;;;;
1873;1013;1.jpg;Saccade;27501,84085;40;-;14.9;1083.8;;15;;;
1874;1013;1.jpg;Saccade;6512,631354;70,4;-;25.2;977.4;;15;;;
1875;1013;1.jpg;Fissazione;625,3969759;51,2;-;-;-;;;;;
1876;1013;1.jpg;Saccade;9275,69201;30,4;-;14.6;1012.8;;15;;;
1877;1013;1.jpg;Saccade;13834,32248;25,6;-;6.3;627.6;;15;;;
1878;1013;1.jpg;Saccade;4642,350271;23,2;-;13.2;721.6;;15;;;
1879;1013;1.jpg;Saccade;31798,94778;90,4;-;4.4;148.5;;15;;;
1880;1013;1.jpg;Saccade;27262,18815;31,2;-;11.8;1263.2;;15;;;
1881;1013;1.jpg;Saccade;9541,456602;59,2;-;23.8;956.2;;15;;;
1882;1013;1.jpg;Saccade;18162,27031;44,8;-;2.4;129.0;;15;;;
1883;1013;1.jpg;Fissazione;1792,173883;460,8;-;-;-;;;;;
1884;1013;1.jpg;Saccade;12060,7615;24;-;12.9;1275.2;;15;;;
1885;1013;1.jpg;Fissazione;4419,179462;1036;-;-;-;;;;;
1886;1013;1.jpg;Fissazione;34020,49265;209,6;-;-;-;;;;;
1887;1013;1.jpg;Saccade;8227,281818;53,6;-;24.1;1367.1;;15;;;
1888;1013;1.jpg;Fissazione;26941,53899;128;-;-;-;;;;;
1889;1013;1.jpg;Saccade;17671,96658;24;-;0.9;73.8;;15;;;
1890;1013;1.jpg;Saccade;13748,66869;92;-;50.7;1483.9;;15;;;
1891;1013;1.jpg;Saccade;9646,967371;24;-;3.7;346.5;;15;;;
1892;1013;1.jpg;Fissazione;5749,799195;154,4;-;-;-;;;;;
1893;1013;1.jpg;Saccade;2792,72661;29,6;-;9.5;631.0;;15;;;
1894;1013;1.jpg;Saccade;24469,04267;22,4;-;4.0;197.1;;15;;;
1895;1013;1.jpg;Saccade;27148,06654;29,6;-;6.8;506.7;;15;;;
1896;1013;1.jpg;Saccade;2729,956078;32;-;10.6;1054.0;;15;;;
1897;1013;1.jpg;Saccade;25845,55606;23,2;-;21.2;1938.5;;15;;;
1898;1013;1.jpg;Fissazione;1295,290874;215,2;-;-;-;;;;;
1899;1013;1.jpg;Saccade;6215,547143;28;-;9.0;675.6;;15;;;
1900;1013;1.jpg;Saccade;1548,007945;29,6;-;1.6;91.3;;15;;;
1901;1013;1.jpg;Fissazione;11793,73341;264,8;-;-;-;;;;;
1902;1013;1.jpg;Saccade;6399,850226;62,4;-;19.5;1628.1;;15;;;
1903;1013;1.jpg;Saccade;13055,81047;29,6;-;21.5;1887.2;;15;;;
1904;1013;1.jpg;Saccade;9502,188493;29,6;-;15.1;1262.8;;15;;;
1905;1013;1.jpg;Saccade;9398,329337;29,6;-;12.2;951.2;;15;;;
1906;1013;1.jpg;Saccade;5992,337822;41,6;-;15.7;878.6;;15;;;
1907;1013;1.jpg;Saccade;11351,02953;39,2;-;23.4;1505.0;;15;;;
1908;1013;1.jpg;Saccade;8887,410155;32,8;-;1.1;79.5;;15;;;
1909;1013;1.jpg;Saccade;6785,315894;67,2;-;17.3;833.4;;15;;;
1910;1013;1.jpg;Fissazione;8161,076356;352;-;-;-;;;;;
1911;1013;1.jpg;Saccade;26225,0107;27,2;-;12.9;1033.0;;15;;;
1912;1013;1.jpg;Fissazione;12423,57299;91,2;-;-;-;;;;;
1913;1013;1.jpg;Saccade;1516,832059;49,6;-;5.3;207.5;;15;;;
1914;1013;1.jpg;Saccade;15105,75386;39,2;-;23.5;1731.4;;15;;;
1915;1013;1.jpg;Saccade;7658,859639;22,4;-;3.9;267.1;;15;;;
1916;1013;1.jpg;Saccade;25377,42584;24;-;8.4;573.9;;15;;;
1917;1013;1.jpg;Saccade;2812,736874;32,8;-;14.3;1019.5;;15;;;
1918;1013;1.jpg;Saccade;16051,15489;24,8;-;16.3;1662.5;;15;;;
1919;1013;1.jpg;Saccade;11618,80527;32,8;-;13.3;1072.5;;15;;;
1920;1013;1.jpg;Saccade;588,5203436;45,6;-;14.9;887.0;;15;;;
1921;1013;1.jpg;Fissazione;11657,79217;360,8;-;-;-;;;;;
1922;1013;1.jpg;Saccade;798,8831385;24;-;6.9;732.0;;15;;;
1923;1013;1.jpg;Saccade;11094,8941;39,2;-;23.0;1652.6;;15;;;
1924;1013;1.jpg;Saccade;9616,931034;28;-;6.9;637.2;;15;;;
1925;1013;1.jpg;Saccade;12209,85267;24;-;7.6;557.5;;15;;;
1926;1013;1.jpg;Fissazione;33052,13791;818,4;-;-;-;;;;;
1927;1013;1.jpg;Saccade;3325,358292;27,2;-;7.1;650.4;;15;;;
1928;1013;1.jpg;Saccade;13119,64721;58,4;-;8.2;378.7;;15;;;
1929;1013;1.jpg;Saccade;12279,94939;28,8;-;8.8;565.7;;15;;;
1930;1013;1.jpg;Saccade;7248,034047;58,4;-;26.1;1165.6;;15;;;
1931;1013;1.jpg;Saccade;6671,197032;24,8;-;10.3;1190.2;;15;;;
1932;1013;1.jpg;Fissazione;7584,776353;203,2;-;-;-;;;;;
1933;1013;1.jpg;Saccade;18135,24317;44;-;19.1;1329.9;;15;;;
1934;1013;1.jpg;Saccade;3023,944971;36;-;32.4;2009.2;;15;;;
1935;1013;1.jpg;Fissazione;16543,69794;294,4;-;-;-;;;;;
1936;1013;1.jpg;Saccade;6086,236221;28,8;-;15.6;1161.7;;15;;;
1937;1013;1.jpg;Saccade;24120,68104;32;-;1.5;89.0;;15;;;
1938;1013;1.jpg;Saccade;5289,375439;25,6;-;12.4;705.1;;15;;;
1939;1013;1.jpg;Fissazione;9978,120261;166,4;-;-;-;;;;;
1940;1013;1.jpg;Saccade;743,3304148;44;-;6.0;368.7;;15;;;
1941;1013;1.jpg;Saccade;9887,301552;26,4;-;17.7;1300.4;;15;;;
1942;1013;1.jpg;Saccade;11141,54847;22,4;-;10.2;968.7;;15;;;
1943;1013;1.jpg;Saccade;18188,02458;24;-;6.9;707.3;;15;;;
1944;1013;1.jpg;Fissazione;6042,552555;658,4;-;-;-;;;;;
1945;1013;1.jpg;Saccade;2938,04928;63,2;-;23.3;1289.9;;15;;;
1946;1013;2.jpg;Saccade;20596,4351;43,2;-;7.3;404.4;;15;;;
1947;1013;2.jpg;Saccade;2589,84016;32;-;10.6;1054.0;;15;;;
1948;1013;2.jpg;Fissazione;14208,75669;257,6;-;-;-;;;;;
1949;1013;2.jpg;Saccade;2385,203569;22,4;-;9.3;777.1;;15;;;
1950;1013;2.jpg;Saccade;565,1466239;45,6;-;14.9;887.0;;15;;;
1951;1013;2.jpg;Saccade;542,1577734;34,4;-;14.4;1205.6;;15;;;
1952;1013;2.jpg;Fissazione;13323,17414;101,6;-;-;-;;;;;
1953;1013;2.jpg;Saccade;17908,25735;22,4;-;6.1;396.4;;15;;;
1954;1013;2.jpg;Saccade;24169,45496;27,2;-;20.0;1688.6;;15;;;
1955;1013;2.jpg;Saccade;12173,94526;24,8;-;16.3;1662.5;;15;;;
1956;1013;2.jpg;Fissazione;22171,67016;294,4;-;-;-;;;;;
1957;1013;2.jpg;Saccade;8433,786314;58,4;-;20.8;1006.5;;15;;;
1958;1013;2.jpg;Saccade;12799,81085;24;-;7.6;557.5;;15;;;
1959;1013;2.jpg;Fissazione;12219,85972;264,8;-;-;-;;;;;
1960;1013;2.jpg;Saccade;26802,49948;32;-;1.5;89.0;;15;;;
1961;1013;2.jpg;Saccade;14600,16104;44;-;1.4;68.0;;15;;;
1962;1013;2.jpg;Fissazione;23863,1417;140;-;-;-;;;;;
1963;1013;2.jpg;Saccade;11410,48105;24;-;12.9;1275.2;;15;;;
1964;1013;2.jpg;Fissazione;1737,00787;117,6;-;-;-;;;;;
1965;1013;2.jpg;Fissazione;6108,198972;154,4;-;-;-;;;;;
1966;1013;2.jpg;Saccade;3416,232522;27,2;-;7.1;650.4;;15;;;
1967;1013;2.jpg;Fissazione;12423,83989;91,2;-;-;-;;;;;
1968;1013;2.jpg;Saccade;6526,569742;70,4;-;25.2;977.4;;15;;;
1969;1013;2.jpg;Saccade;8139,097448;45,6;-;17.4;954.0;;15;;;
1970;1013;2.jpg;Saccade;11919,61166;58,4;-;8.2;378.7;;15;;;
1971;1013;2.jpg;Saccade;1596,481022;29,6;-;1.6;91.3;;15;;;
1972;1013;2.jpg;Saccade;7479,70215;32,8;-;21.7;1388.6;;15;;;
1973;1013;2.jpg;Saccade;6971,380078;30,4;-;26.5;1699.7;;15;;;
1974;1013;2.jpg;Saccade;31579,43884;28;-;11.6;884.4;;15;;;
1975;1013;2.jpg;Saccade;28135,64112;31,2;-;11.8;1263.2;;15;;;
1976;1013;2.jpg;Saccade;11740,12592;28,8;-;8.8;565.7;;15;;;
1977;1013;2.jpg;Saccade;18822,6755;23,2;-;9.5;976.9;;15;;;
1978;1013;2.jpg;Saccade;2729,055251;36;-;32.4;2009.2;;15;;;
1979;1013;2.jpg;Saccade;21650,58661;24;-;8.4;573.9;;15;;;
1980;1013;2.jpg;Saccade;9524,657705;29,6;-;15.1;1262.8;;15;;;
1981;1013;2.jpg;Saccade;11063,64287;25,6;-;6.3;627.6;;15;;;
1982;1013;2.jpg;Saccade;6594,209065;22,4;-;6.6;569.1;;15;;;
1983;1013;2.jpg;Saccade;7566,525164;60,8;-;20.7;1330.6;;15;;;
1984;1013;2.jpg;Saccade;6295,006374;28,8;-;15.6;1161.7;;15;;;
1985;1013;2.jpg;Fissazione;3484,124505;1036;-;-;-;;;;;
1986;1013;2.jpg;Saccade;729,9183566;24;-;6.9;732.0;;15;;;
1987;1013;2.jpg;Fissazione;2663,004074;81,6;-;-;-;;;;;
1988;1013;2.jpg;Fissazione;22801,0942;128;-;-;-;;;;;
1989;1013;3.jpg;Fissazione;34118,4271;175,2;-;-;-;;;;;
1990;1013;3.jpg;Saccade;13557,35544;32;-;1.3;85.3;;15;;;
1991;1013;3.jpg;Saccade;10806,87578;22,4;-;10.2;968.7;;15;;;
1992;1013;3.jpg;Saccade;6276,340875;45,6;-;17.4;954.0;;15;;;
1993;1013;3.jpg;Saccade;7709,311775;60,8;-;20.7;1330.6;;15;;;
1994;1013;3.jpg;Saccade;9031,149382;53,6;-;24.1;1367.1;;15;;;
1995;1013;3.jpg;Saccade;13359,88844;92;-;50.7;1483.9;;15;;;
1996;1013;3.jpg;Saccade;4156,725174;25,6;-;9.9;723.3;;15;;;
1997;1013;3.jpg;Saccade;9431,138037;26,4;-;17.7;1300.4;;15;;;
1998;1013;3.jpg;Saccade;32146,01656;90,4;-;4.4;148.5;;15;;;
1999;1013;3.jpg;Fissazione;25438,59643;102,4;-;-;-;;;;;
2000;1013;3.jpg;Saccade;9697,484721;24;-;3.7;346.5;;15;;;
2001;1013;3.jpg;Saccade;6219,759561;30,4;-;26.5;1699.7;;15;;;
2002;1013;3.jpg;Fissazione;755,5724458;121,6;-;-;-;;;;;
2003;1013;3.jpg;Fissazione;11345,56479;63,2;-;-;-;;;;;
2004;1013;3.jpg;Saccade;14571,66062;87,2;-;55.5;1952.3;;15;;;
2005;1013;3.jpg;Saccade;6453,08697;67,2;-;17.3;833.4;;15;;;
2006;1013;3.jpg;Saccade;9213,314084;23,2;-;12.2;973.2;;15;;;
2007;1013;3.jpg;Saccade;10143,66316;29,6;-;12.2;951.2;;15;;;
2008;1013;3.jpg;Saccade;23799,02642;29,6;-;6.8;506.7;;15;;;
2009;1013;3.jpg;Saccade;20703,22253;27,2;-;20.0;1688.6;;15;;;
2010;1013;3.jpg;Saccade;17945,2618;36,8;-;15.2;699.5;;15;;;
2011;1013;3.jpg;Saccade;30070,73663;31,2;-;11.8;1263.2;;15;;;
2012;1013;3.jpg;Fissazione;1238,385695;117,6;-;-;-;;;;;
2013;1013;3.jpg;Fissazione;12423,37411;166,4;-;-;-;;;;;
2014;1013;3.jpg;Fissazione;16904,46417;112;-;-;-;;;;;
2015;1013;3.jpg;Saccade;3592,405095;25,6;-;8.3;601.6;;15;;;
2016;1013;3.jpg;Saccade;2088,843143;22,4;-;9.3;777.1;;15;;;
2017;1013;3.jpg;Saccade;27767,58514;45,6;-;11.7;623.4;;15;;;
2018;1013;3.jpg;Saccade;11252,70505;29,6;-;15.1;1262.8;;15;;;
2019;1013;3.jpg;Fissazione;11717,66875;91,2;-;-;-;;;;;
2020;1013;3.jpg;Saccade;7468,745451;62,4;-;19.5;1628.1;;15;;;
2021;1013;3.jpg;Saccade;28408,53574;40;-;14.9;1083.8;;15;;;
2022;1013;3.jpg;Saccade;12119,32315;58,4;-;8.2;378.7;;15;;;
2023;1013;3.jpg;Saccade;11709,29179;28,8;-;8.8;565.7;;15;;;
2024;1013;3.jpg;Fissazione;13671,5249;257,6;-;-;-;;;;;
2025;1013;3.jpg;Saccade;7561,394073;28;-;9.0;675.6;;15;;;
2026;1013;3.jpg;Saccade;10198,35376;27,2;-;10.6;755.5;;15;;;
2027;1013;3.jpg;Saccade;7454,326142;22,4;-;3.9;267.1;;15;;;
2028;1014;1.jpg;Saccade;21655,87462;52,8;-;3.4;109.8;;15;;;
2029;1014;1.jpg;Saccade;15855,74082;39,2;-;23.5;1731.4;;15;;;
2030;1014;1.jpg;Saccade;6962,997194;62,4;-;19.5;1628.1;;15;;;
2031;1014;1.jpg;Fissazione;5893,699233;63,2;-;-;-;;;;;
2032;1014;1.jpg;Saccade;8209,026919;45,6;-;17.4;954.0;;15;;;
2033;1014;1.jpg;Saccade;7153,486924;60,8;-;20.7;1330.6;;15;;;
2034;1014;1.jpg;Saccade;27857,65066;26,4;-;11.5;1098.9;;15;;;
2035;1014;1.jpg;Saccade;28831,78052;31,2;-;11.8;1263.2;;15;;;
2036;1014;1.jpg;Saccade;8541,143808;49,6;-;42.6;2043.6;;15;;;
2037;1014;1.jpg;Saccade;23234,61635;38,4;-;22.4;1287.3;;15;;;
2038;1014;1.jpg;Saccade;6149,450111;22,4;-;6.6;569.1;;15;;;
2039;1014;1.jpg;Fissazione;10701,2326;264,8;-;-;-;;;;;
2040;1014;1.jpg;Saccade;15583,91892;36,8;-;15.2;699.5;;15;;;
2041;1014;1.jpg;Saccade;6686,530389;58,4;-;26.1;1165.6;;15;;;
2042;1014;1.jpg;Fissazione;18279,68221;128;-;-;-;;;;;
2043;1014;1.jpg;Saccade;3051,374663;29,6;-;9.5;631.0;;15;;;
2044;1014;1.jpg;Saccade;14076,22655;23,2;-;7.2;613.7;;15;;;
2045;1014;1.jpg;Saccade;28976,29106;40;-;14.9;1083.8;;15;;;
2046;1014;1.jpg;Fissazione;1312,342712;215,2;-;-;-;;;;;
2047;1014;1.jpg;Saccade;754,2030571;24;-;6.9;732.0;;15;;;
2048;1014;1.jpg;Saccade;16432,4162;24;-;6.9;707.3;;15;;;
2049;1014;1.jpg;Fissazione;1806,589448;460,8;-;-;-;;;;;
2050;1014;1.jpg;Saccade;11934,27849;58,4;-;8.2;378.7;;15;;;
2051;1014;1.jpg;Saccade;22989,18357;24;-;8.4;573.9;;15;;;
2052;1014;1.jpg;Saccade;8952,206069;36;-;20.9;1601.4;;15;;;
2053;1014;1.jpg;Saccade;25563,54878;22,4;-;4.0;197.1;;15;;;
2054;1014;1.jpg;Saccade;5777,610313;28;-;9.9;806.9;;15;;;
2055;1014;1.jpg;Saccade;1681,964731;39,2;-;7.9;536.1;;15;;;
2056;1014;1.jpg;Saccade;18984,7337;24;-;0.9;73.8;;15;;;
2057;1014;1.jpg;Fissazione;12302,2337;63,2;-;-;-;;;;;
2058;1014;1.jpg;Saccade;999,9461256;54,4;-;16.9;1056.0;;15;;;
2059;1014;1.jpg;Saccade;11384,82513;32,8;-;16.6;1277.4;;15;;;
2060;1014;1.jpg;Saccade;21348,75138;23,2;-;9.5;976.9;;15;;;
2061;1014;1.jpg;Saccade;1367,695199;29,6;-;1.6;91.3;;15;;;
2062;1014;1.jpg;Saccade;1842,465508;51,2;-;1.4;40.7;;15;;;
2063;1014;1.jpg;Saccade;10032,75444;53,6;-;24.1;1367.1;;15;;;
2064;1014;1.jpg;Saccade;14264,0658;44;-;1.4;68.0;;15;;;
2065;1014;1.jpg;Saccade;11232,78886;24;-;12.9;1275.2;;15;;;
2066;1014;1.jpg;Fissazione;12778,17026;91,2;-;-;-;;;;;
2067;1014;1.jpg;Saccade;23922,72842;23,2;-;21.2;1938.5;;15;;;
2068;1014;1.jpg;Saccade;2152,083474;22,4;-;9.3;777.1;;15;;;
2069;1014;1.jpg;Saccade;9606,090393;59,2;-;23.8;956.2;;15;;;
2070;1014;1.jpg;Saccade;5471,530828;25,6;-;9.4;575.7;;15;;;
2071;1014;1.jpg;Saccade;3222,794328;27,2;-;7.1;650.4;;15;;;
2072;1014;1.jpg;Saccade;8140,895139;32,8;-;1.1;79.5;;15;;;
2073;1014;1.jpg;Saccade;4518,312517;25,6;-;9.9;723.3;;15;;;
2074;1014;1.jpg;Saccade;13174,11297;32,8;-;9.0;642.7;;15;;;
2075;1014;1.jpg;Saccade;21065,23951;25,6;-;20.4;2027.7;;15;;;
2076;1014;1.jpg;Fissazione;26983,55037;102,4;-;-;-;;;;;
2077;1014;1.jpg;Saccade;11882,44739;59,2;-;22.9;1454.1;;15;;;
2078;1014;1.jpg;Saccade;6246,610308;24,8;-;10.3;1190.2;;15;;;
2079;1014;1.jpg;Saccade;13223,5768;24;-;7.6;557.5;;15;;;
2080;1014;1.jpg;Saccade;10777,99462;22,4;-;10.2;968.7;;15;;;
2081;1014;1.jpg;Saccade;2880,079638;32;-;10.6;1054.0;;15;;;
2082;1014;1.jpg;Fissazione;13144,27092;120,8;-;-;-;;;;;
2083;1014;1.jpg;Fissazione;12314,3019;101,6;-;-;-;;;;;
2084;1014;1.jpg;Saccade;8123,748201;30,4;-;14.6;1012.8;;15;;;
2085;1014;1.jpg;Saccade;4029,518306;25,6;-;8.3;601.6;;15;;;
2086;1014;1.jpg;Fissazione;29018,77822;209,6;-;-;-;;;;;
2087;1014;1.jpg;Saccade;6831,117992;22,4;-;7.8;672.6;;15;;;
2088;1014;1.jpg;Saccade;31409,29687;28;-;11.6;884.4;;15;;;
2089;1014;1.jpg;Saccade;9576,729259;58,4;-;20.8;1006.5;;15;;;
2090;1014;1.jpg;Saccade;6170,244837;22,4;-;3.9;267.1;;15;;;
2091;1014;1.jpg;Saccade;11473,40064;22,4;-;4.8;240.9;;15;;;
2092;1014;1.jpg;Saccade;13853,03157;92;-;50.7;1483.9;;15;;;
2093;1014;1.jpg;Saccade;5864,757486;30,4;-;26.5;1699.7;;15;;;
2094;1014;1.jpg;Saccade;12748,04894;32;-;1.3;85.3;;15;;;
2095;1014;1.jpg;Fissazione;23773,67581;128;-;-;-;;;;;
2096;1014;1.jpg;Saccade;31827,66314;51,2;-;5.2;293.5;;15;;;
2097;1014;1.jpg;Fissazione;2364,181671;81,6;-;-;-;;;;;
2098;1014;1.jpg;Fissazione;5604,687087;340;-;-;-;;;;;
2099;1014;1.jpg;Saccade;14178,50409;35,2;-;15.5;935.0;;15;;;
2100;1014;1.jpg;Saccade;6810,987266;50,4;-;20.7;1398.1;;15;;;
2101;1014;1.jpg;Saccade;8993,775859;75,2;-;70.9;2061.7;;15;;;
2102;1014;1.jpg;Saccade;10426,61352;26,4;-;17.7;1300.4;;15;;;
2103;1014;1.jpg;Fissazione;8105,546638;203,2;-;-;-;;;;;
2104;1014;1.jpg;Saccade;11862,46322;32,8;-;13.3;1072.5;;15;;;
2105;1014;1.jpg;Fissazione;8186,304936;352;-;-;-;;;;;
2106;1014;1.jpg;Saccade;9434,940651;39,2;-;23.4;1505.0;;15;;;
2107;1014;1.jpg;Saccade;28604,32312;32;-;3.3;108.3;;15;;;
2108;1014;1.jpg;Saccade;10725,07765;26,4;-;10.3;914.0;;15;;;
2109;1014;1.jpg;Saccade;12442,19789;25,6;-;6.3;627.6;;15;;;
2110;1014;1.jpg;Saccade;8323,745644;29,6;-;12.2;951.2;;15;;;
2111;1014;1.jpg;Saccade;11738,28325;29,6;-;15.1;1262.8;;15;;;
2112;1014;1.jpg;Saccade;9393,113212;32,8;-;21.7;1388.6;;15;;;
2113;1014;1.jpg;Saccade;28749,50593;27,2;-;12.9;1033.0;;15;;;
2114;1014;1.jpg;Fissazione;35595,32772;818,4;-;-;-;;;;;
2115;1014;1.jpg;Saccade;33542,33373;90,4;-;4.4;148.5;;15;;;
2116;1014;1.jpg;Saccade;12212,93179;28;-;6.9;637.2;;15;;;
2117;1014;1.jpg;Saccade;19657,96813;43,2;-;7.3;404.4;;15;;;
2118;1014;1.jpg;Saccade;13385,5264;24,8;-;16.3;1662.5;;15;;;
2119;1014;2.jpg;Saccade;9966,428981;24;-;3.7;346.5;;15;;;
2120;1014;2.jpg;Fissazione;12278,03496;257,6;-;-;-;;;;;
2121;1014;2.jpg;Saccade;9319,273407;23,2;-;12.2;973.2;;15;;;
2122;1014;2.jpg;Saccade;1113,708275;54,4;-;16.9;1056.0;;15;;;
2123;1014;2.jpg;Saccade;8423,824617;32,8;-;21.7;1388.6;;15;;;
2124;1014;2.jpg;Saccade;746,4396166;44;-;6.0;368.7;;15;;;
2125;1014;2.jpg;Saccade;5416,27508;67,2;-;17.3;833.4;;15;;;
2126;1014;2.jpg;Saccade;23757,82689;24;-;8.4;573.9;;15;;;
2127;1014;2.jpg;Saccade;6641,624241;58,4;-;26.1;1165.6;;15;;;
2128;1014;2.jpg;Saccade;28008,29013;32;-;1.5;89.0;;15;;;
2129;1014;2.jpg;Saccade;6715,475151;30,4;-;26.5;1699.7;;15;;;
2130;1014;2.jpg;Saccade;20343,62687;24;-;10.9;1075.9;;15;;;
2131;1014;2.jpg;Saccade;5281,04715;24;-;11.0;710.5;;15;;;
2132;1014;2.jpg;Saccade;6424,583151;50,4;-;20.7;1398.1;;15;;;
2133;1014;2.jpg;Saccade;8063,23473;45,6;-;17.4;954.0;;15;;;
2134;1014;2.jpg;Saccade;13460,69584;44;-;1.4;68.0;;15;;;
2135;1014;2.jpg;Saccade;3348,360095;27,2;-;7.1;650.4;;15;;;
2136;1014;2.jpg;Saccade;4225,993659;25,6;-;9.9;723.3;;15;;;
2137;1014;2.jpg;Saccade;3447,723122;25,6;-;8.3;601.6;;15;;;
2138;1014;2.jpg;Saccade;2570,546272;51,2;-;1.4;40.7;;15;;;
2139;1014;2.jpg;Fissazione;13757,7678;101,6;-;-;-;;;;;
2140;1014;2.jpg;Saccade;9713,904525;53,6;-;24.1;1367.1;;15;;;
2141;1014;2.jpg;Saccade;30116,84548;51,2;-;5.2;293.5;;15;;;
2142;1014;2.jpg;Saccade;17128,54819;22,4;-;7.7;692.6;;15;;;
2143;1014;2.jpg;Saccade;5292,31076;28;-;9.9;806.9;;15;;;
2144;1014;2.jpg;Fissazione;1604,237119;460,8;-;-;-;;;;;
2145;1014;2.jpg;Saccade;14203,88458;35,2;-;15.5;935.0;;15;;;
2146;1014;2.jpg;Fissazione;33773,65867;175,2;-;-;-;;;;;
2147;1014;2.jpg;Saccade;21384,12922;52,8;-;3.4;109.8;;15;;;
2148;1014;2.jpg;Saccade;20980,5167;28,8;-;21.8;2131.8;;15;;;
2149;1014;2.jpg;Saccade;21967,44898;28,8;-;8.1;517.1;;15;;;
2150;1014;2.jpg;Saccade;8704,084189;32,8;-;9.9;587.8;;15;;;
2151;1014;2.jpg;Fissazione;20476,99636;140;-;-;-;;;;;
2152;1014;2.jpg;Saccade;11829,61965;32,8;-;9.0;642.7;;15;;;
2153;1014;2.jpg;Saccade;19495,91403;23,2;-;9.5;976.9;;15;;;
2154;1014;2.jpg;Saccade;28812,95708;40;-;14.9;1083.8;;15;;;
2155;1014;2.jpg;Saccade;6801,741753;28,8;-;15.6;1161.7;;15;;;
2156;1014;2.jpg;Saccade;8105,804334;60,8;-;20.7;1330.6;;15;;;
2157;1014;2.jpg;Saccade;12950,98927;23,2;-;7.2;613.7;;15;;;
2158;1014;2.jpg;Saccade;10057,85624;59,2;-;23.8;956.2;;15;;;
2159;1014;2.jpg;Saccade;9525,666427;39,2;-;23.0;1652.6;;15;;;
2160;1014;2.jpg;Fissazione;31272,79952;818,4;-;-;-;;;;;
2161;1014;2.jpg;Saccade;2551,543792;36;-;32.4;2009.2;;15;;;
2162;1014;2.jpg;Saccade;29874,2415;26,4;-;11.5;1098.9;;15;;;
2163;1014;2.jpg;Saccade;1912,702026;39,2;-;7.9;536.1;;15;;;
2164;1014;2.jpg;Saccade;11775,39631;58,4;-;8.2;378.7;;15;;;
2165;1014;2.jpg;Saccade;13404,96533;24;-;7.6;557.5;;15;;;
2166;1014;2.jpg;Saccade;18798,45261;36,8;-;15.2;699.5;;15;;;
2167;1014;2.jpg;Saccade;5373,484411;22,4;-;6.6;569.1;;15;;;
2168;1014;3.jpg;Saccade;5293,931709;24;-;11.0;710.5;;15;;;
2169;1014;3.jpg;Saccade;25387,87605;23,2;-;21.2;1938.5;;15;;;
2170;1014;3.jpg;Saccade;2652,069607;32;-;10.6;1054.0;;15;;;
2171;1014;3.jpg;Fissazione;4689,100411;1036;-;-;-;;;;;
2172;1014;3.jpg;Saccade;2612,393655;36;-;32.4;2009.2;;15;;;
2173;1014;3.jpg;Saccade;5543,337118;41,6;-;15.7;878.6;;15;;;
2174;1014;3.jpg;Saccade;17480,14801;36,8;-;15.2;699.5;;15;;;
2175;1014;3.jpg;Saccade;8680,587279;59,2;-;23.8;956.2;;15;;;
2176;1014;3.jpg;Saccade;5962,66846;67,2;-;17.3;833.4;;15;;;
2177;1014;3.jpg;Saccade;329,6162313;24,8;-;14.7;1053.0;;15;;;
2178;1014;3.jpg;Fissazione;32727,64411;175,2;-;-;-;;;;;
2179;1014;3.jpg;Saccade;6945,22799;32,8;-;9.9;587.8;;15;;;
2180;1014;3.jpg;Saccade;19360,78598;24;-;10.9;1075.9;;15;;;
2181;1014;3.jpg;Saccade;1344,491671;29,6;-;1.6;91.3;;15;;;
2182;1014;3.jpg;Saccade;6635,848275;22,4;-;7.8;672.6;;15;;;
2183;1014;3.jpg;Saccade;622,0518792;45,6;-;14.9;887.0;;15;;;
2184;1014;3.jpg;Saccade;7871,323335;32,8;-;1.1;79.5;;15;;;
2185;1014;3.jpg;Fissazione;12503,06592;166,4;-;-;-;;;;;
2186;1014;3.jpg;Saccade;5945,802196;50,4;-;20.7;1398.1;;15;;;
2187;1014;3.jpg;Saccade;32262,20359;26,4;-;11.5;1098.9;;15;;;
2188;1014;3.jpg;Saccade;30838,63918;90,4;-;4.4;148.5;;15;;;
2189;1014;3.jpg;Saccade;11085,66183;32,8;-;13.3;1072.5;;15;;;
2190;1014;3.jpg;Saccade;10892,83453;29,6;-;15.1;1262.8;;15;;;
2191;1014;3.jpg;Saccade;9146,437911;49,6;-;42.6;2043.6;;15;;;
2192;1014;3.jpg;Fissazione;19682,38761;112;-;-;-;;;;;
2193;1014;3.jpg;Saccade;8407,419735;32,8;-;21.7;1388.6;;15;;;
2194;1014;3.jpg;Fissazione;6091,991875;63,2;-;-;-;;;;;
2195;1014;3.jpg;Fissazione;31892,03041;209,6;-;-;-;;;;;
2196;1014;3.jpg;Saccade;6482,427247;24,8;-;10.3;1190.2;;15;;;
2197;1014;3.jpg;Fissazione;12928,68273;264,8;-;-;-;;;;;
2198;1014;3.jpg;Saccade;20626,54995;23,2;-;9.5;976.9;;15;;;
2199;1015;1.jpg;Saccade;12663,02092;58,4;-;8.2;378.7;;15;;;
2200;1015;1.jpg;Saccade;5161,304576;25,6;-;12.4;705.1;;15;;;
2201;1015;1.jpg;Saccade;744,7257672;44;-;6.0;368.7;;15;;;
2202;1015;1.jpg;Saccade;5321,84908;28;-;9.9;806.9;;15;;;
2203;1015;1.jpg;Saccade;20255,18448;23,2;-;9.5;976.9;;15;;;
2204;1015;1.jpg;Saccade;16354,63444;24;-;6.9;707.3;;15;;;
2205;1015;1.jpg;Saccade;6659,941355;50,4;-;20.7;1398.1;;15;;;
2206;1015;1.jpg;Saccade;312,2861429;24,8;-;14.7;1053.0;;15;;;
2207;1015;1.jpg;Saccade;20459,16729;24;-;0.9;73.8;;15;;;
2208;1015;1.jpg;Fissazione;18938,19915;128;-;-;-;;;;;
2209;1015;1.jpg;Saccade;15543,15498;28,8;-;21.8;2131.8;;15;;;
2210;1015;1.jpg;Fissazione;3074,10445;81,6;-;-;-;;;;;
2211;1015;1.jpg;Saccade;8259,272639;58,4;-;20.8;1006.5;;15;;;
2212;1015;1.jpg;Saccade;12240,1928;32,8;-;13.3;1072.5;;15;;;
2213;1015;1.jpg;Saccade;12882,50084;26,4;-;10.3;914.0;;15;;;
2214;1015;1.jpg;Saccade;8668,014583;59,2;-;23.8;956.2;;15;;;
2215;1015;1.jpg;Saccade;507,3893124;45,6;-;14.9;887.0;;15;;;
2216;1015;1.jpg;Saccade;13168,62044;24,8;-;16.3;1662.5;;15;;;
2217;1015;1.jpg;Fissazione;19908,57553;112;-;-;-;;;;;
2218;1015;1.jpg;Saccade;1572,388667;42,4;-;1.5;65.7;;15;;;
2219;1015;1.jpg;Saccade;18577,81408;44,8;-;2.4;129.0;;15;;;
2220;1015;1.jpg;Saccade;14367,72826;32;-;1.3;85.3;;15;;;
2221;1015;1.jpg;Saccade;11962,92601;25,6;-;6.3;627.6;;15;;;
2222;1015;1.jpg;Saccade;6569,196335;28,8;-;15.6;1161.7;;15;;;
2223;1015;1.jpg;Fissazione;13918,35839;91,2;-;-;-;;;;;
2224;1015;1.jpg;Saccade;22341,91061;51,2;-;4.5;153.7;;15;;;
2225;1015;1.jpg;Fissazione;14406,68928;120,8;-;-;-;;;;;
2226;1015;1.jpg;Saccade;11985,71238;39,2;-;23.0;1652.6;;15;;;
2227;1015;1.jpg;Saccade;30272,93087;28;-;11.6;884.4;;15;;;
2228;1015;1.jpg;Saccade;11038,62219;39,2;-;23.4;1505.0;;15;;;
2229;1015;1.jpg;Saccade;5975,699555;28;-;9.0;675.6;;15;;;
2230;1015;1.jpg;Saccade;9280,919797;32,8;-;16.6;1277.4;;15;;;
2231;1015;1.jpg;Saccade;17190,21667;28,8;-;8.1;517.1;;15;;;
2232;1015;1.jpg;Saccade;13489,39824;28;-;6.9;637.2;;15;;;
2233;1015;1.jpg;Saccade;27647,45708;31,2;-;11.8;1263.2;;15;;;
2234;1015;1.jpg;Saccade;23204,9798;29,6;-;6.8;506.7;;15;;;
2235;1015;1.jpg;Saccade;2506,177075;32,8;-;14.3;1019.5;;15;;;
2236;1015;1.jpg;Saccade;17801,78731;22,4;-;7.7;692.6;;15;;;
2237;1015;1.jpg;Saccade;9210,106434;29,6;-;12.2;951.2;;15;;;
2238;1015;1.jpg;Saccade;2707,014197;32;-;10.6;1054.0;;15;;;
2239;1015;1.jpg;Fissazione;727,5081176;51,2;-;-;-;;;;;
2240;1015;1.jpg;Saccade;3314,073714;25,6;-;8.3;601.6;;15;;;
2241;1015;1.jpg;Saccade;7322,307035;32,8;-;21.7;1388.6;;15;;;
2242;1015;1.jpg;Saccade;1460,968663;29,6;-;1.6;91.3;;15;;;
2243;1015;1.jpg;Fissazione;6258,455688;369,6;-;-;-;;;;;
2244;1015;1.jpg;Saccade;9634,336326;75,2;-;70.9;2061.7;;15;;;
2245;1015;1.jpg;Fissazione;32959,50828;818,4;-;-;-;;;;;
2246;1015;1.jpg;Saccade;6908,17318;62,4;-;19.5;1628.1;;15;;;
2247;1015;1.jpg;Fissazione;11907,58089;166,4;-;-;-;;;;;
2248;1015;1.jpg;Fissazione;19124,21444;140;-;-;-;;;;;
2249;1015;1.jpg;Saccade;5419,028302;25,6;-;9.4;575.7;;15;;;
2250;1015;1.jpg;Saccade;13102,33742;39,2;-;23.5;1731.4;;15;;;
2251;1015;1.jpg;Saccade;5834,238712;24,8;-;10.3;1190.2;;15;;;
2252;1015;1.jpg;Saccade;12168,18089;28,8;-;8.8;565.7;;15;;;
2253;1015;1.jpg;Saccade;26040,78525;32;-;3.3;108.3;;15;;;
2254;1015;1.jpg;Fissazione;4839,933364;154,4;-;-;-;;;;;
2255;1015;1.jpg;Fissazione;6473,029351;658,4;-;-;-;;;;;
2256;1015;1.jpg;Saccade;16776,10274;43,2;-;7.3;404.4;;15;;;
2257;1015;1.jpg;Saccade;16854,74667;24;-;10.9;1075.9;;15;;;
2258;1015;1.jpg;Saccade;28708,57982;26,4;-;11.5;1098.9;;15;;;
2259;1015;1.jpg;Saccade;1806,899069;39,2;-;7.9;536.1;;15;;;
2260;1015;1.jpg;Saccade;435,7961437;34,4;-;14.4;1205.6;;15;;;
2261;1015;1.jpg;Saccade;6865,002009;22,4;-;3.9;267.1;;15;;;
2262;1015;1.jpg;Fissazione;7723,960254;203,2;-;-;-;;;;;
2263;1015;1.jpg;Fissazione;1194,978338;215,2;-;-;-;;;;;
2264;1015;1.jpg;Saccade;27564,39983;40;-;14.9;1083.8;;15;;;
2265;1015;1.jpg;Saccade;27180,62989;22,4;-;4.0;197.1;;15;;;
2266;1015;1.jpg;Saccade;20720,6223;22,4;-;6.8;675.8;;15;;;
2267;1015;1.jpg;Saccade;2135,35289;22,4;-;9.3;777.1;;15;;;
2268;1015;1.jpg;Fissazione;18199,40605;294,4;-;-;-;;;;;
2269;1015;1.jpg;Saccade;28572,70292;90,4;-;4.4;148.5;;15;;;
2270;1015;1.jpg;Saccade;5889,111188;30,4;-;26.5;1699.7;;15;;;
2271;1015;1.jpg;Saccade;10757,67601;23,2;-;7.2;613.7;;15;;;
2272;1015;1.jpg;Saccade;21757,99368;25,6;-;20.4;2027.7;;15;;;
2273;1015;1.jpg;Saccade;12254,98418;24;-;12.9;1275.2;;15;;;
2274;1015;1.jpg;Saccade;34729,70539;52;-;19.6;1348.3;;15;;;
2275;1015;1.jpg;Fissazione;24741,55957;128;-;-;-;;;;;
2276;1015;1.jpg;Saccade;11299,69954;32,8;-;9.0;642.7;;15;;;
2277;1015;1.jpg;Saccade;21301,71873;38,4;-;22.4;1287.3;;15;;;
2278;1015;1.jpg;Saccade;14751,02173;24;-;7.6;557.5;;15;;;
2279;1015;1.jpg;Fissazione;12667,23246;257,6;-;-;-;;;;;
2280;1015;1.jpg;Fissazione;5970,037151;63,2;-;-;-;;;;;
2281;1015;2.jpg;Saccade;12850,80051;25,6;-;6.3;627.6;;15;;;
2282;1015;2.jpg;Saccade;31367,13767;26,4;-;11.5;1098.9;;15;;;
2283;1015;2.jpg;Saccade;26601,89834;23,2;-;21.2;1938.5;;15;;;
2284;1015;2.jpg;Saccade;9530,173948;29,6;-;12.2;951.2;;15;;;
2285;1015;2.jpg;Fissazione;12358,09232;101,6;-;-;-;;;;;
2286;1015;2.jpg;Saccade;2463,353302;32;-;10.6;1054.0;;15;;;
2287;1015;2.jpg;Fissazione;8288,890002;340;-;-;-;;;;;
2288;1015;2.jpg;Saccade;32104,89048;51,2;-;5.2;293.5;;15;;;
2289;1015;2.jpg;Saccade;17070,98517;22,4;-;7.7;692.6;;15;;;
2290;1015;2.jpg;Saccade;11464,36337;26,4;-;10.3;914.0;;15;;;
2291;1015;2.jpg;Fissazione;1629,059779;117,6;-;-;-;;;;;
2292;1015;2.jpg;Saccade;10603,35979;48,8;-;32.6;1876.7;;15;;;
2293;1015;2.jpg;Fissazione;7580,245908;369,6;-;-;-;;;;;
2294;1015;2.jpg;Saccade;22582,64145;27,2;-;12.9;1033.0;;15;;;
2295;1015;2.jpg;Saccade;1033,036815;54,4;-;16.9;1056.0;;15;;;
2296;1015;2.jpg;Saccade;11499,18791;32,8;-;16.6;1277.4;;15;;;
2297;1015;2.jpg;Saccade;12687,2925;87,2;-;55.5;1952.3;;15;;;
2298;1015;2.jpg;Saccade;2474,465925;51,2;-;1.4;40.7;;15;;;
2299;1015;2.jpg;Saccade;19305,2015;24;-;0.9;73.8;;15;;;
2300;1015;2.jpg;Saccade;3351,082769;25,6;-;8.3;601.6;;15;;;
2301;1015;2.jpg;Saccade;7384,145052;23,2;-;12.2;973.2;;15;;;
2302;1015;2.jpg;Saccade;13436,83499;92;-;50.7;1483.9;;15;;;
2303;1015;2.jpg;Saccade;5808,680443;24;-;11.0;710.5;;15;;;
2304;1015;2.jpg;Saccade;6493,616173;67,2;-;17.3;833.4;;15;;;
2305;1015;2.jpg;Saccade;17955,73983;28;-;7.5;664.5;;15;;;
2306;1015;2.jpg;Saccade;8922,575229;27,2;-;10.6;755.5;;15;;;
2307;1015;2.jpg;Fissazione;7586,440349;203,2;-;-;-;;;;;
2308;1015;2.jpg;Saccade;13990,8403;39,2;-;23.5;1731.4;;15;;;
2309;1015;2.jpg;Saccade;4028,148769;25,6;-;9.9;723.3;;15;;;
2310;1015;2.jpg;Fissazione;5790,03334;63,2;-;-;-;;;;;
2311;1015;2.jpg;Saccade;9458,942971;49,6;-;42.6;2043.6;;15;;;
2312;1015;2.jpg;Saccade;2780,630371;32,8;-;14.3;1019.5;;15;;;
2313;1015;2.jpg;Saccade;27558,01163;40;-;14.9;1083.8;;15;;;
2314;1015;2.jpg;Saccade;9684,632004;26,4;-;17.7;1300.4;;15;;;
2315;1015;3.jpg;Saccade;9606,748112;48,8;-;32.6;1876.7;;15;;;
2316;1015;3.jpg;Saccade;6879,004422;50,4;-;20.7;1398.1;;15;;;
2317;1015;3.jpg;Saccade;10683,69265;26,4;-;17.7;1300.4;;15;;;
2318;1015;3.jpg;Saccade;10138,76492;29,6;-;15.1;1262.8;;15;;;
2319;1015;3.jpg;Saccade;9223,764145;23,2;-;12.2;973.2;;15;;;
2320;1015;3.jpg;Fissazione;12186,91699;91,2;-;-;-;;;;;
2321;1015;3.jpg;Fissazione;6850,468087;369,6;-;-;-;;;;;
2322;1015;3.jpg;Saccade;15683,21552;36,8;-;15.2;699.5;;15;;;
2323;1015;3.jpg;Saccade;14001,51638;32;-;1.3;85.3;;15;;;
2324;1015;3.jpg;Fissazione;22027,44689;140;-;-;-;;;;;
2325;1015;3.jpg;Saccade;6203,703343;24,8;-;10.3;1190.2;;15;;;
2326;1015;3.jpg;Saccade;20231,50314;28,8;-;21.8;2131.8;;15;;;
2327;1015;3.jpg;Saccade;8061,014259;32,8;-;1.1;79.5;;15;;;
2328;1015;3.jpg;Fissazione;24714,84946;128;-;-;-;;;;;
2329;1015;3.jpg;Saccade;8283,335955;59,2;-;23.8;956.2;;15;;;
2330;1015;3.jpg;Saccade;16049,93596;24;-;6.9;707.3;;15;;;
2331;1015;3.jpg;Saccade;5449,347639;24;-;11.0;710.5;;15;;;
2332;1015;3.jpg;Saccade;7295,525691;60,8;-;20.7;1330.6;;15;;;
2333;1015;3.jpg;Saccade;11731,46924;24;-;12.9;1275.2;;15;;;
2334;1015;3.jpg;Fissazione;12036,34401;143,2;-;-;-;;;;;
2335;1015;3.jpg;Saccade;3189,411523;29,6;-;9.5;631.0;;15;;;
2336;1015;3.jpg;Saccade;3697,814988;25,6;-;8.3;601.6;;15;;;
2337;1015;3.jpg;Saccade;17688,87015;51,2;-;4.5;153.7;;15;;;
2338;1015;3.jpg;Fissazione;1375,741772;215,2;-;-;-;;;;;
2339;1015;3.jpg;Saccade;10356,29914;28;-;6.9;637.2;;15;;;
2340;1015;3.jpg;Saccade;17361,02938;28,8;-;8.1;517.1;;15;;;
2341;1016;1.jpg;Fissazione;1219,678778;215,2;-;-;-;;;;;
2342;1016;1.jpg;Saccade;19700,45533;22,4;-;6.8;675.8;;15;;;
2343;1016;1.jpg;Saccade;10668,06852;29,6;-;15.1;1262.8;;15;;;
2344;1016;1.jpg;Fissazione;18580,82401;140;-;-;-;;;;;
2345;1016;1.jpg;Fissazione;12509,59336;91,2;-;-;-;;;;;
2346;1016;1.jpg;Saccade;11421,48284;32,8;-;13.3;1072.5;;15;;;
2347;1016;1.jpg;Saccade;5894,513704;58,4;-;26.1;1165.6;;15;;;
2348;1016;1.jpg;Saccade;17316,2228;36,8;-;15.2;699.5;;15;;;
2349;1016;1.jpg;Saccade;6613,613074;28;-;9.0;675.6;;15;;;
2350;1016;1.jpg;Saccade;9155,905488;75,2;-;70.9;2061.7;;15;;;
2351;1016;1.jpg;Saccade;30625,32231;27,2;-;12.9;1033.0;;15;;;
2352;1016;1.jpg;Saccade;748,1368712;44;-;6.0;368.7;;15;;;
2353;1016;1.jpg;Saccade;4634,232567;23,2;-;13.2;721.6;;15;;;
2354;1016;1.jpg;Saccade;13333,85357;24;-;7.6;557.5;;15;;;
2355;1016;1.jpg;Fissazione;13028,4314;101,6;-;-;-;;;;;
2356;1016;1.jpg;Fissazione;6858,681006;63,2;-;-;-;;;;;
2357;1016;1.jpg;Fissazione;14240,23151;120,8;-;-;-;;;;;
2358;1016;1.jpg;Saccade;11942,63673;28,8;-;8.8;565.7;;15;;;
2359;1016;1.jpg;Saccade;26722,01249;32;-;1.5;89.0;;15;;;
2360;1016;1.jpg;Saccade;2749,975294;36;-;32.4;2009.2;;15;;;
2361;1016;1.jpg;Saccade;1151,103464;54,4;-;16.9;1056.0;;15;;;
2362;1016;1.jpg;Saccade;463,2600188;34,4;-;14.4;1205.6;;15;;;
2363;1016;1.jpg;Saccade;18682,78838;44,8;-;2.4;129.0;;15;;;
2364;1016;1.jpg;Fissazione;17660,42001;294,4;-;-;-;;;;;
2365;1016;1.jpg;Saccade;8244,664808;59,2;-;23.8;956.2;;15;;;
2366;1016;1.jpg;Saccade;9686,03736;26,4;-;17.7;1300.4;;15;;;
2367;1016;1.jpg;Saccade;12465,60082;25,6;-;6.3;627.6;;15;;;
2368;1016;1.jpg;Saccade;8001,066825;23,2;-;12.2;973.2;;15;;;
2369;1016;1.jpg;Fissazione;25650,53768;128;-;-;-;;;;;
2370;1016;1.jpg;Saccade;6752,826758;58,4;-;20.8;1006.5;;15;;;
2371;1016;1.jpg;Saccade;23546,19865;24;-;8.4;573.9;;15;;;
2372;1016;1.jpg;Saccade;548,5640731;45,6;-;14.9;887.0;;15;;;
2373;1016;1.jpg;Saccade;12673,76211;58,4;-;8.2;378.7;;15;;;
2374;1016;1.jpg;Saccade;9706,813773;29,6;-;12.2;951.2;;15;;;
2375;1016;1.jpg;Saccade;13322,18308;24,8;-;16.3;1662.5;;15;;;
2376;1016;1.jpg;Saccade;2207,086787;22,4;-;9.3;777.1;;15;;;
2377;1016;1.jpg;Saccade;17858,11896;28;-;7.5;664.5;;15;;;
2378;1016;1.jpg;Saccade;3031,107939;29,6;-;9.5;631.0;;15;;;
2379;1016;1.jpg;Saccade;10396,59192;22,4;-;10.2;968.7;;15;;;
2380;1016;1.jpg;Saccade;311,2622998;24,8;-;14.7;1053.0;;15;;;
2381;1016;1.jpg;Saccade;11303,74565;39,2;-;23.4;1505.0;;15;;;
2382;1016;1.jpg;Fissazione;10122,16946;63,2;-;-;-;;;;;
2383;1016;1.jpg;Saccade;5754,04099;25,6;-;12.4;705.1;;15;;;
2384;1016;1.jpg;Saccade;20272,31204;24;-;6.9;707.3;;15;;;
2385;1016;1.jpg;Fissazione;13105,9956;360,8;-;-;-;;;;;
2386;1016;1.jpg;Saccade;19093,32384;24;-;0.9;73.8;;15;;;
2387;1016;1.jpg;Saccade;25945,66554;32;-;3.3;108.3;;15;;;
2388;1016;1.jpg;Fissazione;12431,52409;166,4;-;-;-;;;;;
2389;1016;1.jpg;Saccade;1412,600061;29,6;-;1.6;91.3;;15;;;
2390;1016;1.jpg;Saccade;17480,99063;28,8;-;8.1;517.1;;15;;;
2391;1016;1.jpg;Saccade;24059,68635;45,6;-;11.7;623.4;;15;;;
2392;1016;1.jpg;Saccade;6493,64547;50,4;-;20.7;1398.1;;15;;;
2393;1016;1.jpg;Saccade;11793,18927;29,6;-;21.5;1887.2;;15;;;
2394;1016;1.jpg;Saccade;22162,56515;24;-;10.9;1075.9;;15;;;
2395;1016;1.jpg;Saccade;12608,95907;44;-;1.4;68.0;;15;;;
2396;1016;1.jpg;Saccade;22099,26804;22,4;-;4.0;197.1;;15;;;
2397;1016;1.jpg;Saccade;9411,335609;36;-;20.9;1601.4;;15;;;
2398;1016;1.jpg;Saccade;6714,23195;28,8;-;15.6;1161.7;;15;;;
2399;1016;1.jpg;Saccade;13261,55407;92;-;50.7;1483.9;;15;;;
2400;1016;1.jpg;Saccade;8388,562018;30,4;-;14.6;1012.8;;15;;;
2401;1016;1.jpg;Saccade;3477,752346;25,6;-;8.3;601.6;;15;;;
2402;1016;1.jpg;Saccade;11562,85602;49,6;-;42.6;2043.6;;15;;;
2403;1016;1.jpg;Fissazione;14003,53452;257,6;-;-;-;;;;;
2404;1016;1.jpg;Saccade;6341,524534;70,4;-;25.2;977.4;;15;;;
2405;1016;1.jpg;Saccade;17995,53457;25,6;-;20.4;2027.7;;15;;;
2406;1016;1.jpg;Saccade;29686,89508;29,6;-;6.8;506.7;;15;;;
2407;1016;1.jpg;Saccade;8068,592615;42,4;-;18.1;1156.9;;15;;;
2408;1016;1.jpg;Saccade;28547,30361;51,2;-;5.2;293.5;;15;;;
2409;1016;1.jpg;Saccade;14965,37556;87,2;-;55.5;1952.3;;15;;;
2410;1016;1.jpg;Saccade;13013,54341;28;-;6.9;637.2;;15;;;
2411;1016;1.jpg;Saccade;4997,448878;28;-;9.9;806.9;;15;;;
2412;1016;1.jpg;Saccade;13156,6154;59,2;-;22.9;1454.1;;15;;;
2413;1016;1.jpg;Saccade;16604,97056;22,4;-;6.1;396.4;;15;;;
2414;1016;1.jpg;Saccade;25236,33688;27,2;-;20.0;1688.6;;15;;;
2415;1016;1.jpg;Saccade;2693,721892;32;-;10.6;1054.0;;15;;;
2416;1016;1.jpg;Saccade;11487,50362;32,8;-;9.0;642.7;;15;;;
2417;1016;1.jpg;Fissazione;884,2157391;121,6;-;-;-;;;;;
2418;1016;1.jpg;Saccade;19739,08378;51,2;-;4.5;153.7;;15;;;
2419;1016;1.jpg;Saccade;28438,35475;90,4;-;4.4;148.5;;15;;;
2420;1016;1.jpg;Saccade;3170,275312;27,2;-;7.1;650.4;;15;;;
2421;1016;1.jpg;Fissazione;1988,137254;460,8;-;-;-;;;;;
2422;1016;1.jpg;Saccade;15120,63681;32;-;1.3;85.3;;15;;;
2423;1016;1.jpg;Saccade;2430,172649;63,2;-;23.3;1289.9;;15;;;
2424;1016;1.jpg;Saccade;5245,081211;25,6;-;9.4;575.7;;15;;;
2425;1016;1.jpg;Saccade;13087,73254;23,2;-;7.2;613.7;;15;;;
2426;1016;1.jpg;Saccade;29090,0769;31,2;-;11.8;1263.2;;15;;;
2427;1016;1.jpg;Saccade;4851,455035;24;-;11.0;710.5;;15;;;
2428;1016;1.jpg;Fissazione;2879,650116;81,6;-;-;-;;;;;
2429;1016;1.jpg;Fissazione;28966,32956;175,2;-;-;-;;;;;
2430;1016;1.jpg;Saccade;30226,34093;52;-;19.6;1348.3;;15;;;
2431;1016;1.jpg;Saccade;28191,3855;40;-;14.9;1083.8;;15;;;
2432;1016;1.jpg;Saccade;5251,126776;25,6;-;9.9;723.3;;15;;;
2433;1016;1.jpg;Saccade;28363,25986;28;-;11.6;884.4;;15;;;
2434;1016;1.jpg;Saccade;15584,04118;22,4;-;7.7;692.6;;15;;;
2435;1016;1.jpg;Fissazione;12215,22932;143,2;-;-;-;;;;;
2436;1016;1.jpg;Saccade;22688,66635;43,2;-;7.3;404.4;;15;;;
2437;1016;1.jpg;Saccade;9366,229189;24;-;3.7;346.5;;15;;;
2438;1016;1.jpg;Saccade;6886,233404;45,6;-;17.4;954.0;;15;;;
2439;1016;1.jpg;Saccade;9707,694433;27,2;-;10.6;755.5;;15;;;
2440;1016;2.jpg;Saccade;3085,447212;32,8;-;14.3;1019.5;;15;;;
2441;1016;2.jpg;Saccade;9217,826102;49,6;-;42.6;2043.6;;15;;;
2442;1016;2.jpg;Fissazione;11921,27042;257,6;-;-;-;;;;;
2443;1016;2.jpg;Saccade;9630,985983;36;-;20.9;1601.4;;15;;;
2444;1016;2.jpg;Saccade;3570,836879;25,6;-;8.3;601.6;;15;;;
2445;1016;2.jpg;Fissazione;7561,070059;203,2;-;-;-;;;;;
2446;1016;2.jpg;Saccade;25671,28789;27,2;-;20.0;1688.6;;15;;;
2447;1016;2.jpg;Saccade;9215,023731;29,6;-;12.2;951.2;;15;;;
2448;1016;2.jpg;Saccade;5988,338367;22,4;-;7.8;672.6;;15;;;
2449;1016;2.jpg;Saccade;4579,623444;28;-;9.9;806.9;;15;;;
2450;1016;2.jpg;Saccade;5319,666199;22,4;-;6.6;569.1;;15;;;
2451;1016;2.jpg;Saccade;10185,16817;24;-;12.9;1275.2;;15;;;
2452;1016;2.jpg;Saccade;9905,842469;27,2;-;10.6;755.5;;15;;;
2453;1016;2.jpg;Fissazione;13475,84868;91,2;-;-;-;;;;;
2454;1016;2.jpg;Saccade;2435,082511;25,6;-;6.8;495.1;;15;;;
2455;1016;2.jpg;Saccade;18227,53011;28;-;7.5;664.5;;15;;;
2456;1016;2.jpg;Saccade;18218,4539;22,4;-;6.1;396.4;;15;;;
2457;1016;2.jpg;Saccade;7755,206331;45,6;-;17.4;954.0;;15;;;
2458;1016;2.jpg;Fissazione;14028,40911;143,2;-;-;-;;;;;
2459;1016;2.jpg;Fissazione;8463,718399;340;-;-;-;;;;;
2460;1016;2.jpg;Fissazione;24063,44056;102,4;-;-;-;;;;;
2461;1016;2.jpg;Saccade;2098,549272;22,4;-;9.3;777.1;;15;;;
2462;1016;2.jpg;Saccade;8860,943878;32,8;-;1.1;79.5;;15;;;
2463;1016;2.jpg;Saccade;26323,99486;32;-;1.5;89.0;;15;;;
2464;1016;2.jpg;Saccade;19960,68922;36,8;-;15.2;699.5;;15;;;
2465;1016;2.jpg;Saccade;32779,1907;52;-;19.6;1348.3;;15;;;
2466;1016;2.jpg;Saccade;26149,07861;31,2;-;11.8;1263.2;;15;;;
2467;1016;3.jpg;Saccade;8345,906058;30,4;-;14.6;1012.8;;15;;;
2468;1016;3.jpg;Saccade;7690,328881;22,4;-;7.8;672.6;;15;;;
2469;1016;3.jpg;Saccade;8171,660301;32,8;-;21.7;1388.6;;15;;;
2470;1016;3.jpg;Saccade;1648,048766;49,6;-;5.3;207.5;;15;;;
2471;1016;3.jpg;Saccade;7561,98266;60,8;-;20.7;1330.6;;15;;;
2472;1016;3.jpg;Saccade;759,5662186;24;-;6.9;732.0;;15;;;
2473;1016;3.jpg;Fissazione;2749,626473;81,6;-;-;-;;;;;
2474;1016;3.jpg;Fissazione;4730,149781;1036;-;-;-;;;;;
2475;1016;3.jpg;Saccade;6506,643345;58,4;-;26.1;1165.6;;15;;;
2476;1016;3.jpg;Fissazione;18046,82289;128;-;-;-;;;;;
2477;1016;3.jpg;Saccade;6251,809617;22,4;-;6.6;569.1;;15;;;
2478;1016;3.jpg;Saccade;33736,32463;28;-;11.6;884.4;;15;;;
2479;1016;3.jpg;Saccade;8670,378201;53,6;-;24.1;1367.1;;15;;;
2480;1016;3.jpg;Saccade;18219,45415;28;-;7.5;664.5;;15;;;
2481;1016;3.jpg;Saccade;12320,99899;25,6;-;6.3;627.6;;15;;;
2482;1016;3.jpg;Fissazione;8234,545715;340;-;-;-;;;;;
2483;1016;3.jpg;Saccade;737,4279956;44;-;6.0;368.7;;15;;;
2484;1016;3.jpg;Fissazione;31972,05848;209,6;-;-;-;;;;;
2485;1016;3.jpg;Saccade;21231,81055;23,2;-;9.5;976.9;;15;;;
2486;1016;3.jpg;Saccade;12090,20048;22,4;-;4.8;240.9;;15;;;
2487;1016;3.jpg;Saccade;27007,94739;32;-;3.3;108.3;;15;;;
2488;1016;3.jpg;Saccade;2953,829831;63,2;-;23.3;1289.9;;15;;;
2489;1017;1.jpg;Saccade;33499,60831;52;-;19.6;1348.3;;15;;;
2490;1017;1.jpg;Saccade;3505,706816;25,6;-;8.3;601.6;;15;;;
2491;1017;1.jpg;Saccade;11681,6835;22,4;-;4.8;240.9;;15;;;
2492;1017;1.jpg;Fissazione;632,9962362;51,2;-;-;-;;;;;
2493;1017;1.jpg;Saccade;11048,92466;25,6;-;6.3;627.6;;15;;;
2494;1017;1.jpg;Saccade;26590,50998;27,2;-;20.0;1688.6;;15;;;
2495;1017;1.jpg;Fissazione;6655,848761;154,4;-;-;-;;;;;
2496;1017;1.jpg;Saccade;11634,08476;24;-;12.9;1275.2;;15;;;
2497;1017;1.jpg;Saccade;9097,911107;23,2;-;12.2;973.2;;15;;;
2498;1017;1.jpg;Fissazione;26905,8186;128;-;-;-;;;;;
2499;1017;1.jpg;Saccade;7798,285696;60,8;-;20.7;1330.6;;15;;;
2500;1017;1.jpg;Saccade;29196,29789;26,4;-;11.5;1098.9;;15;;;
2501;1017;1.jpg;Fissazione;5466,415789;63,2;-;-;-;;;;;
2502;1017;1.jpg;Saccade;10275,82199;39,2;-;23.4;1505.0;;15;;;
2503;1017;1.jpg;Saccade;18588,64671;44,8;-;2.4;129.0;;15;;;
2504;1017;1.jpg;Saccade;14553,66755;24;-;7.6;557.5;;15;;;
2505;1017;1.jpg;Fissazione;12381,00551;264,8;-;-;-;;;;;
2506;1017;1.jpg;Saccade;13662,54886;39,2;-;23.5;1731.4;;15;;;
2507;1017;1.jpg;Fissazione;7761,540099;340;-;-;-;;;;;
2508;1017;1.jpg;Saccade;7362,260457;28;-;9.0;675.6;;15;;;
2509;1017;1.jpg;Fissazione;12168,77884;166,4;-;-;-;;;;;
2510;1017;1.jpg;Saccade;2536,693128;36;-;32.4;2009.2;;15;;;
2511;1017;1.jpg;Saccade;2286,101491;51,2;-;1.4;40.7;;15;;;
2512;1017;1.jpg;Saccade;32835,39184;51,2;-;5.2;293.5;;15;;;
2513;1017;1.jpg;Saccade;10133,26114;32,8;-;13.3;1072.5;;15;;;
2514;1017;1.jpg;Saccade;7269,580218;70,4;-;25.2;977.4;;15;;;
2515;1017;1.jpg;Saccade;20809,2812;24;-;6.9;707.3;;15;;;
2516;1017;1.jpg;Fissazione;8556,312093;203,2;-;-;-;;;;;
2517;1017;1.jpg;Fissazione;12290,41306;101,6;-;-;-;;;;;
2518;1017;1.jpg;Saccade;9329,356983;59,2;-;23.8;956.2;;15;;;
2519;1017;1.jpg;Saccade;20060,31256;28;-;7.5;664.5;;15;;;
2520;1017;1.jpg;Saccade;7829,525829;45,6;-;17.4;954.0;;15;;;
2521;1017;1.jpg;Saccade;9059,210813;53,6;-;24.1;1367.1;;15;;;
2522;1017;1.jpg;Saccade;26914,67055;90,4;-;4.4;148.5;;15;;;
2523;1017;1.jpg;Saccade;12846,99413;28;-;6.9;637.2;;15;;;
2524;1017;1.jpg;Saccade;27224,57131;40;-;14.9;1083.8;;15;;;
2525;1017;1.jpg;Saccade;3293,669176;29,6;-;9.5;631.0;;15;;;
2526;1017;1.jpg;Saccade;10143,91323;29,6;-;15.1;1262.8;;15;;;
2527;1017;1.jpg;Saccade;1526,349462;29,6;-;1.6;91.3;;15;;;
2528;1017;1.jpg;Saccade;5879,705058;41,6;-;15.7;878.6;;15;;;
2529;1017;1.jpg;Saccade;20929,16069;25,6;-;20.4;2027.7;;15;;;
2530;1017;1.jpg;Saccade;19782,57304;44;-;19.1;1329.9;;15;;;
2531;1017;1.jpg;Saccade;9117,496024;32,8;-;16.6;1277.4;;15;;;
2532;1017;1.jpg;Saccade;12764,78701;44;-;1.4;68.0;;15;;;
2533;1017;1.jpg;Saccade;8460,188466;42,4;-;18.1;1156.9;;15;;;
2534;1017;1.jpg;Fissazione;32398,78015;209,6;-;-;-;;;;;
2535;1017;1.jpg;Fissazione;12862,54691;120,8;-;-;-;;;;;
2536;1017;1.jpg;Saccade;29876,56234;29,6;-;6.8;506.7;;15;;;
2537;1017;1.jpg;Saccade;5540,190119;24,8;-;10.3;1190.2;;15;;;
2538;1017;1.jpg;Saccade;7119,607917;50,4;-;20.7;1398.1;;15;;;
2539;1017;1.jpg;Fissazione;18467,46006;128;-;-;-;;;;;
2540;1017;1.jpg;Saccade;3410,748741;27,2;-;7.1;650.4;;15;;;
2541;1017;1.jpg;Fissazione;1427,287541;215,2;-;-;-;;;;;
2542;1017;1.jpg;Saccade;7797,005866;62,4;-;19.5;1628.1;;15;;;
2543;1017;1.jpg;Saccade;14877,59639;35,2;-;15.5;935.0;;15;;;
2544;1017;1.jpg;Saccade;14212,08962;32;-;1.3;85.3;;15;;;
2545;1017;1.jpg;Saccade;5335,824628;25,6;-;9.4;575.7;;15;;;
2546;1017;1.jpg;Saccade;20732,89977;44,8;-;33.3;1772.5;;15;;;
2547;1017;1.jpg;Saccade;1532,822418;49,6;-;5.3;207.5;;15;;;
2548;1017;1.jpg;Fissazione;20977,60017;140;-;-;-;;;;;
2549;1017;1.jpg;Fissazione;11623,28883;360,8;-;-;-;;;;;
2550;1017;1.jpg;Saccade;14050,09133;92;-;50.7;1483.9;;15;;;
2551;1017;1.jpg;Saccade;22093,90957;22,4;-;4.0;197.1;;15;;;
2552;1017;1.jpg;Saccade;17255,759;28,8;-;8.1;517.1;;15;;;
2553;1017;1.jpg;Saccade;11853,65988;59,2;-;22.9;1454.1;;15;;;
2554;1017;1.jpg;Saccade;5471,149311;28;-;9.9;806.9;;15;;;
2555;1017;1.jpg;Saccade;29005,82601;32;-;1.5;89.0;;15;;;
2556;1017;1.jpg;Saccade;18100,96676;52,8;-;3.4;109.8;;15;;;
2557;1017;1.jpg;Saccade;7837,618851;32,8;-;1.1;79.5;;15;;;
2558;1017;1.jpg;Fissazione;14127,96617;257,6;-;-;-;;;;;
2559;1017;1.jpg;Saccade;933,998705;54,4;-;16.9;1056.0;;15;;;
2560;1017;1.jpg;Saccade;507,5198408;34,4;-;14.4;1205.6;;15;;;
2561;1017;1.jpg;Saccade;8166,21055;30,4;-;14.6;1012.8;;15;;;
2562;1017;1.jpg;Saccade;11704,95299;29,6;-;21.5;1887.2;;15;;;
2563;1017;1.jpg;Fissazione;17283,50174;112;-;-;-;;;;;
2564;1017;1.jpg;Saccade;19824,92037;23,2;-;9.5;976.9;;15;;;
2565;1017;1.jpg;Fissazione;25966,75806;102,4;-;-;-;;;;;
2566;1017;1.jpg;Saccade;10858,6033;22,4;-;10.2;968.7;;15;;;
2567;1017;1.jpg;Saccade;26913,95788;32;-;3.3;108.3;;15;;;
2568;1017;1.jpg;Saccade;17853,86688;36,8;-;15.2;699.5;;15;;;
2569;1017;1.jpg;Fissazione;17755,97549;294,4;-;-;-;;;;;
2570;1017;1.jpg;Saccade;8236,100759;27,2;-;10.6;755.5;;15;;;
2571;1017;1.jpg;Fissazione;30644,74803;175,2;-;-;-;;;;;
2572;1017;1.jpg;Saccade;4627,42266;23,2;-;13.2;721.6;;15;;;
2573;1017;1.jpg;Saccade;10296,63151;39,2;-;23.0;1652.6;;15;;;
2574;1017;1.jpg;Fissazione;6320,482038;658,4;-;-;-;;;;;
2575;1017;1.jpg;Saccade;19420,74228;24;-;0.9;73.8;;15;;;
2576;1017;1.jpg;Saccade;19184,97389;43,2;-;7.3;404.4;;15;;;
2577;1017;1.jpg;Saccade;11101,82704;26,4;-;10.3;914.0;;15;;;
2578;1017;1.jpg;Saccade;4723,227281;25,6;-;9.9;723.3;;15;;;
2579;1017;1.jpg;Saccade;16700,95315;22,4;-;7.7;692.6;;15;;;
2580;1017;1.jpg;Saccade;5494,092397;24;-;11.0;710.5;;15;;;
2581;1017;1.jpg;Saccade;9504,116042;49,6;-;42.6;2043.6;;15;;;
2582;1017;1.jpg;Fissazione;711,3322922;121,6;-;-;-;;;;;
2583;1017;1.jpg;Fissazione;13384,93527;91,2;-;-;-;;;;;
2584;1017;1.jpg;Saccade;26934,16312;38,4;-;22.4;1287.3;;15;;;
2585;1017;1.jpg;Saccade;2536,44515;25,6;-;6.8;495.1;;15;;;
2586;1017;1.jpg;Saccade;9015,799094;29,6;-;12.2;951.2;;15;;;
2587;1017;1.jpg;Saccade;6592,769561;28,8;-;15.6;1161.7;;15;;;
2588;1017;1.jpg;Saccade;9159,344321;32,8;-;9.9;587.8;;15;;;
2589;1017;1.jpg;Saccade;21938,8385;22,4;-;6.8;675.8;;15;;;
2590;1017;1.jpg;Saccade;765,2298672;24;-;6.9;732.0;;15;;;
2591;1017;1.jpg;Fissazione;9267,572432;352;-;-;-;;;;;
2592;1017;1.jpg;Saccade;2722,214441;63,2;-;23.3;1289.9;;15;;;
2593;1017;1.jpg;Saccade;11528,04825;58,4;-;8.2;378.7;;15;;;
2594;1017;1.jpg;Saccade;11163,2518;48,8;-;32.6;1876.7;;15;;;
2595;1017;1.jpg;Saccade;2955,061334;32,8;-;14.3;1019.5;;15;;;
2596;1017;1.jpg;Saccade;11990,08886;32,8;-;9.0;642.7;;15;;;
2597;1017;1.jpg;Fissazione;2705,788192;81,6;-;-;-;;;;;
2598;1017;1.jpg;Saccade;15070,41535;24,8;-;16.3;1662.5;;15;;;
2599;1017;1.jpg;Saccade;24766,83161;24;-;8.4;573.9;;15;;;
2600;1017;1.jpg;Saccade;1846,689391;39,2;-;7.9;536.1;;15;;;
2601;1017;1.jpg;Saccade;17224,76592;51,2;-;4.5;153.7;;15;;;
2602;1017;1.jpg;Saccade;593,1911191;45,6;-;14.9;887.0;;15;;;
2603;1017;1.jpg;Saccade;12625,85364;23,2;-;7.2;613.7;;15;;;
2604;1017;1.jpg;Saccade;5322,799637;22,4;-;6.6;569.1;;15;;;
2605;1017;1.jpg;Fissazione;1660,254719;117,6;-;-;-;;;;;
2606;1017;1.jpg;Fissazione;6776,280772;369,6;-;-;-;;;;;
2607;1017;1.jpg;Fissazione;13795,70461;148,8;-;-;-;;;;;
2608;1017;1.jpg;Saccade;7208,827195;22,4;-;3.9;267.1;;15;;;
2609;1017;1.jpg;Saccade;18915,13427;28,8;-;21.8;2131.8;;15;;;
2610;1017;2.jpg;Saccade;2849,448915;63,2;-;23.3;1289.9;;15;;;
2611;1017;2.jpg;Saccade;7169,538198;28;-;9.0;675.6;;15;;;
2612;1017;2.jpg;Saccade;22069,8336;44;-;19.1;1329.9;;15;;;
2613;1017;2.jpg;Saccade;27417,33317;90,4;-;4.4;148.5;;15;;;
2614;1017;2.jpg;Saccade;10345,51239;48,8;-;32.6;1876.7;;15;;;
2615;1017;2.jpg;Saccade;31511,80187;51,2;-;5.2;293.5;;15;;;
2616;1017;2.jpg;Saccade;14388,61953;35,2;-;15.5;935.0;;15;;;
2617;1017;2.jpg;Saccade;8023,695551;60,8;-;20.7;1330.6;;15;;;
2618;1017;2.jpg;Saccade;536,2010222;34,4;-;14.4;1205.6;;15;;;
2619;1017;2.jpg;Fissazione;28540,42761;102,4;-;-;-;;;;;
2620;1017;2.jpg;Saccade;6229,628888;24;-;11.0;710.5;;15;;;
2621;1017;2.jpg;Saccade;5421,598746;22,4;-;6.6;569.1;;15;;;
2622;1017;2.jpg;Saccade;2715,775841;36;-;32.4;2009.2;;15;;;
2623;1017;2.jpg;Fissazione;590,0927511;51,2;-;-;-;;;;;
2624;1017;2.jpg;Saccade;6715,378631;22,4;-;3.9;267.1;;15;;;
2625;1017;2.jpg;Saccade;10878,33227;58,4;-;8.2;378.7;;15;;;
2626;1017;2.jpg;Saccade;12540,21646;23,2;-;7.2;613.7;;15;;;
2627;1017;2.jpg;Saccade;9524,927362;27,2;-;10.6;755.5;;15;;;
2628;1017;2.jpg;Saccade;13003,15872;24,8;-;16.3;1662.5;;15;;;
2629;1017;2.jpg;Fissazione;11080,99199;264,8;-;-;-;;;;;
2630;1017;2.jpg;Saccade;5210,89434;24,8;-;10.3;1190.2;;15;;;
2631;1017;2.jpg;Saccade;1627,46138;29,6;-;1.6;91.3;;15;;;
2632;1017;2.jpg;Saccade;7451,273894;32,8;-;9.9;587.8;;15;;;
2633;1017;2.jpg;Fissazione;14138,82266;120,8;-;-;-;;;;;
2634;1017;2.jpg;Saccade;11041,8589;32,8;-;9.0;642.7;;15;;;
2635;1017;2.jpg;Saccade;5903,50945;50,4;-;20.7;1398.1;;15;;;
2636;1017;2.jpg;Saccade;2552,600999;25,6;-;6.8;495.1;;15;;;
2637;1017;2.jpg;Saccade;20244,91215;28;-;7.5;664.5;;15;;;
2638;1017;2.jpg;Saccade;14107,55856;87,2;-;55.5;1952.3;;15;;;
2639;1017;2.jpg;Saccade;6706,442159;22,4;-;7.8;672.6;;15;;;
2640;1017;2.jpg;Fissazione;819,2928658;121,6;-;-;-;;;;;
2641;1017;2.jpg;Fissazione;14091,29912;148,8;-;-;-;;;;;
2642;1017;2.jpg;Saccade;11079,76899;39,2;-;23.0;1652.6;;15;;;
2643;1017;2.jpg;Fissazione;7258,17784;658,4;-;-;-;;;;;
2644;1017;2.jpg;Saccade;19676,63764;51,2;-;4.5;153.7;;15;;;
2645;1017;2.jpg;Saccade;3967,185427;25,6;-;9.9;723.3;;15;;;
2646;1017;2.jpg;Saccade;7389,870005;45,6;-;17.4;954.0;;15;;;
2647;1017;2.jpg;Saccade;22562,23099;22,4;-;4.0;197.1;;15;;;
2648;1017;2.jpg;Saccade;31297,88291;27,2;-;12.9;1033.0;;15;;;
2649;1017;2.jpg;Saccade;10675,16705;26,4;-;10.3;914.0;;15;;;
2650;1017;2.jpg;Fissazione;11983,50622;360,8;-;-;-;;;;;
2651;1017;2.jpg;Fissazione;3606,244905;1036;-;-;-;;;;;
2652;1017;2.jpg;Saccade;20083,0742;25,6;-;20.4;2027.7;;15;;;
2653;1017;2.jpg;Saccade;10750,48042;32,8;-;16.6;1277.4;;15;;;
2654;1017;2.jpg;Saccade;9087,604169;36;-;20.9;1601.4;;15;;;
2655;1017;3.jpg;Saccade;13313,74213;28,8;-;8.8;565.7;;15;;;
2656;1017;3.jpg;Fissazione;1658,397346;460,8;-;-;-;;;;;
2657;1017;3.jpg;Saccade;24455,73413;32;-;3.3;108.3;;15;;;
2658;1017;3.jpg;Saccade;749,0842844;24;-;6.9;732.0;;15;;;
2659;1017;3.jpg;Saccade;15916,67307;24;-;6.9;707.3;;15;;;
2660;1017;3.jpg;Saccade;8078,011919;45,6;-;17.4;954.0;;15;;;
2661;1017;3.jpg;Saccade;5971,900424;67,2;-;17.3;833.4;;15;;;
2662;1017;3.jpg;Saccade;5907,499348;50,4;-;20.7;1398.1;;15;;;
2663;1017;3.jpg;Saccade;33799,3292;51,2;-;5.2;293.5;;15;;;
2664;1017;3.jpg;Saccade;6814,529733;62,4;-;19.5;1628.1;;15;;;
2665;1017;3.jpg;Saccade;8202,891368;32,8;-;21.7;1388.6;;15;;;
2666;1017;3.jpg;Saccade;24022,71199;45,6;-;11.7;623.4;;15;;;
2667;1017;3.jpg;Saccade;18686,66573;44,8;-;33.3;1772.5;;15;;;
2668;1017;3.jpg;Saccade;17285,87799;24;-;10.9;1075.9;;15;;;
2669;1017;3.jpg;Fissazione;1462,384351;117,6;-;-;-;;;;;
2670;1017;3.jpg;Saccade;33248,79204;90,4;-;4.4;148.5;;15;;;
2671;1017;3.jpg;Saccade;19053,51145;52,8;-;3.4;109.8;;15;;;
2672;1017;3.jpg;Saccade;6052,035355;22,4;-;7.8;672.6;;15;;;
2673;1017;3.jpg;Saccade;28800,7071;27,2;-;12.9;1033.0;;15;;;
2674;1017;3.jpg;Saccade;2916,117452;63,2;-;23.3;1289.9;;15;;;
2675;1017;3.jpg;Fissazione;9410,885789;352;-;-;-;;;;;
2676;1017;3.jpg;Saccade;7469,008932;58,4;-;20.8;1006.5;;15;;;
2677;1017;3.jpg;Saccade;22958,21596;22,4;-;6.8;675.8;;15;;;
2678;1017;3.jpg;Saccade;1543,619371;29,6;-;1.6;91.3;;15;;;
2679;1018;1.jpg;Saccade;326,1112655;24,8;-;14.7;1053.0;;15;;;
2680;1018;1.jpg;Saccade;18928,24801;51,2;-;4.5;153.7;;15;;;
2681;1018;1.jpg;Saccade;12960,78737;44;-;1.4;68.0;;15;;;
2682;1018;1.jpg;Saccade;28980,73909;90,4;-;4.4;148.5;;15;;;
2683;1018;1.jpg;Saccade;24390,5236;32;-;1.5;89.0;;15;;;
2684;1018;1.jpg;Saccade;18127,12355;25,6;-;20.4;2027.7;;15;;;
2685;1018;1.jpg;Fissazione;3026,817714;81,6;-;-;-;;;;;
2686;1018;1.jpg;Saccade;8302,154131;42,4;-;18.1;1156.9;;15;;;
2687;1018;1.jpg;Saccade;31814,34408;27,2;-;12.9;1033.0;;15;;;
2688;1018;1.jpg;Fissazione;13559,0368;360,8;-;-;-;;;;;
2689;1018;1.jpg;Saccade;26816,43731;45,6;-;11.7;623.4;;15;;;
2690;1018;1.jpg;Saccade;31243,62868;26,4;-;11.5;1098.9;;15;;;
2691;1018;1.jpg;Fissazione;757,4965614;51,2;-;-;-;;;;;
2692;1018;1.jpg;Saccade;530,8953456;34,4;-;14.4;1205.6;;15;;;
2693;1018;1.jpg;Saccade;9701,713926;29,6;-;15.1;1262.8;;15;;;
2694;1018;1.jpg;Saccade;29550,72274;31,2;-;11.8;1263.2;;15;;;
2695;1018;1.jpg;Saccade;10032,20772;25,6;-;6.3;627.6;;15;;;
2696;1018;1.jpg;Saccade;21815,15096;23,2;-;9.5;976.9;;15;;;
2697;1018;1.jpg;Fissazione;4793,762024;1036;-;-;-;;;;;
2698;1018;1.jpg;Saccade;13330,20548;24;-;7.6;557.5;;15;;;
2699;1018;1.jpg;Saccade;738,7865271;24;-;6.9;732.0;;15;;;
2700;1018;1.jpg;Saccade;19230,21447;24;-;10.9;1075.9;;15;;;
2701;1018;1.jpg;Fissazione;1231,573087;215,2;-;-;-;;;;;
2702;1018;1.jpg;Saccade;15207,0349;92;-;50.7;1483.9;;15;;;
2703;1018;1.jpg;Saccade;5740,009314;28;-;9.9;806.9;;15;;;
2704;1018;1.jpg;Saccade;11152,16344;32,8;-;9.0;642.7;;15;;;
2705;1018;1.jpg;Saccade;1877,606129;42,4;-;1.5;65.7;;15;;;
2706;1018;1.jpg;Fissazione;841,4776594;121,6;-;-;-;;;;;
2707;1018;1.jpg;Saccade;1548,454582;39,2;-;7.9;536.1;;15;;;
2708;1018;1.jpg;Saccade;7896,562472;28,8;-;15.6;1161.7;;15;;;
2709;1018;1.jpg;Saccade;18137,94493;22,4;-;6.8;675.8;;15;;;
2710;1018;1.jpg;Saccade;3288,074605;63,2;-;23.3;1289.9;;15;;;
2711;1018;1.jpg;Saccade;12479,9001;24;-;12.9;1275.2;;15;;;
2712;1018;1.jpg;Saccade;9133,641645;49,6;-;42.6;2043.6;;15;;;
2713;1018;1.jpg;Saccade;19684,10589;28,8;-;8.1;517.1;;15;;;
2714;1018;1.jpg;Fissazione;8023,977467;203,2;-;-;-;;;;;
2715;1018;1.jpg;Saccade;9729,957025;32,8;-;13.3;1072.5;;15;;;
2716;1018;1.jpg;Saccade;7627,711768;60,8;-;20.7;1330.6;;15;;;
2717;1018;1.jpg;Saccade;2929,814194;32,8;-;14.3;1019.5;;15;;;
2718;1018;1.jpg;Saccade;8176,618221;58,4;-;20.8;1006.5;;15;;;
2719;1018;1.jpg;Saccade;18741,14888;28,8;-;21.8;2131.8;;15;;;
2720;1018;1.jpg;Saccade;15738,14812;24,8;-;16.3;1662.5;;15;;;
2721;1018;1.jpg;Saccade;9212,880323;23,2;-;12.2;973.2;;15;;;
2722;1018;1.jpg;Saccade;25905,57557;22,4;-;4.0;197.1;;15;;;
2723;1018;1.jpg;Saccade;3929,84525;23,2;-;13.2;721.6;;15;;;
2724;1018;1.jpg;Fissazione;11091,52504;63,2;-;-;-;;;;;
2725;1018;1.jpg;Saccade;7007,06913;70,4;-;25.2;977.4;;15;;;
2726;1018;1.jpg;Fissazione;6163,377325;63,2;-;-;-;;;;;
2727;1018;1.jpg;Saccade;975,101369;54,4;-;16.9;1056.0;;15;;;
2728;1018;1.jpg;Fissazione;28099,77662;175,2;-;-;-;;;;;
2729;1018;1.jpg;Saccade;14782,82761;58,4;-;8.2;378.7;;15;;;
2730;1018;1.jpg;Saccade;26707,59652;23,2;-;21.2;1938.5;;15;;;
2731;1018;1.jpg;Saccade;9870,726985;36;-;20.9;1601.4;;15;;;
2732;1018;1.jpg;Saccade;741,2723603;44;-;6.0;368.7;;15;;;
2733;1018;1.jpg;Fissazione;20114,10237;294,4;-;-;-;;;;;
2734;1018;1.jpg;Fissazione;12424,5866;143,2;-;-;-;;;;;
2735;1018;1.jpg;Saccade;6878,748113;45,6;-;17.4;954.0;;15;;;
2736;1018;1.jpg;Fissazione;22213,67888;128;-;-;-;;;;;
2737;1018;1.jpg;Saccade;6786,434816;28;-;9.0;675.6;;15;;;
2738;1018;1.jpg;Saccade;21130,36752;24;-;0.9;73.8;;15;;;
2739;1018;1.jpg;Saccade;11379,81183;26,4;-;10.3;914.0;;15;;;
2740;1018;1.jpg;Fissazione;23583,94082;102,4;-;-;-;;;;;
2741;1018;1.jpg;Saccade;30731,89098;40;-;14.9;1083.8;;15;;;
2742;1018;1.jpg;Fissazione;13604,03918;264,8;-;-;-;;;;;
2743;1018;1.jpg;Saccade;27506,39883;51,2;-;5.2;293.5;;15;;;
2744;1018;1.jpg;Fissazione;6471,05911;154,4;-;-;-;;;;;
2745;1018;1.jpg;Saccade;10309,00237;32,8;-;16.6;1277.4;;15;;;
2746;1018;1.jpg;Saccade;17308,98648;28;-;7.5;664.5;;15;;;
2747;1018;1.jpg;Saccade;11434,6914;28,8;-;8.8;565.7;;15;;;
2748;1018;1.jpg;Saccade;8849,119864;29,6;-;12.2;951.2;;15;;;
2749;1018;1.jpg;Saccade;2906,835471;25,6;-;6.8;495.1;;15;;;
2750;1018;1.jpg;Saccade;19218,68372;43,2;-;7.3;404.4;;15;;;
2751;1018;1.jpg;Saccade;24344,84605;27,2;-;20.0;1688.6;;15;;;
2752;1018;1.jpg;Saccade;32106,29219;28;-;11.6;884.4;;15;;;
2753;1018;1.jpg;Fissazione;7155,438565;369,6;-;-;-;;;;;
2754;1018;1.jpg;Saccade;2855,185928;36;-;32.4;2009.2;;15;;;
2755;1018;1.jpg;Saccade;13512,60488;35,2;-;15.5;935.0;;15;;;
2756;1018;1.jpg;Fissazione;6875,297078;658,4;-;-;-;;;;;
2757;1018;1.jpg;Saccade;8678,482506;32,8;-;21.7;1388.6;;15;;;
2758;1018;1.jpg;Saccade;7241,431788;32,8;-;9.9;587.8;;15;;;
2759;1018;1.jpg;Saccade;1494,959373;49,6;-;5.3;207.5;;15;;;
2760;1018;1.jpg;Fissazione;1539,122286;117,6;-;-;-;;;;;
2761;1018;1.jpg;Fissazione;19961,92423;112;-;-;-;;;;;
2762;1018;2.jpg;Saccade;3076,824077;29,6;-;9.5;631.0;;15;;;
2763;1018;2.jpg;Saccade;30173,73555;51,2;-;5.2;293.5;;15;;;
2764;1018;2.jpg;Saccade;1804,307014;39,2;-;7.9;536.1;;15;;;
2765;1018;2.jpg;Saccade;26623,64157;29,6;-;6.8;506.7;;15;;;
2766;1018;2.jpg;Saccade;2992,658169;32;-;10.6;1054.0;;15;;;
2767;1018;2.jpg;Saccade;16070,71453;28;-;7.5;664.5;;15;;;
2768;1018;2.jpg;Fissazione;12207,05338;264,8;-;-;-;;;;;
2769;1018;2.jpg;Saccade;31149,6589;40;-;14.9;1083.8;;15;;;
2770;1018;2.jpg;Saccade;11468,56756;25,6;-;6.3;627.6;;15;;;
2771;1018;2.jpg;Saccade;5659,868155;24;-;11.0;710.5;;15;;;
2772;1018;2.jpg;Fissazione;34721,04571;175,2;-;-;-;;;;;
2773;1018;2.jpg;Saccade;473,184336;34,4;-;14.4;1205.6;;15;;;
2774;1018;2.jpg;Saccade;9773,851336;49,6;-;42.6;2043.6;;15;;;
2775;1018;2.jpg;Saccade;14084,65513;39,2;-;23.5;1731.4;;15;;;
2776;1018;2.jpg;Saccade;12443,7698;92;-;50.7;1483.9;;15;;;
2777;1018;2.jpg;Saccade;10908,75137;32,8;-;13.3;1072.5;;15;;;
2778;1018;2.jpg;Fissazione;1900,089627;460,8;-;-;-;;;;;
2779;1018;2.jpg;Saccade;25504,48595;45,6;-;11.7;623.4;;15;;;
2780;1018;2.jpg;Saccade;13447,46589;58,4;-;8.2;378.7;;15;;;
2781;1018;2.jpg;Saccade;741,136799;24;-;6.9;732.0;;15;;;
2782;1018;2.jpg;Saccade;16585,57125;28,8;-;8.1;517.1;;15;;;
2783;1018;2.jpg;Fissazione;795,6374053;121,6;-;-;-;;;;;
2784;1018;2.jpg;Saccade;8857,58283;29,6;-;12.2;951.2;;15;;;
2785;1018;2.jpg;Saccade;11744,26068;22,4;-;4.8;240.9;;15;;;
2786;1018;2.jpg;Saccade;16462,87818;44;-;1.4;68.0;;15;;;
2787;1018;2.jpg;Saccade;17151,61529;22,4;-;6.1;396.4;;15;;;
2788;1018;2.jpg;Saccade;1019,294127;54,4;-;16.9;1056.0;;15;;;
2789;1018;2.jpg;Saccade;8425,567751;32,8;-;21.7;1388.6;;15;;;
2790;1018;2.jpg;Saccade;14299,80776;32;-;1.3;85.3;;15;;;
2791;1018;2.jpg;Saccade;9601,425346;36;-;20.9;1601.4;;15;;;
2792;1018;2.jpg;Saccade;4643,496719;25,6;-;9.9;723.3;;15;;;
2793;1018;2.jpg;Saccade;7057,35031;22,4;-;3.9;267.1;;15;;;
2794;1018;2.jpg;Saccade;26780,93031;22,4;-;4.0;197.1;;15;;;
2795;1018;2.jpg;Saccade;20163,17823;22,4;-;6.8;675.8;;15;;;
2796;1018;2.jpg;Fissazione;10954,45425;63,2;-;-;-;;;;;
2797;1018;2.jpg;Fissazione;28485,85694;209,6;-;-;-;;;;;
2798;1018;2.jpg;Fissazione;30175,34893;818,4;-;-;-;;;;;
2799;1018;2.jpg;Saccade;20299,6564;44;-;19.1;1329.9;;15;;;
2800;1018;3.jpg;Saccade;18005,32597;24;-;0.9;73.8;;15;;;
2801;1018;3.jpg;Saccade;18549,30067;24;-;6.9;707.3;;15;;;
2802;1018;3.jpg;Saccade;9889,664088;49,6;-;42.6;2043.6;;15;;;
2803;1018;3.jpg;Saccade;12095,31588;24;-;12.9;1275.2;;15;;;
2804;1018;3.jpg;Saccade;7722,205637;60,8;-;20.7;1330.6;;15;;;
2805;1018;3.jpg;Saccade;9737,212503;48,8;-;32.6;1876.7;;15;;;
2806;1018;3.jpg;Fissazione;14088,57298;148,8;-;-;-;;;;;
2807;1018;3.jpg;Saccade;4714,273708;23,2;-;13.2;721.6;;15;;;
2808;1018;3.jpg;Saccade;6573,28067;45,6;-;17.4;954.0;;15;;;
2809;1018;3.jpg;Saccade;12125,61603;44;-;1.4;68.0;;15;;;
2810;1018;3.jpg;Saccade;18847,75422;23,2;-;9.5;976.9;;15;;;
2811;1018;3.jpg;Saccade;10774,6665;39,2;-;23.4;1505.0;;15;;;
2812;1018;3.jpg;Saccade;696,5569145;44;-;6.0;368.7;;15;;;
2813;1018;3.jpg;Saccade;6831,332752;32,8;-;1.1;79.5;;15;;;
2814;1018;3.jpg;Saccade;27037,48723;31,2;-;11.8;1263.2;;15;;;
2815;1018;3.jpg;Saccade;8801,052803;27,2;-;10.6;755.5;;15;;;
2816;1018;3.jpg;Saccade;13579,18976;92;-;50.7;1483.9;;15;;;
2817;1018;3.jpg;Saccade;7587,908978;58,4;-;26.1;1165.6;;15;;;
2818;1018;3.jpg;Saccade;8207,587962;23,2;-;12.2;973.2;;15;;;
2819;1018;3.jpg;Saccade;5391,351671;24,8;-;10.3;1190.2;;15;;;
2820;1018;3.jpg;Saccade;6417,891796;22,4;-;7.8;672.6;;15;;;
2821;1018;3.jpg;Fissazione;13335,52444;143,2;-;-;-;;;;;
2822;1018;3.jpg;Saccade;22273,70561;24;-;8.4;573.9;;15;;;
2823;1018;3.jpg;Saccade;18847,10171;24;-;10.9;1075.9;;15;;;
2824;1018;3.jpg;Fissazione;25879,37089;102,4;-;-;-;;;;;
2825;1018;3.jpg;Saccade;25770,05764;23,2;-;21.2;1938.5;;15;;;
2826;1018;3.jpg;Saccade;11511,19809;28,8;-;8.8;565.7;;15;;;
2827;1018;3.jpg;Saccade;7232,680571;67,2;-;17.3;833.4;;15;;;
2828;1018;3.jpg;Saccade;1526,817698;49,6;-;5.3;207.5;;15;;;
2829;1018;3.jpg;Fissazione;11290,73747;63,2;-;-;-;;;;;
2830;1018;3.jpg;Saccade;10606,49117;75,2;-;70.9;2061.7;;15;;;
2831;1018;3.jpg;Fissazione;651,0917147;51,2;-;-;-;;;;;
2832;1018;3.jpg;Saccade;8095,188023;32,8;-;9.9;587.8;;15;;;
2833;1018;3.jpg;Saccade;3074,135678;29,6;-;9.5;631.0;;15;;;
2834;1018;3.jpg;Saccade;2924,697319;25,6;-;6.8;495.1;;15;;;
2835;1018;3.jpg;Fissazione;8029,459414;340;-;-;-;;;;;
2836;1018;3.jpg;Fissazione;7156,197237;203,2;-;-;-;;;;;
2837;1018;3.jpg;Saccade;25283,7908;29,6;-;6.8;506.7;;15;;;
2838;1019;1.jpg;Saccade;10538,60316;26,4;-;17.7;1300.4;;15;;;
2839;1019;1.jpg;Saccade;3793,340789;25,6;-;8.3;601.6;;15;;;
2840;1019;1.jpg;Saccade;2447,364619;22,4;-;9.3;777.1;;15;;;
2841;1019;1.jpg;Fissazione;12135,55642;120,8;-;-;-;;;;;
2842;1019;1.jpg;Fissazione;1604,501383;460,8;-;-;-;;;;;
2843;1019;1.jpg;Saccade;892,5859757;24;-;6.9;732.0;;15;;;
2844;1019;1.jpg;Fissazione;12554,28964;143,2;-;-;-;;;;;
2845;1019;1.jpg;Fissazione;14941,39399;148,8;-;-;-;;;;;
2846;1019;1.jpg;Saccade;485,8216208;45,6;-;14.9;887.0;;15;;;
2847;1019;1.jpg;Fissazione;19189,91404;140;-;-;-;;;;;
2848;1019;1.jpg;Fissazione;8269,769412;352;-;-;-;;;;;
2849;1019;1.jpg;Fissazione;11147,90409;360,8;-;-;-;;;;;
2850;1019;1.jpg;Saccade;1962,533817;42,4;-;1.5;65.7;;15;;;
2851;1019;1.jpg;Saccade;1766,640293;39,2;-;7.9;536.1;;15;;;
2852;1019;1.jpg;Saccade;6039,736296;22,4;-;3.9;267.1;;15;;;
2853;1019;1.jpg;Saccade;6287,806091;24;-;11.0;710.5;;15;;;
2854;1019;1.jpg;Saccade;16757,38875;44,8;-;2.4;129.0;;15;;;
2855;1019;1.jpg;Saccade;4170,408908;23,2;-;13.2;721.6;;15;;;
2856;1019;1.jpg;Saccade;15717,6214;32;-;1.3;85.3;;15;;;
2857;1019;1.jpg;Saccade;5722,469737;24,8;-;10.3;1190.2;;15;;;
2858;1019;1.jpg;Saccade;20088,50604;44;-;19.1;1329.9;;15;;;
2859;1019;1.jpg;Fissazione;17748,76453;128;-;-;-;;;;;
2860;1019;1.jpg;Saccade;21101,59735;25,6;-;20.4;2027.7;;15;;;
2861;1019;1.jpg;Fissazione;7168,329702;369,6;-;-;-;;;;;
2862;1019;1.jpg;Saccade;8784,031469;22,4;-;10.2;968.7;;15;;;
2863;1019;1.jpg;Saccade;22711,40774;22,4;-;4.0;197.1;;15;;;
2864;1019;1.jpg;Fissazione;30227,27448;102,4;-;-;-;;;;;
2865;1019;1.jpg;Saccade;4658,511415;25,6;-;9.9;723.3;;15;;;
2866;1019;1.jpg;Fissazione;2507,162914;81,6;-;-;-;;;;;
2867;1019;1.jpg;Saccade;17413,63346;87,2;-;55.5;1952.3;;15;;;
2868;1019;1.jpg;Saccade;7016,348799;58,4;-;26.1;1165.6;;15;;;
2869;1019;1.jpg;Saccade;11620,95357;28,8;-;8.8;565.7;;15;;;
2870;1019;1.jpg;Fissazione;27879,12713;128;-;-;-;;;;;
2871;1019;1.jpg;Saccade;18456,30072;22,4;-;6.1;396.4;;15;;;
2872;1019;1.jpg;Saccade;12790,13101;23,2;-;7.2;613.7;;15;;;
2873;1019;1.jpg;Fissazione;12238,00506;91,2;-;-;-;;;;;
2874;1019;1.jpg;Saccade;10980,98608;32,8;-;9.0;642.7;;15;;;
2875;1019;1.jpg;Saccade;8243,080213;75,2;-;70.9;2061.7;;15;;;
2876;1019;1.jpg;Fissazione;12096,66272;257,6;-;-;-;;;;;
2877;1019;1.jpg;Saccade;20967,26719;24;-;10.9;1075.9;;15;;;
2878;1019;1.jpg;Saccade;11800,06137;32,8;-;13.3;1072.5;;15;;;
2879;1019;1.jpg;Saccade;7495,235888;50,4;-;20.7;1398.1;;15;;;
2880;1019;1.jpg;Saccade;23327,78463;38,4;-;22.4;1287.3;;15;;;
2881;1019;1.jpg;Saccade;8338,999899;32,8;-;9.9;587.8;;15;;;
2882;1019;1.jpg;Saccade;26806,73668;29,6;-;6.8;506.7;;15;;;
2883;1019;1.jpg;Saccade;1045,635854;54,4;-;16.9;1056.0;;15;;;
2884;1019;1.jpg;Saccade;6863,085704;22,4;-;7.8;672.6;;15;;;
2885;1019;1.jpg;Saccade;2812,949486;36;-;32.4;2009.2;;15;;;
2886;1019;1.jpg;Saccade;10932,32729;39,2;-;23.4;1505.0;;15;;;
2887;1019;1.jpg;Saccade;11579,77232;25,6;-;6.3;627.6;;15;;;
2888;1019;1.jpg;Saccade;2709,904971;29,6;-;9.5;631.0;;15;;;
2889;1019;1.jpg;Saccade;6524,668683;28,8;-;15.6;1161.7;;15;;;
2890;1019;1.jpg;Saccade;32653,28681;31,2;-;11.8;1263.2;;15;;;
2891;1019;1.jpg;Saccade;2880,526704;63,2;-;23.3;1289.9;;15;;;
2892;1019;1.jpg;Saccade;11523,53521;22,4;-;4.8;240.9;;15;;;
2893;1019;1.jpg;Fissazione;12383,76105;101,6;-;-;-;;;;;
2894;1019;1.jpg;Fissazione;31787,71176;209,6;-;-;-;;;;;
2895;1019;1.jpg;Fissazione;1106,159671;215,2;-;-;-;;;;;
2896;1019;1.jpg;Saccade;9022,204905;32,8;-;21.7;1388.6;;15;;;
2897;1019;1.jpg;Saccade;6851,156941;70,4;-;25.2;977.4;;15;;;
2898;1019;1.jpg;Saccade;2153,846911;51,2;-;1.4;40.7;;15;;;
2899;1019;1.jpg;Fissazione;5196,617427;63,2;-;-;-;;;;;
2900;1019;1.jpg;Fissazione;7155,611018;658,4;-;-;-;;;;;
2901;1019;1.jpg;Saccade;1486,222828;29,6;-;1.6;91.3;;15;;;
2902;1019;1.jpg;Fissazione;10539,61641;264,8;-;-;-;;;;;
2903;1019;1.jpg;Saccade;4980,997708;22,4;-;6.6;569.1;;15;;;
2904;1019;1.jpg;Saccade;34360,44573;52;-;19.6;1348.3;;15;;;
2905;1019;1.jpg;Saccade;18628,21913;36,8;-;15.2;699.5;;15;;;
2906;1019;1.jpg;Saccade;735,3126622;44;-;6.0;368.7;;15;;;
2907;1019;1.jpg;Saccade;11087,4585;48,8;-;32.6;1876.7;;15;;;
2908;1019;1.jpg;Saccade;12314,16633;44;-;1.4;68.0;;15;;;
2909;1019;1.jpg;Saccade;12687,30327;58,4;-;8.2;378.7;;15;;;
2910;1019;1.jpg;Saccade;2431,483712;32,8;-;14.3;1019.5;;15;;;
2911;1019;2.jpg;Fissazione;24099,29604;102,4;-;-;-;;;;;
2912;1019;2.jpg;Saccade;1690,592056;42,4;-;1.5;65.7;;15;;;
2913;1019;2.jpg;Fissazione;7390,159249;203,2;-;-;-;;;;;
2914;1019;2.jpg;Saccade;13117,86889;24;-;7.6;557.5;;15;;;
2915;1019;2.jpg;Saccade;548,0273195;45,6;-;14.9;887.0;;15;;;
2916;1019;2.jpg;Saccade;1018,095005;54,4;-;16.9;1056.0;;15;;;
2917;1019;2.jpg;Fissazione;4430,745589;1036;-;-;-;;;;;
2918;1019;2.jpg;Saccade;773,6920001;24;-;6.9;732.0;;15;;;
2919;1019;2.jpg;Fissazione;6930,465116;369,6;-;-;-;;;;;
2920;1019;2.jpg;Saccade;7819,226341;58,4;-;20.8;1006.5;;15;;;
2921;1019;2.jpg;Saccade;21057,52708;24;-;0.9;73.8;;15;;;
2922;1019;2.jpg;Fissazione;12177,07431;101,6;-;-;-;;;;;
2923;1019;2.jpg;Fissazione;14526,08345;257,6;-;-;-;;;;;
2924;1019;2.jpg;Saccade;22989,55754;23,2;-;9.5;976.9;;15;;;
2925;1019;2.jpg;Saccade;2861,97175;32;-;10.6;1054.0;;15;;;
2926;1019;2.jpg;Saccade;18098,24794;36,8;-;15.2;699.5;;15;;;
2927;1019;2.jpg;Fissazione;32780,23445;175,2;-;-;-;;;;;
2928;1019;2.jpg;Saccade;19882,31868;51,2;-;4.5;153.7;;15;;;
2929;1019;2.jpg;Saccade;3095,111121;27,2;-;7.1;650.4;;15;;;
2930;1019;2.jpg;Saccade;10174,82618;24;-;12.9;1275.2;;15;;;
2931;1019;2.jpg;Fissazione;21897,02859;294,4;-;-;-;;;;;
2932;1019;2.jpg;Saccade;10781,58746;39,2;-;23.4;1505.0;;15;;;
2933;1019;2.jpg;Fissazione;21503,00114;128;-;-;-;;;;;
2934;1019;2.jpg;Saccade;7047,357294;22,4;-;7.8;672.6;;15;;;
2935;1019;2.jpg;Saccade;26477,17012;29,6;-;6.8;506.7;;15;;;
2936;1019;2.jpg;Fissazione;18299,52224;112;-;-;-;;;;;
2937;1019;2.jpg;Saccade;5366,839541;41,6;-;15.7;878.6;;15;;;
2938;1019;2.jpg;Saccade;29108,01959;31,2;-;11.8;1263.2;;15;;;
2939;1019;2.jpg;Saccade;10541,70101;26,4;-;17.7;1300.4;;15;;;
2940;1019;2.jpg;Saccade;21228,3467;27,2;-;20.0;1688.6;;15;;;
2941;1019;3.jpg;Saccade;22026,56758;22,4;-;6.8;675.8;;15;;;
2942;1019;3.jpg;Saccade;21666,90787;51,2;-;4.5;153.7;;15;;;
2943;1019;3.jpg;Saccade;27910,22025;27,2;-;12.9;1033.0;;15;;;
2944;1019;3.jpg;Saccade;1487,989063;42,4;-;1.5;65.7;;15;;;
2945;1019;3.jpg;Saccade;9275,042034;39,2;-;23.0;1652.6;;15;;;
2946;1019;3.jpg;Saccade;11028,4552;32,8;-;9.0;642.7;;15;;;
2947;1019;3.jpg;Saccade;13763,13627;29,6;-;21.5;1887.2;;15;;;
2948;1019;3.jpg;Fissazione;7645,013349;352;-;-;-;;;;;
2949;1019;3.jpg;Saccade;32080,88963;51,2;-;5.2;293.5;;15;;;
2950;1019;3.jpg;Saccade;20955,16529;23,2;-;9.5;976.9;;15;;;
2951;1019;3.jpg;Saccade;6295,188753;28,8;-;15.6;1161.7;;15;;;
2952;1019;3.jpg;Saccade;24276,76083;38,4;-;22.4;1287.3;;15;;;
2953;1019;3.jpg;Saccade;10705,27512;39,2;-;23.4;1505.0;;15;;;
2954;1019;3.jpg;Saccade;26209,60179;27,2;-;20.0;1688.6;;15;;;
2955;1019;3.jpg;Saccade;14893,40694;36,8;-;15.2;699.5;;15;;;
2956;1019;3.jpg;Saccade;17706,25522;24;-;6.9;707.3;;15;;;
2957;1019;3.jpg;Fissazione;19669,05307;140;-;-;-;;;;;
2958;1019;3.jpg;Saccade;7785,16917;58,4;-;20.8;1006.5;;15;;;
2959;1019;3.jpg;Saccade;10928,35624;26,4;-;10.3;914.0;;15;;;
2960;1019;3.jpg;Saccade;18169,24935;28;-;7.5;664.5;;15;;;
2961;1019;3.jpg;Saccade;20982,63912;24;-;0.9;73.8;;15;;;
2962;1019;3.jpg;Saccade;4708,974821;23,2;-;13.2;721.6;;15;;;
2963;1019;3.jpg;Saccade;308,8001504;24,8;-;14.7;1053.0;;15;;;
2964;1019;3.jpg;Saccade;7929,595543;42,4;-;18.1;1156.9;;15;;;
2965;1019;3.jpg;Fissazione;3241,571535;81,6;-;-;-;;;;;
2966;1020;1.jpg;Saccade;23947,09986;24;-;8.4;573.9;;15;;;
2967;1020;1.jpg;Saccade;19261,91781;44,8;-;2.4;129.0;;15;;;
2968;1020;1.jpg;Saccade;9968,047857;32,8;-;16.6;1277.4;;15;;;
2969;1020;1.jpg;Saccade;13502,90285;87,2;-;55.5;1952.3;;15;;;
2970;1020;1.jpg;Saccade;4588,93261;25,6;-;9.9;723.3;;15;;;
2971;1020;1.jpg;Saccade;12446,87009;26,4;-;10.3;914.0;;15;;;
2972;1020;1.jpg;Saccade;12389,2832;23,2;-;7.2;613.7;;15;;;
2973;1020;1.jpg;Saccade;19213,16606;52,8;-;3.4;109.8;;15;;;
2974;1020;1.jpg;Saccade;30954,05289;40;-;14.9;1083.8;;15;;;
2975;1020;1.jpg;Fissazione;25043,57282;102,4;-;-;-;;;;;
2976;1020;1.jpg;Fissazione;5712,311948;63,2;-;-;-;;;;;
2977;1020;1.jpg;Fissazione;5742,638541;154,4;-;-;-;;;;;
2978;1020;1.jpg;Saccade;10938,04423;29,6;-;21.5;1887.2;;15;;;
2979;1020;1.jpg;Saccade;14658,83293;39,2;-;23.5;1731.4;;15;;;
2980;1020;1.jpg;Fissazione;21185,22049;112;-;-;-;;;;;
2981;1020;1.jpg;Saccade;9131,776862;53,6;-;24.1;1367.1;;15;;;
2982;1020;1.jpg;Saccade;19201,08011;24;-;0.9;73.8;;15;;;
2983;1020;1.jpg;Saccade;21603,56449;23,2;-;9.5;976.9;;15;;;
2984;1020;1.jpg;Saccade;21063,08272;22,4;-;6.8;675.8;;15;;;
2985;1020;1.jpg;Saccade;28356,06728;26,4;-;11.5;1098.9;;15;;;
2986;1020;1.jpg;Fissazione;742,8141885;121,6;-;-;-;;;;;
2987;1020;1.jpg;Saccade;2013,069733;51,2;-;1.4;40.7;;15;;;
2988;1020;1.jpg;Saccade;30789,14501;51,2;-;5.2;293.5;;15;;;
2989;1020;1.jpg;Saccade;6021,906797;24,8;-;10.3;1190.2;;15;;;
2990;1020;1.jpg;Saccade;3797,262539;25,6;-;8.3;601.6;;15;;;
2991;1020;1.jpg;Saccade;27243,15624;31,2;-;11.8;1263.2;;15;;;
2992;1020;1.jpg;Fissazione;8689,748167;340;-;-;-;;;;;
2993;1020;1.jpg;Fissazione;1630,333598;117,6;-;-;-;;;;;
2994;1020;1.jpg;Saccade;2706,553155;25,6;-;6.8;495.1;;15;;;
2995;1020;1.jpg;Saccade;2209,824595;22,4;-;9.3;777.1;;15;;;
2996;1020;1.jpg;Saccade;24128,28953;38,4;-;22.4;1287.3;;15;;;
2997;1020;1.jpg;Saccade;2870,494915;36;-;32.4;2009.2;;15;;;
2998;1020;1.jpg;Saccade;8844,074657;49,6;-;42.6;2043.6;;15;;;
2999;1020;1.jpg;Fissazione;13093,12308;166,4;-;-;-;;;;;
3000;1020;1.jpg;Saccade;21208,901;43,2;-;7.3;404.4;;15;;;
3001;1020;1.jpg;Saccade;32140,60804;52;-;19.6;1348.3;;15;;;
3002;1020;1.jpg;Saccade;7951,581111;32,8;-;9.9;587.8;;15;;;
3003;1020;1.jpg;Saccade;12238,93103;32,8;-;9.0;642.7;;15;;;
3004;1020;1.jpg;Saccade;26105,94566;27,2;-;20.0;1688.6;;15;;;
3005;1020;1.jpg;Saccade;24825,17487;23,2;-;21.2;1938.5;;15;;;
3006;1020;1.jpg;Fissazione;1258,506551;215,2;-;-;-;;;;;
3007;1020;1.jpg;Fissazione;11221,01541;257,6;-;-;-;;;;;
3008;1020;1.jpg;Saccade;5869,817548;25,6;-;12.4;705.1;;15;;;
3009;1020;1.jpg;Fissazione;11039,50848;360,8;-;-;-;;;;;
3010;1020;1.jpg;Saccade;32797,70034;28;-;11.6;884.4;;15;;;
3011;1020;1.jpg;Saccade;11781,88963;28,8;-;8.8;565.7;;15;;;
3012;1020;1.jpg;Fissazione;27623,50336;128;-;-;-;;;;;
3013;1020;1.jpg;Saccade;10324,9767;39,2;-;23.0;1652.6;;15;;;
3014;1020;1.jpg;Saccade;27820,9203;29,6;-;6.8;506.7;;15;;;
3015;1020;1.jpg;Saccade;6661,78542;50,4;-;20.7;1398.1;;15;;;
3016;1020;1.jpg;Saccade;770,5461499;44;-;6.0;368.7;;15;;;
3017;1020;1.jpg;Saccade;8175,893332;27,2;-;10.6;755.5;;15;;;
3018;1020;1.jpg;Saccade;7966,577932;42,4;-;18.1;1156.9;;15;;;
3019;1020;1.jpg;Fissazione;18286,34521;140;-;-;-;;;;;
3020;1020;1.jpg;Saccade;18193,43956;44,8;-;33.3;1772.5;;15;;;
3021;1020;1.jpg;Saccade;20075,36867;25,6;-;20.4;2027.7;;15;;;
3022;1020;1.jpg;Saccade;649,7070526;45,6;-;14.9;887.0;;15;;;
3023;1020;1.jpg;Saccade;2295,342869;32;-;10.6;1054.0;;15;;;
3024;1020;1.jpg;Fissazione;595,9299784;51,2;-;-;-;;;;;
3025;1020;1.jpg;Saccade;12976,65426;92;-;50.7;1483.9;;15;;;
3026;1020;1.jpg;Saccade;19324,89895;22,4;-;6.1;396.4;;15;;;
3027;1020;1.jpg;Saccade;10761,957;29,6;-;15.1;1262.8;;15;;;
3028;1020;1.jpg;Fissazione;29811,11182;818,4;-;-;-;;;;;
3029;1020;1.jpg;Saccade;6111,280672;22,4;-;7.8;672.6;;15;;;
3030;1020;1.jpg;Saccade;6595,490753;22,4;-;6.6;569.1;;15;;;
3031;1020;1.jpg;Saccade;14471,39253;24;-;7.6;557.5;;15;;;
3032;1020;1.jpg;Saccade;2934,951612;63,2;-;23.3;1289.9;;15;;;
3033;1020;1.jpg;Saccade;12613,62262;28;-;6.9;637.2;;15;;;
3034;1020;1.jpg;Fissazione;11943,69557;91,2;-;-;-;;;;;
3035;1020;1.jpg;Saccade;5036,620462;23,2;-;13.2;721.6;;15;;;
3036;1020;1.jpg;Saccade;11683,30057;44;-;1.4;68.0;;15;;;
3037;1020;1.jpg;Saccade;12935,97314;25,6;-;6.3;627.6;;15;;;
3038;1020;1.jpg;Saccade;7987,615585;32,8;-;21.7;1388.6;;15;;;
3039;1020;1.jpg;Saccade;8556,800083;59,2;-;23.8;956.2;;15;;;
3040;1020;1.jpg;Saccade;5664,024541;25,6;-;9.4;575.7;;15;;;
3041;1020;1.jpg;Saccade;10785,2176;32,8;-;13.3;1072.5;;15;;;
3042;1020;1.jpg;Saccade;9213,872839;23,2;-;12.2;973.2;;15;;;
3043;1020;1.jpg;Saccade;1513,975897;39,2;-;7.9;536.1;;15;;;
3044;1020;1.jpg;Saccade;29902,95261;45,6;-;11.7;623.4;;15;;;
3045;1020;1.jpg;Saccade;11747,53299;48,8;-;32.6;1876.7;;15;;;
3046;1020;1.jpg;Fissazione;32036,10425;209,6;-;-;-;;;;;
3047;1020;1.jpg;Fissazione;3351,438793;1036;-;-;-;;;;;
3048;1020;1.jpg;Saccade;27526,26204;27,2;-;12.9;1033.0;;15;;;
3049;1020;1.jpg;Saccade;16474,47;22,4;-;7.7;692.6;;15;;;
3050;1020;1.jpg;Fissazione;12490,48384;148,8;-;-;-;;;;;
3051;1020;1.jpg;Saccade;7941,167951;29,6;-;12.2;951.2;;15;;;
3052;1020;1.jpg;Saccade;7055,256118;22,4;-;3.9;267.1;;15;;;
3053;1020;1.jpg;Saccade;6985,184733;30,4;-;26.5;1699.7;;15;;;
3054;1020;1.jpg;Fissazione;8085,052411;658,4;-;-;-;;;;;
3055;1020;1.jpg;Saccade;24472,55732;32;-;1.5;89.0;;15;;;
3056;1020;1.jpg;Saccade;13379,49994;24,8;-;16.3;1662.5;;15;;;
3057;1020;1.jpg;Fissazione;8049,913095;203,2;-;-;-;;;;;
3058;1020;1.jpg;Fissazione;11888,51675;101,6;-;-;-;;;;;
3059;1020;1.jpg;Fissazione;2591,707538;81,6;-;-;-;;;;;
3060;1020;1.jpg;Saccade;10581,13313;24;-;12.9;1275.2;;15;;;
3061;1020;1.jpg;Saccade;10330,5803;39,2;-;23.4;1505.0;;15;;;
3062;1020;1.jpg;Saccade;5443,366957;41,6;-;15.7;878.6;;15;;;
3063;1020;1.jpg;Saccade;1635,330329;49,6;-;5.3;207.5;;15;;;
3064;1020;1.jpg;Saccade;19680,37787;24;-;6.9;707.3;;15;;;
3065;1020;1.jpg;Fissazione;17063,72081;128;-;-;-;;;;;
3066;1020;1.jpg;Saccade;356,193345;24,8;-;14.7;1053.0;;15;;;
3067;1020;1.jpg;Saccade;21904,60378;22,4;-;4.0;197.1;;15;;;
3068;1020;1.jpg;Saccade;7120,990795;30,4;-;14.6;1012.8;;15;;;
3069;1020;1.jpg;Saccade;6453,74046;67,2;-;17.3;833.4;;15;;;
3070;1020;1.jpg;Fissazione;7214,510984;352;-;-;-;;;;;
3071;1020;1.jpg;Saccade;7581,19852;62,4;-;19.5;1628.1;;15;;;
3072;1020;1.jpg;Saccade;512,6689703;34,4;-;14.4;1205.6;;15;;;
3073;1020;1.jpg;Fissazione;11846,58998;63,2;-;-;-;;;;;
3074;1020;1.jpg;Saccade;9343,426137;36;-;20.9;1601.4;;15;;;
3075;1020;1.jpg;Saccade;1592,83427;29,6;-;1.6;91.3;;15;;;
3076;1020;2.jpg;Fissazione;13445,78289;63,2;-;-;-;;;;;
3077;1020;2.jpg;Fissazione;30384,4518;175,2;-;-;-;;;;;
3078;1020;2.jpg;Saccade;8054,089173;32,8;-;21.7;1388.6;;15;;;
3079;1020;2.jpg;Saccade;18818,1659;51,2;-;4.5;153.7;;15;;;
3080;1020;2.jpg;Saccade;1597,184766;29,6;-;1.6;91.3;;15;;;
3081;1020;2.jpg;Saccade;11252,74261;26,4;-;17.7;1300.4;;15;;;
3082;1020;2.jpg;Saccade;20380,97716;24;-;8.4;573.9;;15;;;
3083;1020;2.jpg;Saccade;6791,373751;58,4;-;26.1;1165.6;;15;;;
3084;1020;2.jpg;Saccade;7068,662478;70,4;-;25.2;977.4;;15;;;
3085;1020;2.jpg;Fissazione;1272,281068;215,2;-;-;-;;;;;
3086;1020;2.jpg;Saccade;2806,338795;36;-;32.4;2009.2;;15;;;
3087;1020;2.jpg;Saccade;385,8077322;24,8;-;14.7;1053.0;;15;;;
3088;1020;2.jpg;Saccade;13711,76204;59,2;-;22.9;1454.1;;15;;;
3089;1020;2.jpg;Saccade;25255,56216;38,4;-;22.4;1287.3;;15;;;
3090;1020;2.jpg;Fissazione;17236,94498;112;-;-;-;;;;;
3091;1020;2.jpg;Saccade;26562,76139;22,4;-;4.0;197.1;;15;;;
3092;1020;2.jpg;Fissazione;7144,610217;352;-;-;-;;;;;
3093;1020;2.jpg;Saccade;486,8062044;34,4;-;14.4;1205.6;;15;;;
3094;1020;2.jpg;Saccade;6278,637208;41,6;-;15.7;878.6;;15;;;
3095;1020;2.jpg;Saccade;763,007545;24;-;6.9;732.0;;15;;;
3096;1020;2.jpg;Fissazione;21015,68568;294,4;-;-;-;;;;;
3097;1020;2.jpg;Saccade;21641,6822;44,8;-;33.3;1772.5;;15;;;
3098;1020;2.jpg;Fissazione;5653,383724;63,2;-;-;-;;;;;
3099;1020;2.jpg;Saccade;3166,061657;63,2;-;23.3;1289.9;;15;;;
3100;1020;2.jpg;Saccade;2140,509032;51,2;-;1.4;40.7;;15;;;
3101;1020;2.jpg;Saccade;5713,555668;24;-;11.0;710.5;;15;;;
3102;1020;2.jpg;Saccade;15967,04937;22,4;-;6.1;396.4;;15;;;
3103;1020;2.jpg;Saccade;20867,84818;28,8;-;8.1;517.1;;15;;;
3104;1020;3.jpg;Saccade;5229,415301;25,6;-;9.9;723.3;;15;;;
3105;1020;3.jpg;Saccade;8484,679363;32,8;-;1.1;79.5;;15;;;
3106;1020;3.jpg;Saccade;28247,9215;22,4;-;4.0;197.1;;15;;;
3107;1020;3.jpg;Saccade;29059,51688;26,4;-;11.5;1098.9;;15;;;
3108;1020;3.jpg;Saccade;21740,83421;23,2;-;9.5;976.9;;15;;;
3109;1020;3.jpg;Saccade;25519,45108;32;-;3.3;108.3;;15;;;
3110;1020;3.jpg;Saccade;6349,715888;22,4;-;7.8;672.6;;15;;;
3111;1020;3.jpg;Saccade;21523,16826;44,8;-;33.3;1772.5;;15;;;
3112;1020;3.jpg;Saccade;5613,354522;28;-;9.9;806.9;;15;;;
3113;1020;3.jpg;Saccade;9457,651664;59,2;-;23.8;956.2;;15;;;
3114;1020;3.jpg;Saccade;11477,14042;29,6;-;21.5;1887.2;;15;;;
3115;1020;3.jpg;Fissazione;12535,741;166,4;-;-;-;;;;;
3116;1020;3.jpg;Saccade;7851,463523;30,4;-;14.6;1012.8;;15;;;
3117;1020;3.jpg;Saccade;679,4604426;44;-;6.0;368.7;;15;;;
3118;1020;3.jpg;Saccade;8513,527317;49,6;-;42.6;2043.6;;15;;;
3119;1020;3.jpg;Saccade;16236,49713;24;-;6.9;707.3;;15;;;
3120;1020;3.jpg;Saccade;1651,04406;39,2;-;7.9;536.1;;15;;;
3121;1020;3.jpg;Fissazione;35062,79289;818,4;-;-;-;;;;;
3122;1020;3.jpg;Saccade;16947,73898;22,4;-;7.7;692.6;;15;;;
3123;1020;3.jpg;Saccade;1729,676284;29,6;-;1.6;91.3;;15;;;
3124;1020;3.jpg;Saccade;18143,88236;51,2;-;4.5;153.7;;15;;;
3125;1020;3.jpg;Fissazione;714,5760804;51,2;-;-;-;;;;;
3126;1021;1.jpg;Saccade;2646,038247;32,8;-;14.3;1019.5;;15;;;
3127;1021;1.jpg;Saccade;20040,45579;22,4;-;6.1;396.4;;15;;;
3128;1021;1.jpg;Saccade;5367,748858;25,6;-;12.4;705.1;;15;;;
3129;1021;1.jpg;Saccade;32058,70327;28;-;11.6;884.4;;15;;;
3130;1021;1.jpg;Saccade;26774,85972;32;-;1.5;89.0;;15;;;
3131;1021;1.jpg;Saccade;9695,915769;49,6;-;42.6;2043.6;;15;;;
3132;1021;1.jpg;Saccade;8019,40896;60,8;-;20.7;1330.6;;15;;;
3133;1021;1.jpg;Saccade;15395,98503;35,2;-;15.5;935.0;;15;;;
3134;1021;1.jpg;Fissazione;13109,89579;143,2;-;-;-;;;;;
3135;1021;1.jpg;Saccade;1710,662361;42,4;-;1.5;65.7;;15;;;
3136;1021;1.jpg;Fissazione;13869,96119;257,6;-;-;-;;;;;
3137;1021;1.jpg;Saccade;5704,672997;41,6;-;15.7;878.6;;15;;;
3138;1021;1.jpg;Saccade;2504,648963;63,2;-;23.3;1289.9;;15;;;
3139;1021;1.jpg;Fissazione;14451,93058;120,8;-;-;-;;;;;
3140;1021;1.jpg;Saccade;26097,16838;32;-;3.3;108.3;;15;;;
3141;1021;1.jpg;Fissazione;1206,960584;215,2;-;-;-;;;;;
3142;1021;1.jpg;Saccade;6494,102139;25,6;-;9.4;575.7;;15;;;
3143;1021;1.jpg;Saccade;21879,79499;25,6;-;20.4;2027.7;;15;;;
3144;1021;1.jpg;Fissazione;6668,132395;369,6;-;-;-;;;;;
3145;1021;1.jpg;Saccade;11188,93151;48,8;-;32.6;1876.7;;15;;;
3146;1021;1.jpg;Saccade;19390,49606;52,8;-;3.4;109.8;;15;;;
3147;1021;1.jpg;Fissazione;7832,581523;352;-;-;-;;;;;
3148;1021;1.jpg;Saccade;1790,257616;39,2;-;7.9;536.1;;15;;;
3149;1021;1.jpg;Saccade;10414,71093;39,2;-;23.0;1652.6;;15;;;
3150;1021;1.jpg;Saccade;7727,14642;42,4;-;18.1;1156.9;;15;;;
3151;1021;1.jpg;Saccade;1071,464936;54,4;-;16.9;1056.0;;15;;;
3152;1021;1.jpg;Saccade;20457,95549;24;-;0.9;73.8;;15;;;
3153;1021;1.jpg;Saccade;7812,779935;70,4;-;25.2;977.4;;15;;;
3154;1021;1.jpg;Fissazione;34684,82429;175,2;-;-;-;;;;;
3155;1021;1.jpg;Saccade;13797,05063;44;-;1.4;68.0;;15;;;
3156;1021;1.jpg;Saccade;16369,831;87,2;-;55.5;1952.3;;15;;;
3157;1021;1.jpg;Saccade;16710,65917;28;-;7.5;664.5;;15;;;
3158;1021;1.jpg;Saccade;23822,1248;27,2;-;20.0;1688.6;;15;;;
3159;1021;1.jpg;Saccade;25163,0296;22,4;-;4.0;197.1;;15;;;
3160;1021;1.jpg;Saccade;29093,82477;52;-;19.6;1348.3;;15;;;
3161;1021;1.jpg;Saccade;21330,30571;23,2;-;9.5;976.9;;15;;;
3162;1021;1.jpg;Saccade;4426,390807;24;-;11.0;710.5;;15;;;
3163;1021;1.jpg;Fissazione;11175,87083;264,8;-;-;-;;;;;
3164;1021;1.jpg;Saccade;32752,42108;31,2;-;11.8;1263.2;;15;;;
3165;1021;1.jpg;Saccade;3164,170229;29,6;-;9.5;631.0;;15;;;
3166;1021;1.jpg;Saccade;1343,387158;29,6;-;1.6;91.3;;15;;;
3167;1021;1.jpg;Saccade;18305,20832;44;-;19.1;1329.9;;15;;;
3168;1021;1.jpg;Saccade;9948,825513;24;-;3.7;346.5;;15;;;
3169;1021;1.jpg;Saccade;11158,82776;22,4;-;10.2;968.7;;15;;;
3170;1021;1.jpg;Saccade;13348,89223;23,2;-;7.2;613.7;;15;;;
3171;1021;1.jpg;Saccade;809,5700602;44;-;6.0;368.7;;15;;;
3172;1021;1.jpg;Saccade;7041,289218;28,8;-;15.6;1161.7;;15;;;
3173;1021;1.jpg;Fissazione;8284,417439;340;-;-;-;;;;;
3174;1021;1.jpg;Saccade;11528,21442;22,4;-;4.8;240.9;;15;;;
3175;1021;1.jpg;Saccade;6344,432915;22,4;-;7.8;672.6;;15;;;
3176;1021;1.jpg;Saccade;30164,50075;90,4;-;4.4;148.5;;15;;;
3177;1021;1.jpg;Saccade;7721,340429;29,6;-;12.2;951.2;;15;;;
3178;1021;1.jpg;Fissazione;11684,95397;63,2;-;-;-;;;;;
3179;1021;1.jpg;Saccade;2571,618606;36;-;32.4;2009.2;;15;;;
3180;1021;1.jpg;Saccade;18300,71078;24;-;10.9;1075.9;;15;;;
3181;1021;1.jpg;Saccade;12434,69872;92;-;50.7;1483.9;;15;;;
3182;1021;1.jpg;Fissazione;6952,209791;658,4;-;-;-;;;;;
3183;1021;1.jpg;Saccade;842,0182859;24;-;6.9;732.0;;15;;;
3184;1021;1.jpg;Saccade;9084,756407;45,6;-;17.4;954.0;;15;;;
3185;1021;1.jpg;Fissazione;14895,29362;148,8;-;-;-;;;;;
3186;1021;1.jpg;Saccade;6389,867477;58,4;-;26.1;1165.6;;15;;;
3187;1021;1.jpg;Saccade;17575,88199;44,8;-;33.3;1772.5;;15;;;
3188;1021;1.jpg;Fissazione;7230,079852;203,2;-;-;-;;;;;
3189;1021;1.jpg;Saccade;10392,29077;28,8;-;8.8;565.7;;15;;;
3190;1021;1.jpg;Saccade;11027,17331;24;-;12.9;1275.2;;15;;;
3191;1021;1.jpg;Fissazione;7602,559091;154,4;-;-;-;;;;;
3192;1021;1.jpg;Fissazione;12948,21132;360,8;-;-;-;;;;;
3193;1021;1.jpg;Fissazione;20375,70058;128;-;-;-;;;;;
3194;1021;1.jpg;Saccade;584,3798249;45,6;-;14.9;887.0;;15;;;
3195;1021;1.jpg;Fissazione;13287,31352;91,2;-;-;-;;;;;
3196;1021;1.jpg;Saccade;2223,020698;51,2;-;1.4;40.7;;15;;;
3197;1021;1.jpg;Saccade;10104,5454;27,2;-;10.6;755.5;;15;;;
3198;1021;1.jpg;Saccade;19230,44468;51,2;-;4.5;153.7;;15;;;
3199;1021;1.jpg;Saccade;10334,3073;26,4;-;17.7;1300.4;;15;;;
3200;1021;1.jpg;Saccade;4150,898639;25,6;-;8.3;601.6;;15;;;
3201;1021;1.jpg;Saccade;4968,908358;25,6;-;9.9;723.3;;15;;;
3202;1021;1.jpg;Saccade;12244,12807;26,4;-;10.3;914.0;;15;;;
3203;1021;1.jpg;Fissazione;29916,7471;209,6;-;-;-;;;;;
3204;1021;1.jpg;Fissazione;21898,14746;112;-;-;-;;;;;
3205;1021;1.jpg;Saccade;6991,555363;22,4;-;3.9;267.1;;15;;;
3206;1021;1.jpg;Saccade;406,9229392;24,8;-;14.7;1053.0;;15;;;
3207;1021;1.jpg;Fissazione;6458,325709;63,2;-;-;-;;;;;
3208;1021;1.jpg;Saccade;10147,31048;23,2;-;12.2;973.2;;15;;;
3209;1021;1.jpg;Saccade;14427,14397;39,2;-;23.5;1731.4;;15;;;
3210;1021;2.jpg;Saccade;511,5417474;34,4;-;14.4;1205.6;;15;;;
3211;1021;2.jpg;Fissazione;773,5939409;121,6;-;-;-;;;;;
3212;1021;2.jpg;Fissazione;13666,08761;264,8;-;-;-;;;;;
3213;1021;2.jpg;Fissazione;5309,482163;63,2;-;-;-;;;;;
3214;1021;2.jpg;Fissazione;7230,878232;658,4;-;-;-;;;;;
3215;1021;2.jpg;Fissazione;1311,094268;215,2;-;-;-;;;;;
3216;1021;2.jpg;Saccade;20389,26417;28;-;7.5;664.5;;15;;;
3217;1021;2.jpg;Saccade;8640,049251;49,6;-;42.6;2043.6;;15;;;
3218;1021;2.jpg;Saccade;11385,2997;35,2;-;15.5;935.0;;15;;;
3219;1021;2.jpg;Saccade;6912,253516;32,8;-;1.1;79.5;;15;;;
3220;1021;2.jpg;Saccade;2732,308554;32;-;10.6;1054.0;;15;;;
3221;1021;2.jpg;Saccade;2520,459121;36;-;32.4;2009.2;;15;;;
3222;1021;2.jpg;Saccade;17730,839;24;-;6.9;707.3;;15;;;
3223;1021;2.jpg;Saccade;995,8635005;54,4;-;16.9;1056.0;;15;;;
3224;1021;2.jpg;Fissazione;33114,71274;818,4;-;-;-;;;;;
3225;1021;2.jpg;Saccade;11469,61443;29,6;-;15.1;1262.8;;15;;;
3226;1021;2.jpg;Fissazione;15887,46014;294,4;-;-;-;;;;;
3227;1021;2.jpg;Saccade;8746,44952;32,8;-;9.9;587.8;;15;;;
3228;1021;2.jpg;Saccade;6979,11589;42,4;-;18.1;1156.9;;15;;;
3229;1021;2.jpg;Saccade;9378,435524;26,4;-;17.7;1300.4;;15;;;
3230;1021;2.jpg;Saccade;23256,67093;24;-;8.4;573.9;;15;;;
3231;1021;2.jpg;Saccade;2886,223541;29,6;-;9.5;631.0;;15;;;
3232;1021;2.jpg;Saccade;5019,529563;30,4;-;26.5;1699.7;;15;;;
3233;1021;2.jpg;Saccade;15710,43471;36,8;-;15.2;699.5;;15;;;
3234;1021;2.jpg;Saccade;2058,147242;22,4;-;9.3;777.1;;15;;;
3235;1021;2.jpg;Saccade;13584,31926;24,8;-;16.3;1662.5;;15;;;
3236;1021;2.jpg;Saccade;8885,022154;29,6;-;12.2;951.2;;15;;;
3237;1021;2.jpg;Saccade;5645,429257;24;-;11.0;710.5;;15;;;
3238;1021;2.jpg;Saccade;5794,540795;41,6;-;15.7;878.6;;15;;;
3239;1021;2.jpg;Saccade;1578,150368;42,4;-;1.5;65.7;;15;;;
3240;1021;2.jpg;Saccade;17906,86366;24;-;10.9;1075.9;;15;;;
3241;1021;2.jpg;Saccade;10934,46176;24;-;12.9;1275.2;;15;;;
3242;1021;2.jpg;Saccade;7150,354741;62,4;-;19.5;1628.1;;15;;;
3243;1021;3.jpg;Saccade;17830,45366;24;-;0.9;73.8;;15;;;
3244;1021;3.jpg;Saccade;7243,457453;58,4;-;20.8;1006.5;;15;;;
3245;1021;3.jpg;Saccade;2312,292476;51,2;-;1.4;40.7;;15;;;
3246;1021;3.jpg;Saccade;12365,11461;24;-;12.9;1275.2;;15;;;
3247;1021;3.jpg;Fissazione;14247,27316;120,8;-;-;-;;;;;
3248;1021;3.jpg;Saccade;5771,747744;24,8;-;10.3;1190.2;;15;;;
3249;1021;3.jpg;Fissazione;4037,766258;1036;-;-;-;;;;;
3250;1021;3.jpg;Saccade;2629,100109;63,2;-;23.3;1289.9;;15;;;
3251;1021;3.jpg;Saccade;12277,46472;22,4;-;4.8;240.9;;15;;;
3252;1021;3.jpg;Saccade;18483,91011;36,8;-;15.2;699.5;;15;;;
3253;1021;3.jpg;Saccade;6495,481398;24;-;11.0;710.5;;15;;;
3254;1021;3.jpg;Fissazione;13758,85272;360,8;-;-;-;;;;;
3255;1021;3.jpg;Fissazione;16736,76017;294,4;-;-;-;;;;;
3256;1021;3.jpg;Saccade;5352,864664;28;-;9.9;806.9;;15;;;
3257;1021;3.jpg;Saccade;10962,34576;32,8;-;13.3;1072.5;;15;;;
3258;1021;3.jpg;Saccade;2326,390663;25,6;-;6.8;495.1;;15;;;
3259;1021;3.jpg;Saccade;14594,70425;39,2;-;23.5;1731.4;;15;;;
3260;1021;3.jpg;Saccade;12165,67032;25,6;-;6.3;627.6;;15;;;
3261;1021;3.jpg;Saccade;1050,333718;29,6;-;1.6;91.3;;15;;;
3262;1021;3.jpg;Saccade;7398,814752;59,2;-;23.8;956.2;;15;;;
3263;1022;1.jpg;Saccade;9634,203393;75,2;-;70.9;2061.7;;15;;;
3264;1022;1.jpg;Fissazione;11255,3593;63,2;-;-;-;;;;;
3265;1022;1.jpg;Fissazione;22761,1896;128;-;-;-;;;;;
3266;1022;1.jpg;Saccade;11669,03332;28,8;-;8.8;565.7;;15;;;
3267;1022;1.jpg;Saccade;4995,705487;25,6;-;9.4;575.7;;15;;;
3268;1022;1.jpg;Saccade;10739,81152;29,6;-;15.1;1262.8;;15;;;
3269;1022;1.jpg;Saccade;30454,86964;51,2;-;5.2;293.5;;15;;;
3270;1022;1.jpg;Saccade;31233,06227;40;-;14.9;1083.8;;15;;;
3271;1022;1.jpg;Saccade;7751,435034;70,4;-;25.2;977.4;;15;;;
3272;1022;1.jpg;Saccade;18768,96643;24;-;0.9;73.8;;15;;;
3273;1022;1.jpg;Saccade;24657,03028;31,2;-;11.8;1263.2;;15;;;
3274;1022;1.jpg;Fissazione;19193,5109;128;-;-;-;;;;;
3275;1022;1.jpg;Saccade;10885,19242;48,8;-;32.6;1876.7;;15;;;
3276;1022;1.jpg;Saccade;2739,497942;29,6;-;9.5;631.0;;15;;;
3277;1022;1.jpg;Saccade;6622,937324;28,8;-;15.6;1161.7;;15;;;
3278;1022;1.jpg;Saccade;13363,97752;24;-;7.6;557.5;;15;;;
3279;1022;1.jpg;Saccade;37899,92385;52;-;19.6;1348.3;;15;;;
3280;1022;1.jpg;Saccade;11109,21655;58,4;-;8.2;378.7;;15;;;
3281;1022;1.jpg;Saccade;21741,36885;43,2;-;7.3;404.4;;15;;;
3282;1022;1.jpg;Fissazione;20751,80239;294,4;-;-;-;;;;;
3283;1022;1.jpg;Fissazione;11952,53697;166,4;-;-;-;;;;;
3284;1022;1.jpg;Saccade;3846,780217;25,6;-;8.3;601.6;;15;;;
3285;1022;1.jpg;Fissazione;11681,30294;264,8;-;-;-;;;;;
3286;1022;1.jpg;Saccade;19835,79298;25,6;-;20.4;2027.7;;15;;;
3287;1022;1.jpg;Saccade;18240,0914;22,4;-;6.1;396.4;;15;;;
3288;1022;1.jpg;Saccade;4714,186101;23,2;-;13.2;721.6;;15;;;
3289;1022;1.jpg;Fissazione;24507,93228;102,4;-;-;-;;;;;
3290;1022;1.jpg;Saccade;14501,58942;44;-;1.4;68.0;;15;;;
3291;1022;1.jpg;Saccade;10468,98787;22,4;-;10.2;968.7;;15;;;
3292;1022;1.jpg;Saccade;25979,91878;29,6;-;6.8;506.7;;15;;;
3293;1022;1.jpg;Fissazione;17693,75477;140;-;-;-;;;;;
3294;1022;1.jpg;Saccade;6844,479794;58,4;-;26.1;1165.6;;15;;;
3295;1022;1.jpg;Fissazione;1196,969621;215,2;-;-;-;;;;;
3296;1022;1.jpg;Saccade;23963,17928;22,4;-;4.0;197.1;;15;;;
3297;1022;1.jpg;Fissazione;6721,251031;658,4;-;-;-;;;;;
3298;1022;1.jpg;Saccade;11881,90179;28;-;6.9;637.2;;15;;;
3299;1022;1.jpg;Saccade;6544,738271;22,4;-;7.8;672.6;;15;;;
3300;1022;1.jpg;Saccade;20012,2858;28,8;-;8.1;517.1;;15;;;
3301;1022;1.jpg;Saccade;11760,66204;32,8;-;13.3;1072.5;;15;;;
3302;1022;1.jpg;Saccade;19664,37907;24;-;8.4;573.9;;15;;;
3303;1022;1.jpg;Saccade;14058,87869;35,2;-;15.5;935.0;;15;;;
3304;1022;1.jpg;Fissazione;32507,85404;175,2;-;-;-;;;;;
3305;1022;1.jpg;Saccade;7720,293402;50,4;-;20.7;1398.1;;15;;;
3306;1022;1.jpg;Saccade;8436,839947;42,4;-;18.1;1156.9;;15;;;
3307;1022;1.jpg;Saccade;6366,269708;25,6;-;12.4;705.1;;15;;;
3308;1022;1.jpg;Saccade;21246,66272;22,4;-;6.8;675.8;;15;;;
3309;1022;1.jpg;Saccade;8661,324694;30,4;-;14.6;1012.8;;15;;;
3310;1022;1.jpg;Fissazione;1627,116634;460,8;-;-;-;;;;;
3311;1022;1.jpg;Fissazione;13565,3917;257,6;-;-;-;;;;;
3312;1022;1.jpg;Saccade;14468,73925;39,2;-;23.5;1731.4;;15;;;
3313;1022;1.jpg;Saccade;11394,60783;25,6;-;6.3;627.6;;15;;;
3314;1022;1.jpg;Saccade;8119,254911;60,8;-;20.7;1330.6;;15;;;
3315;1022;1.jpg;Saccade;533,7424511;34,4;-;14.4;1205.6;;15;;;
3316;1022;1.jpg;Saccade;8784,185058;32,8;-;1.1;79.5;;15;;;
3317;1022;1.jpg;Saccade;21458,60011;44;-;19.1;1329.9;;15;;;
3318;1022;1.jpg;Saccade;31158,34527;90,4;-;4.4;148.5;;15;;;
3319;1022;1.jpg;Saccade;9280,780615;29,6;-;12.2;951.2;;15;;;
3320;1022;1.jpg;Saccade;1605,910283;42,4;-;1.5;65.7;;15;;;
3321;1022;1.jpg;Saccade;5001,654433;22,4;-;6.6;569.1;;15;;;
3322;1022;1.jpg;Saccade;5034,730632;28;-;9.9;806.9;;15;;;
3323;1022;1.jpg;Saccade;2460,175013;32,8;-;14.3;1019.5;;15;;;
3324;1022;1.jpg;Saccade;2607,635979;63,2;-;23.3;1289.9;;15;;;
3325;1022;1.jpg;Saccade;15457,98669;32;-;1.3;85.3;;15;;;
3326;1022;1.jpg;Saccade;2772,912881;25,6;-;6.8;495.1;;15;;;
3327;1022;1.jpg;Fissazione;19102,62241;112;-;-;-;;;;;
3328;1022;1.jpg;Saccade;25300,17693;27,2;-;12.9;1033.0;;15;;;
3329;1022;1.jpg;Saccade;30771,45796;28;-;11.6;884.4;;15;;;
3330;1022;1.jpg;Saccade;2293,883643;32;-;10.6;1054.0;;15;;;
3331;1022;1.jpg;Saccade;10973,48075;24;-;12.9;1275.2;;15;;;
3332;1022;1.jpg;Saccade;6028,04474;24;-;11.0;710.5;;15;;;
3333;1022;1.jpg;Saccade;16377,43358;52,8;-;3.4;109.8;;15;;;
3334;1022;1.jpg;Saccade;8283,371515;62,4;-;19.5;1628.1;;15;;;
3335;1022;1.jpg;Saccade;10470,78925;22,4;-;4.8;240.9;;15;;;
3336;1022;1.jpg;Saccade;32618,6996;26,4;-;11.5;1098.9;;15;;;
3337;1022;1.jpg;Saccade;8347,819731;27,2;-;10.6;755.5;;15;;;
3338;1022;1.jpg;Saccade;10476,80804;32,8;-;9.0;642.7;;15;;;
3339;1022;1.jpg;Saccade;17687,53847;24;-;6.9;707.3;;15;;;
3340;1022;1.jpg;Saccade;27179,09657;32;-;1.5;89.0;;15;;;
3341;1022;1.jpg;Saccade;11510,7503;59,2;-;22.9;1454.1;;15;;;
3342;1022;1.jpg;Fissazione;31280,17482;818,4;-;-;-;;;;;
3343;1022;1.jpg;Saccade;7573,906419;22,4;-;3.9;267.1;;15;;;
3344;1022;1.jpg;Saccade;3310,543809;27,2;-;7.1;650.4;;15;;;
3345;1022;1.jpg;Saccade;17923,77676;36,8;-;15.2;699.5;;15;;;
3346;1022;1.jpg;Saccade;342,2178543;24,8;-;14.7;1053.0;;15;;;
3347;1022;1.jpg;Saccade;17198,98624;23,2;-;9.5;976.9;;15;;;
3348;1022;1.jpg;Saccade;22395,86596;44,8;-;2.4;129.0;;15;;;
3349;1022;1.jpg;Saccade;25207,57425;23,2;-;21.2;1938.5;;15;;;
3350;1022;1.jpg;Fissazione;14594,12487;148,8;-;-;-;;;;;
3351;1022;1.jpg;Saccade;8496,131189;36;-;20.9;1601.4;;15;;;
3352;1022;1.jpg;Fissazione;11905,43257;143,2;-;-;-;;;;;
3353;1022;1.jpg;Saccade;7789,855059;45,6;-;17.4;954.0;;15;;;
3354;1022;1.jpg;Saccade;11850,14841;39,2;-;23.0;1652.6;;15;;;
3355;1022;2.jpg;Saccade;10224,79476;44;-;1.4;68.0;;15;;;
3356;1022;2.jpg;Fissazione;7036,746538;340;-;-;-;;;;;
3357;1022;2.jpg;Saccade;11030,37245;28,8;-;8.8;565.7;;15;;;
3358;1022;2.jpg;Saccade;11678,21122;24;-;12.9;1275.2;;15;;;
3359;1022;2.jpg;Fissazione;1494,159323;117,6;-;-;-;;;;;
3360;1022;2.jpg;Saccade;6738,393648;62,4;-;19.5;1628.1;;15;;;
3361;1022;2.jpg;Fissazione;17575,03096;294,4;-;-;-;;;;;
3362;1022;2.jpg;Saccade;9737,76631;23,2;-;12.2;973.2;;15;;;
3363;1022;2.jpg;Saccade;31513,98497;40;-;14.9;1083.8;;15;;;
3364;1022;2.jpg;Saccade;28984,20802;27,2;-;12.9;1033.0;;15;;;
3365;1022;2.jpg;Saccade;11177,12428;29,6;-;21.5;1887.2;;15;;;
3366;1022;2.jpg;Saccade;11940,48709;25,6;-;6.3;627.6;;15;;;
3367;1022;2.jpg;Saccade;5059,268688;23,2;-;13.2;721.6;;15;;;
3368;1022;2.jpg;Saccade;10690,94876;32,8;-;16.6;1277.4;;15;;;
3369;1022;2.jpg;Saccade;9428,873386;29,6;-;15.1;1262.8;;15;;;
3370;1022;2.jpg;Saccade;18295,27308;36,8;-;15.2;699.5;;15;;;
3371;1022;2.jpg;Saccade;14446,11736;35,2;-;15.5;935.0;;15;;;
3372;1022;2.jpg;Saccade;16448,77934;32;-;1.3;85.3;;15;;;
3373;1022;2.jpg;Saccade;20722,71955;51,2;-;4.5;153.7;;15;;;
3374;1022;2.jpg;Saccade;5642,454805;41,6;-;15.7;878.6;;15;;;
3375;1022;2.jpg;Saccade;8709,51952;32,8;-;9.9;587.8;;15;;;
3376;1022;2.jpg;Saccade;10482,89288;32,8;-;9.0;642.7;;15;;;
3377;1022;2.jpg;Saccade;6817,331926;45,6;-;17.4;954.0;;15;;;
3378;1022;2.jpg;Fissazione;6132,767026;369,6;-;-;-;;;;;
3379;1022;2.jpg;Saccade;16317,20962;24;-;6.9;707.3;;15;;;
3380;1022;2.jpg;Saccade;20030,87412;28,8;-;8.1;517.1;;15;;;
3381;1022;2.jpg;Saccade;2600,191058;29,6;-;9.5;631.0;;15;;;
3382;1022;2.jpg;Fissazione;14416,9396;120,8;-;-;-;;;;;
3383;1022;2.jpg;Saccade;12630,58233;59,2;-;22.9;1454.1;;15;;;
3384;1022;2.jpg;Saccade;10959,31586;26,4;-;10.3;914.0;;15;;;
3385;1022;2.jpg;Saccade;9006,317776;36;-;20.9;1601.4;;15;;;
3386;1022;2.jpg;Fissazione;33372,51017;818,4;-;-;-;;;;;
3387;1022;3.jpg;Saccade;9448,267872;53,6;-;24.1;1367.1;;15;;;
3388;1022;3.jpg;Saccade;6942,477473;30,4;-;26.5;1699.7;;15;;;
3389;1022;3.jpg;Saccade;1755,267997;39,2;-;7.9;536.1;;15;;;
3390;1022;3.jpg;Fissazione;8243,480057;203,2;-;-;-;;;;;
3391;1022;3.jpg;Saccade;17517,74503;22,4;-;7.7;692.6;;15;;;
3392;1022;3.jpg;Saccade;2846,913998;32,8;-;14.3;1019.5;;15;;;
3393;1022;3.jpg;Saccade;8187,988511;60,8;-;20.7;1330.6;;15;;;
3394;1022;3.jpg;Saccade;9729,799849;29,6;-;12.2;951.2;;15;;;
3395;1022;3.jpg;Saccade;1291,091132;29,6;-;1.6;91.3;;15;;;
3396;1022;3.jpg;Fissazione;30201,54243;818,4;-;-;-;;;;;
3397;1022;3.jpg;Saccade;32814,55375;52;-;19.6;1348.3;;15;;;
3398;1022;3.jpg;Saccade;10811,22849;22,4;-;10.2;968.7;;15;;;
3399;1022;3.jpg;Saccade;6898,184069;28,8;-;15.6;1161.7;;15;;;
3400;1022;3.jpg;Saccade;12012,88532;59,2;-;22.9;1454.1;;15;;;
3401;1022;3.jpg;Saccade;23975,42372;27,2;-;20.0;1688.6;;15;;;
3402;1022;3.jpg;Saccade;10156,157;29,6;-;15.1;1262.8;;15;;;
3403;1022;3.jpg;Fissazione;11948,98068;63,2;-;-;-;;;;;
3404;1022;3.jpg;Saccade;384,0375553;24,8;-;14.7;1053.0;;15;;;
3405;1022;3.jpg;Fissazione;1718,904773;460,8;-;-;-;;;;;
3406;1022;3.jpg;Fissazione;6384,645573;63,2;-;-;-;;;;;
3407;1022;3.jpg;Saccade;34127,47133;51,2;-;5.2;293.5;;15;;;
3408;1022;3.jpg;Saccade;9136,154422;24;-;3.7;346.5;;15;;;
3409;1022;3.jpg;Saccade;9080,334278;23,2;-;12.2;973.2;;15;;;
3410;1022;3.jpg;Saccade;19240,69339;25,6;-;20.4;2027.7;;15;;;
3411;1022;3.jpg;Saccade;25791,34332;26,4;-;11.5;1098.9;;15;;;
3412;1022;3.jpg;Saccade;8731,539825;32,8;-;1.1;79.5;;15;;;
3413;1022;3.jpg;Saccade;20837,05082;51,2;-;4.5;153.7;;15;;;
3414;1022;3.jpg;Saccade;9042,750204;27,2;-;10.6;755.5;;15;;;
3415;1022;3.jpg;Saccade;19841,07746;24;-;6.9;707.3;;15;;;
3416;1022;3.jpg;Fissazione;897,1200823;121,6;-;-;-;;;;;
3417;1022;3.jpg;Saccade;11821,0365;25,6;-;6.3;627.6;;15;;;
3418;1022;3.jpg;Saccade;20620,56362;52,8;-;3.4;109.8;;15;;;
3419;1022;3.jpg;Saccade;7895,885572;45,6;-;17.4;954.0;;15;;;
3420;1023;1.jpg;Saccade;30285,87035;28;-;11.6;884.4;;15;;;
3421;1023;1.jpg;Saccade;11479,53772;39,2;-;23.4;1505.0;;15;;;
3422;1023;1.jpg;Saccade;1585,453041;29,6;-;1.6;91.3;;15;;;
3423;1023;1.jpg;Saccade;4475,199811;22,4;-;6.6;569.1;;15;;;
3424;1023;1.jpg;Saccade;6718,951728;22,4;-;3.9;267.1;;15;;;
3425;1023;1.jpg;Saccade;2589,468928;29,6;-;9.5;631.0;;15;;;
3426;1023;1.jpg;Fissazione;683,6335577;51,2;-;-;-;;;;;
3427;1023;1.jpg;Saccade;8634,582943;59,2;-;23.8;956.2;;15;;;
3428;1023;1.jpg;Saccade;23997,26806;45,6;-;11.7;623.4;;15;;;
3429;1023;1.jpg;Fissazione;19997,85913;140;-;-;-;;;;;
3430;1023;1.jpg;Fissazione;13763,05015;148,8;-;-;-;;;;;
3431;1023;1.jpg;Fissazione;3792,429308;1036;-;-;-;;;;;
3432;1023;1.jpg;Saccade;7204,270894;58,4;-;20.8;1006.5;;15;;;
3433;1023;1.jpg;Saccade;26830,23446;27,2;-;20.0;1688.6;;15;;;
3434;1023;1.jpg;Saccade;9901,543539;32,8;-;16.6;1277.4;;15;;;
3435;1023;1.jpg;Saccade;6291,566367;28;-;9.0;675.6;;15;;;
3436;1023;1.jpg;Saccade;27343,11545;32;-;1.5;89.0;;15;;;
3437;1023;1.jpg;Saccade;5911,759234;24;-;11.0;710.5;;15;;;
3438;1023;1.jpg;Saccade;26827,26044;29,6;-;6.8;506.7;;15;;;
3439;1023;1.jpg;Saccade;2742,239306;32;-;10.6;1054.0;;15;;;
3440;1023;1.jpg;Saccade;2584,81035;36;-;32.4;2009.2;;15;;;
3441;1023;1.jpg;Fissazione;5633,232081;63,2;-;-;-;;;;;
3442;1023;1.jpg;Saccade;19047,65991;24;-;6.9;707.3;;15;;;
3443;1023;1.jpg;Saccade;17273,35982;28,8;-;8.1;517.1;;15;;;
3444;1023;1.jpg;Fissazione;1572,787758;460,8;-;-;-;;;;;
3445;1023;1.jpg;Fissazione;11422,27218;257,6;-;-;-;;;;;
3446;1023;1.jpg;Saccade;9023,176809;29,6;-;15.1;1262.8;;15;;;
3447;1023;1.jpg;Saccade;17151,12148;36,8;-;15.2;699.5;;15;;;
3448;1023;1.jpg;Saccade;7974,108106;42,4;-;18.1;1156.9;;15;;;
3449;1023;1.jpg;Fissazione;14934,52674;91,2;-;-;-;;;;;
3450;1023;1.jpg;Saccade;1782,349819;42,4;-;1.5;65.7;;15;;;
3451;1023;1.jpg;Fissazione;18059,57334;112;-;-;-;;;;;
3452;1023;1.jpg;Saccade;13774,64448;59,2;-;22.9;1454.1;;15;;;
3453;1023;1.jpg;Saccade;11132,30192;26,4;-;10.3;914.0;;15;;;
3454;1023;1.jpg;Saccade;10488,24813;75,2;-;70.9;2061.7;;15;;;
3455;1023;1.jpg;Saccade;10632,72343;92;-;50.7;1483.9;;15;;;
3456;1023;1.jpg;Saccade;12453,54807;28;-;6.9;637.2;;15;;;
3457;1023;1.jpg;Saccade;5939,510102;67,2;-;17.3;833.4;;15;;;
3458;1023;1.jpg;Saccade;18907,77911;24;-;0.9;73.8;;15;;;
3459;1023;1.jpg;Fissazione;33784,7073;209,6;-;-;-;;;;;
3460;1023;1.jpg;Saccade;30921,35429;90,4;-;4.4;148.5;;15;;;
3461;1023;1.jpg;Saccade;7406,740427;60,8;-;20.7;1330.6;;15;;;
3462;1023;1.jpg;Saccade;19394,92237;25,6;-;20.4;2027.7;;15;;;
3463;1023;1.jpg;Fissazione;18131,31625;294,4;-;-;-;;;;;
3464;1023;1.jpg;Saccade;10090,70835;39,2;-;23.0;1652.6;;15;;;
3465;1023;1.jpg;Fissazione;12326,57688;360,8;-;-;-;;;;;
3466;1023;1.jpg;Saccade;6722,102222;22,4;-;7.8;672.6;;15;;;
3467;1023;1.jpg;Saccade;19584,17741;51,2;-;4.5;153.7;;15;;;
3468;1023;1.jpg;Saccade;948,9238466;54,4;-;16.9;1056.0;;15;;;
3469;1023;1.jpg;Saccade;8762,897255;49,6;-;42.6;2043.6;;15;;;
3470;1023;1.jpg;Saccade;736,8697148;44;-;6.0;368.7;;15;;;
3471;1023;1.jpg;Saccade;13777,7162;24,8;-;16.3;1662.5;;15;;;
3472;1023;1.jpg;Fissazione;13423,04843;166,4;-;-;-;;;;;
3473;1023;1.jpg;Fissazione;6792,555304;154,4;-;-;-;;;;;
3474;1023;1.jpg;Saccade;12188,90918;28,8;-;8.8;565.7;;15;;;
3475;1023;1.jpg;Saccade;354,0564685;24,8;-;14.7;1053.0;;15;;;
3476;1023;1.jpg;Saccade;6957,156138;58,4;-;26.1;1165.6;;15;;;
3477;1023;1.jpg;Fissazione;13179,95915;101,6;-;-;-;;;;;
3478;1023;1.jpg;Fissazione;2899,179286;81,6;-;-;-;;;;;
3479;1023;1.jpg;Saccade;13727,90877;39,2;-;23.5;1731.4;;15;;;
3480;1023;1.jpg;Saccade;27533,0182;40;-;14.9;1083.8;;15;;;
3481;1023;1.jpg;Saccade;14933,84563;35,2;-;15.5;935.0;;15;;;
3482;1023;1.jpg;Fissazione;759,1808379;121,6;-;-;-;;;;;
3483;1023;1.jpg;Fissazione;7948,835725;352;-;-;-;;;;;
3484;1023;1.jpg;Saccade;2881,482325;63,2;-;23.3;1289.9;;15;;;
3485;1023;1.jpg;Saccade;3610,657914;25,6;-;8.3;601.6;;15;;;
3486;1023;1.jpg;Saccade;15519,16539;28;-;7.5;664.5;;15;;;
3487;1023;1.jpg;Saccade;523,9074136;34,4;-;14.4;1205.6;;15;;;
3488;1023;1.jpg;Saccade;5125,049871;25,6;-;9.9;723.3;;15;;;
3489;1023;1.jpg;Saccade;24898,01194;22,4;-;4.0;197.1;;15;;;
3490;1023;1.jpg;Saccade;5992,202069;41,6;-;15.7;878.6;;15;;;
3491;1023;1.jpg;Saccade;24557,7157;32;-;3.3;108.3;;15;;;
3492;1023;1.jpg;Saccade;18763,17889;22,4;-;7.7;692.6;;15;;;
3493;1023;1.jpg;Fissazione;24784,00814;128;-;-;-;;;;;
3494;1023;1.jpg;Saccade;32772,29118;31,2;-;11.8;1263.2;;15;;;
3495;1023;1.jpg;Saccade;18284,33232;44;-;19.1;1329.9;;15;;;
3496;1023;1.jpg;Saccade;9729,328444;23,2;-;12.2;973.2;;15;;;
3497;1023;1.jpg;Saccade;6656,799842;62,4;-;19.5;1628.1;;15;;;
3498;1023;1.jpg;Saccade;5865,427267;28;-;9.9;806.9;;15;;;
3499;1023;1.jpg;Fissazione;27366,06746;175,2;-;-;-;;;;;
3500;1023;1.jpg;Saccade;27338,17113;23,2;-;21.2;1938.5;;15;;;
3501;1023;1.jpg;Fissazione;1193,410389;215,2;-;-;-;;;;;
3502;1023;1.jpg;Saccade;23179,36654;24;-;8.4;573.9;;15;;;
3503;1023;1.jpg;Saccade;6306,693932;50,4;-;20.7;1398.1;;15;;;
3504;1023;1.jpg;Saccade;6690,131361;30,4;-;14.6;1012.8;;15;;;
3505;1023;1.jpg;Fissazione;1609,843766;117,6;-;-;-;;;;;
3506;1023;2.jpg;Saccade;9571,527141;36;-;20.9;1601.4;;15;;;
3507;1023;2.jpg;Saccade;16825,26392;52,8;-;3.4;109.8;;15;;;
3508;1023;2.jpg;Saccade;6155,929477;58,4;-;26.1;1165.6;;15;;;
3509;1023;2.jpg;Saccade;2059,441037;51,2;-;1.4;40.7;;15;;;
3510;1023;2.jpg;Saccade;22478,57877;44;-;19.1;1329.9;;15;;;
3511;1023;2.jpg;Saccade;12708,43222;24;-;7.6;557.5;;15;;;
3512;1023;2.jpg;Fissazione;6837,74643;369,6;-;-;-;;;;;
3513;1023;2.jpg;Saccade;19937,01509;44,8;-;2.4;129.0;;15;;;
3514;1023;2.jpg;Saccade;7344,645173;58,4;-;20.8;1006.5;;15;;;
3515;1023;2.jpg;Fissazione;12198,19664;63,2;-;-;-;;;;;
3516;1023;2.jpg;Saccade;14824,32122;32;-;1.3;85.3;;15;;;
3517;1023;2.jpg;Saccade;11747,78437;48,8;-;32.6;1876.7;;15;;;
3518;1023;2.jpg;Saccade;34086,93212;51,2;-;5.2;293.5;;15;;;
3519;1023;2.jpg;Saccade;11291,33377;26,4;-;17.7;1300.4;;15;;;
3520;1023;2.jpg;Saccade;2765,290582;32;-;10.6;1054.0;;15;;;
3521;1023;2.jpg;Saccade;20745,22953;23,2;-;9.5;976.9;;15;;;
3522;1023;2.jpg;Saccade;8087,03226;32,8;-;9.9;587.8;;15;;;
3523;1023;2.jpg;Saccade;37465,34128;40;-;14.9;1083.8;;15;;;
3524;1023;2.jpg;Saccade;6901,438794;28;-;9.0;675.6;;15;;;
3525;1023;2.jpg;Saccade;7977,206339;42,4;-;18.1;1156.9;;15;;;
3526;1023;2.jpg;Saccade;5943,978019;24,8;-;10.3;1190.2;;15;;;
3527;1023;2.jpg;Saccade;30015,45265;52;-;19.6;1348.3;;15;;;
3528;1023;2.jpg;Saccade;14628,17762;87,2;-;55.5;1952.3;;15;;;
3529;1023;2.jpg;Saccade;23851,96195;38,4;-;22.4;1287.3;;15;;;
3530;1023;2.jpg;Fissazione;13027,51354;148,8;-;-;-;;;;;
3531;1023;2.jpg;Saccade;8850,441752;29,6;-;15.1;1262.8;;15;;;
3532;1023;2.jpg;Saccade;11897,33576;23,2;-;7.2;613.7;;15;;;
3533;1023;2.jpg;Fissazione;22254,1942;102,4;-;-;-;;;;;
3534;1023;2.jpg;Fissazione;7128,18568;658,4;-;-;-;;;;;
3535;1023;2.jpg;Saccade;11533,25707;49,6;-;42.6;2043.6;;15;;;
3536;1023;2.jpg;Saccade;9969,63887;32,8;-;16.6;1277.4;;15;;;
3537;1023;2.jpg;Saccade;20926,45954;22,4;-;6.8;675.8;;15;;;
3538;1023;2.jpg;Saccade;757,8121972;24;-;6.9;732.0;;15;;;
3539;1023;2.jpg;Saccade;7223,409437;29,6;-;12.2;951.2;;15;;;
3540;1023;2.jpg;Saccade;543,7340028;34,4;-;14.4;1205.6;;15;;;
3541;1023;2.jpg;Saccade;25184,01373;24;-;8.4;573.9;;15;;;
3542;1023;2.jpg;Fissazione;15536,52985;120,8;-;-;-;;;;;
3543;1023;2.jpg;Fissazione;26153,4599;128;-;-;-;;;;;
3544;1023;2.jpg;Saccade;28705,30848;32;-;3.3;108.3;;15;;;
3545;1023;2.jpg;Fissazione;13379,2475;91,2;-;-;-;;;;;
3546;1023;2.jpg;Fissazione;1475,401352;117,6;-;-;-;;;;;
3547;1023;2.jpg;Saccade;13729,08297;28;-;6.9;637.2;;15;;;
3548;1023;2.jpg;Saccade;29470,73261;28;-;11.6;884.4;;15;;;
3549;1023;2.jpg;Saccade;6741,27991;70,4;-;25.2;977.4;;15;;;
3550;1023;2.jpg;Saccade;13212,51413;58,4;-;8.2;378.7;;15;;;
3551;1023;2.jpg;Fissazione;8443,535181;203,2;-;-;-;;;;;
3552;1023;2.jpg;Saccade;19502,23837;24;-;10.9;1075.9;;15;;;
3553;1023;3.jpg;Saccade;29547,95755;90,4;-;4.4;148.5;;15;;;
3554;1023;3.jpg;Saccade;25460,77009;45,6;-;11.7;623.4;;15;;;
3555;1023;3.jpg;Saccade;10622,72864;53,6;-;24.1;1367.1;;15;;;
3556;1023;3.jpg;Fissazione;1375,951413;117,6;-;-;-;;;;;
3557;1023;3.jpg;Saccade;15608,09079;28,8;-;8.1;517.1;;15;;;
3558;1023;3.jpg;Saccade;2879,854689;36;-;32.4;2009.2;;15;;;
3559;1023;3.jpg;Saccade;22327,09755;43,2;-;7.3;404.4;;15;;;
3560;1023;3.jpg;Saccade;14786,2813;59,2;-;22.9;1454.1;;15;;;
3561;1023;3.jpg;Saccade;37724,99382;51,2;-;5.2;293.5;;15;;;
3562;1023;3.jpg;Saccade;20527,30531;25,6;-;20.4;2027.7;;15;;;
3563;1023;3.jpg;Saccade;8235,267841;32,8;-;9.9;587.8;;15;;;
3564;1023;3.jpg;Fissazione;18665,07927;128;-;-;-;;;;;
3565;1023;3.jpg;Saccade;10656,13628;39,2;-;23.0;1652.6;;15;;;
3566;1023;3.jpg;Saccade;10007,52494;26,4;-;10.3;914.0;;15;;;
3567;1023;3.jpg;Saccade;11000,59255;29,6;-;21.5;1887.2;;15;;;
3568;1023;3.jpg;Fissazione;939,7810976;121,6;-;-;-;;;;;
3569;1023;3.jpg;Saccade;6385,137311;30,4;-;26.5;1699.7;;15;;;
3570;1023;3.jpg;Saccade;15041,25619;24,8;-;16.3;1662.5;;15;;;
3571;1023;3.jpg;Saccade;10961,81054;22,4;-;4.8;240.9;;15;;;
3572;1023;3.jpg;Fissazione;12763,98934;264,8;-;-;-;;;;;
3573;1023;3.jpg;Saccade;19251,09366;44,8;-;33.3;1772.5;;15;;;
3574;1023;3.jpg;Saccade;5093,504126;22,4;-;7.8;672.6;;15;;;
3575;1023;3.jpg;Saccade;10134,80493;59,2;-;23.8;956.2;;15;;;
3576;1023;3.jpg;Saccade;11184,53543;32,8;-;13.3;1072.5;;15;;;
3577;1023;3.jpg;Saccade;10795,46247;27,2;-;10.6;755.5;;15;;;
3578;1023;3.jpg;Fissazione;8244,350709;352;-;-;-;;;;;
3579;1023;3.jpg;Saccade;30378,4496;28;-;11.6;884.4;;15;;;
3580;1023;3.jpg;Saccade;18684,16609;24;-;6.9;707.3;;15;;;
3581;1023;3.jpg;Saccade;13886,06473;39,2;-;23.5;1731.4;;15;;;
3582;1024;1.jpg;Fissazione;14450,07789;257,6;-;-;-;;;;;
3583;1024;1.jpg;Saccade;11933,12806;24;-;12.9;1275.2;;15;;;
3584;1024;1.jpg;Saccade;6331,903051;50,4;-;20.7;1398.1;;15;;;
3585;1024;1.jpg;Saccade;26060,61368;26,4;-;11.5;1098.9;;15;;;
3586;1024;1.jpg;Saccade;3868,962769;25,6;-;8.3;601.6;;15;;;
3587;1024;1.jpg;Saccade;5525,405707;22,4;-;6.6;569.1;;15;;;
3588;1024;1.jpg;Fissazione;1407,951011;215,2;-;-;-;;;;;
3589;1024;1.jpg;Saccade;19004,98481;22,4;-;6.8;675.8;;15;;;
3590;1024;1.jpg;Saccade;11047,57234;32,8;-;9.0;642.7;;15;;;
3591;1024;1.jpg;Saccade;8941,850411;30,4;-;14.6;1012.8;;15;;;
3592;1024;1.jpg;Saccade;5901,087213;24,8;-;10.3;1190.2;;15;;;
3593;1024;1.jpg;Saccade;328,9045801;24,8;-;14.7;1053.0;;15;;;
3594;1024;1.jpg;Saccade;11950,90204;39,2;-;23.0;1652.6;;15;;;
3595;1024;1.jpg;Fissazione;12757,90072;120,8;-;-;-;;;;;
3596;1024;1.jpg;Saccade;22597,52262;24;-;10.9;1075.9;;15;;;
3597;1024;1.jpg;Saccade;9529,287842;39,2;-;23.4;1505.0;;15;;;
3598;1024;1.jpg;Saccade;8080,090643;60,8;-;20.7;1330.6;;15;;;
3599;1024;1.jpg;Saccade;27006,34589;23,2;-;21.2;1938.5;;15;;;
3600;1024;1.jpg;Fissazione;7915,371707;340;-;-;-;;;;;
3601;1024;1.jpg;Saccade;2574,315157;25,6;-;6.8;495.1;;15;;;
3602;1024;1.jpg;Saccade;8051,841619;45,6;-;17.4;954.0;;15;;;
3603;1024;1.jpg;Saccade;15345,04002;24;-;7.6;557.5;;15;;;
3604;1024;1.jpg;Saccade;6755,083414;70,4;-;25.2;977.4;;15;;;
3605;1024;1.jpg;Saccade;8060,444797;42,4;-;18.1;1156.9;;15;;;
3606;1024;1.jpg;Saccade;4059,371887;23,2;-;13.2;721.6;;15;;;
3607;1024;1.jpg;Saccade;10733,20052;26,4;-;10.3;914.0;;15;;;
3608;1024;1.jpg;Saccade;23606,17598;24;-;8.4;573.9;;15;;;
3609;1024;1.jpg;Saccade;494,024336;34,4;-;14.4;1205.6;;15;;;
3610;1024;1.jpg;Saccade;1490,854308;49,6;-;5.3;207.5;;15;;;
3611;1024;1.jpg;Saccade;6191,58461;30,4;-;26.5;1699.7;;15;;;
3612;1024;1.jpg;Saccade;28102,30396;32;-;1.5;89.0;;15;;;
3613;1024;1.jpg;Saccade;18014,80651;23,2;-;9.5;976.9;;15;;;
3614;1024;1.jpg;Fissazione;11522,25303;63,2;-;-;-;;;;;
3615;1024;1.jpg;Saccade;876,8133443;24;-;6.9;732.0;;15;;;
3616;1024;1.jpg;Saccade;2227,335784;51,2;-;1.4;40.7;;15;;;
3617;1024;1.jpg;Fissazione;6330,090945;63,2;-;-;-;;;;;
3618;1024;1.jpg;Saccade;1423,303624;29,6;-;1.6;91.3;;15;;;
3619;1024;1.jpg;Fissazione;18105,09971;294,4;-;-;-;;;;;
3620;1024;1.jpg;Saccade;1089,995925;54,4;-;16.9;1056.0;;15;;;
3621;1024;1.jpg;Saccade;8855,757787;27,2;-;10.6;755.5;;15;;;
3622;1024;1.jpg;Saccade;17455,09289;51,2;-;4.5;153.7;;15;;;
3623;1024;1.jpg;Saccade;13202,02135;24,8;-;16.3;1662.5;;15;;;
3624;1024;1.jpg;Saccade;14583,07163;87,2;-;55.5;1952.3;;15;;;
3625;1024;1.jpg;Saccade;12556,97267;59,2;-;22.9;1454.1;;15;;;
3626;1024;1.jpg;Saccade;5876,889975;24;-;11.0;710.5;;15;;;
3627;1024;1.jpg;Saccade;32175,82658;40;-;14.9;1083.8;;15;;;
3628;1024;1.jpg;Fissazione;1678,829359;460,8;-;-;-;;;;;
3629;1024;1.jpg;Saccade;15747,1359;92;-;50.7;1483.9;;15;;;
3630;1024;1.jpg;Saccade;17555,73519;22,4;-;7.7;692.6;;15;;;
3631;1024;1.jpg;Fissazione;1449,192468;117,6;-;-;-;;;;;
3632;1024;1.jpg;Saccade;8359,139331;24;-;3.7;346.5;;15;;;
3633;1024;1.jpg;Saccade;16584,41233;44,8;-;2.4;129.0;;15;;;
3634;1024;1.jpg;Saccade;17330,84371;44,8;-;33.3;1772.5;;15;;;
3635;1024;1.jpg;Saccade;11012,69788;48,8;-;32.6;1876.7;;15;;;
3636;1024;1.jpg;Saccade;26240,62594;45,6;-;11.7;623.4;;15;;;
3637;1024;1.jpg;Fissazione;752,9492194;121,6;-;-;-;;;;;
3638;1024;1.jpg;Saccade;19624,30809;25,6;-;20.4;2027.7;;15;;;
3639;1024;1.jpg;Saccade;2309,440826;22,4;-;9.3;777.1;;15;;;
3640;1024;1.jpg;Fissazione;14376,58064;166,4;-;-;-;;;;;
3641;1024;1.jpg;Saccade;18520,06605;44;-;19.1;1329.9;;15;;;
3642;1024;1.jpg;Saccade;20669,36188;24;-;0.9;73.8;;15;;;
3643;1024;1.jpg;Saccade;7413,97326;28;-;9.0;675.6;;15;;;
3644;1024;1.jpg;Saccade;31408,61114;27,2;-;12.9;1033.0;;15;;;
3645;1024;1.jpg;Saccade;7734,029795;32,8;-;21.7;1388.6;;15;;;
3646;1024;1.jpg;Saccade;8192,8146;32,8;-;9.9;587.8;;15;;;
3647;1024;1.jpg;Saccade;30911,01011;51,2;-;5.2;293.5;;15;;;
3648;1024;1.jpg;Saccade;12727,05506;28,8;-;8.8;565.7;;15;;;
3649;1024;1.jpg;Saccade;18495,04871;22,4;-;6.1;396.4;;15;;;
3650;1024;1.jpg;Saccade;13582,97413;58,4;-;8.2;378.7;;15;;;
3651;1024;1.jpg;Saccade;26484,72151;27,2;-;20.0;1688.6;;15;;;
3652;1024;1.jpg;Fissazione;11186,37675;264,8;-;-;-;;;;;
3653;1024;2.jpg;Saccade;6098,338026;50,4;-;20.7;1398.1;;15;;;
3654;1024;2.jpg;Saccade;4756,564358;25,6;-;12.4;705.1;;15;;;
3655;1024;2.jpg;Saccade;25096,13325;38,4;-;22.4;1287.3;;15;;;
3656;1024;2.jpg;Saccade;16957,53435;22,4;-;6.1;396.4;;15;;;
3657;1024;2.jpg;Saccade;2479,341748;32;-;10.6;1054.0;;15;;;
3658;1024;2.jpg;Saccade;7066,798445;28;-;9.0;675.6;;15;;;
3659;1024;2.jpg;Fissazione;6716,08197;340;-;-;-;;;;;
3660;1024;2.jpg;Saccade;8732,001151;32,8;-;9.9;587.8;;15;;;
3661;1024;2.jpg;Fissazione;12491,33227;360,8;-;-;-;;;;;
3662;1024;2.jpg;Fissazione;19358,71372;112;-;-;-;;;;;
3663;1024;2.jpg;Fissazione;19427,19967;140;-;-;-;;;;;
3664;1024;2.jpg;Saccade;7156,838587;70,4;-;25.2;977.4;;15;;;
3665;1024;2.jpg;Saccade;7090,275633;58,4;-;26.1;1165.6;;15;;;
3666;1024;2.jpg;Saccade;6921,852895;67,2;-;17.3;833.4;;15;;;
3667;1024;2.jpg;Saccade;2313,80131;22,4;-;9.3;777.1;;15;;;
3668;1024;2.jpg;Fissazione;6352,474682;369,6;-;-;-;;;;;
3669;1024;2.jpg;Saccade;10385,38745;27,2;-;10.6;755.5;;15;;;
3670;1024;2.jpg;Fissazione;12465,33873;257,6;-;-;-;;;;;
3671;1024;2.jpg;Fissazione;850,9985403;121,6;-;-;-;;;;;
3672;1024;2.jpg;Saccade;5299,880077;24,8;-;10.3;1190.2;;15;;;
3673;1024;2.jpg;Saccade;7307,056451;60,8;-;20.7;1330.6;;15;;;
3674;1024;2.jpg;Saccade;4543,573769;28;-;9.9;806.9;;15;;;
3675;1024;2.jpg;Saccade;6573,344359;23,2;-;12.2;973.2;;15;;;
3676;1024;2.jpg;Saccade;18245,44;24;-;6.9;707.3;;15;;;
3677;1024;2.jpg;Saccade;1552,041326;42,4;-;1.5;65.7;;15;;;
3678;1024;2.jpg;Saccade;24748,84759;22,4;-;4.0;197.1;;15;;;
3679;1024;2.jpg;Saccade;5505,176309;30,4;-;26.5;1699.7;;15;;;
3680;1024;2.jpg;Saccade;20193,57484;36,8;-;15.2;699.5;;15;;;
3681;1024;2.jpg;Saccade;18693,11123;28,8;-;21.8;2131.8;;15;;;
3682;1024;2.jpg;Fissazione;10650,30348;63,2;-;-;-;;;;;
3683;1024;2.jpg;Saccade;501,356273;45,6;-;14.9;887.0;;15;;;
3684;1024;2.jpg;Fissazione;1865,793182;460,8;-;-;-;;;;;
3685;1024;2.jpg;Saccade;2164,586493;51,2;-;1.4;40.7;;15;;;
3686;1024;2.jpg;Saccade;810,8615081;44;-;6.0;368.7;;15;;;
3687;1024;3.jpg;Saccade;11164,07491;48,8;-;32.6;1876.7;;15;;;
3688;1024;3.jpg;Fissazione;5888,78585;369,6;-;-;-;;;;;
3689;1024;3.jpg;Saccade;22545,7179;24;-;8.4;573.9;;15;;;
3690;1024;3.jpg;Saccade;1044,816253;54,4;-;16.9;1056.0;;15;;;
3691;1024;3.jpg;Saccade;13574,2347;24,8;-;16.3;1662.5;;15;;;
3692;1024;3.jpg;Saccade;7091,287337;22,4;-;3.9;267.1;;15;;;
3693;1024;3.jpg;Saccade;15331,70619;24;-;6.9;707.3;;15;;;
3694;1024;3.jpg;Fissazione;5015,908204;63,2;-;-;-;;;;;
3695;1024;3.jpg;Saccade;2367,739661;36;-;32.4;2009.2;;15;;;
3696;1024;3.jpg;Fissazione;635,2600625;51,2;-;-;-;;;;;
3697;1024;3.jpg;Fissazione;28911,52516;818,4;-;-;-;;;;;
3698;1024;3.jpg;Saccade;28343,93027;40;-;14.9;1083.8;;15;;;
3699;1024;3.jpg;Saccade;22803,52343;32;-;1.5;89.0;;15;;;
3700;1024;3.jpg;Saccade;6191,450556;28,8;-;15.6;1161.7;;15;;;
3701;1024;3.jpg;Saccade;13169,14946;23,2;-;7.2;613.7;;15;;;
3702;1024;3.jpg;Saccade;17974,42541;25,6;-;20.4;2027.7;;15;;;
3703;1024;3.jpg;Saccade;792,8651659;24;-;6.9;732.0;;15;;;
3704;1024;3.jpg;Saccade;33822,76593;90,4;-;4.4;148.5;;15;;;
3705;1024;3.jpg;Saccade;362,3129694;24,8;-;14.7;1053.0;;15;;;
3706;1024;3.jpg;Saccade;2128,708254;22,4;-;9.3;777.1;;15;;;
3707;1024;3.jpg;Saccade;5232,435268;25,6;-;9.4;575.7;;15;;;
3708;1024;3.jpg;Saccade;9204,723293;32,8;-;13.3;1072.5;;15;;;
3709;1024;3.jpg;Saccade;13819,99063;29,6;-;21.5;1887.2;;15;;;
3710;1024;3.jpg;Saccade;12792,60714;25,6;-;6.3;627.6;;15;;;
3711;1024;3.jpg;Saccade;36863,42827;52;-;19.6;1348.3;;15;;;
3712;1024;3.jpg;Saccade;7460,717337;28;-;9.0;675.6;;15;;;
3713;1024;3.jpg;Saccade;21131,84823;24;-;10.9;1075.9;;15;;;
3714;1024;3.jpg;Saccade;5229,093145;28;-;9.9;806.9;;15;;;
3715;1024;3.jpg;Saccade;12819,93035;59,2;-;22.9;1454.1;;15;;;
3716;1024;3.jpg;Fissazione;33836,46396;175,2;-;-;-;;;;;
3717;1025;1.jpg;Saccade;17089,58897;24;-;6.9;707.3;;15;;;
3718;1025;1.jpg;Saccade;3327,10656;27,2;-;7.1;650.4;;15;;;
3719;1025;1.jpg;Saccade;33834,0167;31,2;-;11.8;1263.2;;15;;;
3720;1025;1.jpg;Saccade;1022,667592;54,4;-;16.9;1056.0;;15;;;
3721;1025;1.jpg;Saccade;21893,43862;23,2;-;21.2;1938.5;;15;;;
3722;1025;1.jpg;Saccade;15051,11362;87,2;-;55.5;1952.3;;15;;;
3723;1025;1.jpg;Saccade;11078,03473;29,6;-;21.5;1887.2;;15;;;
3724;1025;1.jpg;Saccade;8516,080264;58,4;-;20.8;1006.5;;15;;;
3725;1025;1.jpg;Saccade;19280,67561;23,2;-;9.5;976.9;;15;;;
3726;1025;1.jpg;Saccade;5852,987156;25,6;-;9.4;575.7;;15;;;
3727;1025;1.jpg;Saccade;26290,36146;27,2;-;12.9;1033.0;;15;;;
3728;1025;1.jpg;Saccade;17080,87537;28,8;-;8.1;517.1;;15;;;
3729;1025;1.jpg;Saccade;8460,020153;30,4;-;14.6;1012.8;;15;;;
3730;1025;1.jpg;Fissazione;18881,63642;294,4;-;-;-;;;;;
3731;1025;1.jpg;Saccade;19795,77639;25,6;-;20.4;2027.7;;15;;;
3732;1025;1.jpg;Saccade;1580,004753;39,2;-;7.9;536.1;;15;;;
3733;1025;1.jpg;Saccade;8343,377342;27,2;-;10.6;755.5;;15;;;
3734;1025;1.jpg;Saccade;8990,800513;36;-;20.9;1601.4;;15;;;
3735;1025;1.jpg;Saccade;10750,34311;26,4;-;17.7;1300.4;;15;;;
3736;1025;1.jpg;Saccade;9179,055088;45,6;-;17.4;954.0;;15;;;
3737;1025;1.jpg;Saccade;26855,57133;38,4;-;22.4;1287.3;;15;;;
3738;1025;1.jpg;Fissazione;24608,45867;128;-;-;-;;;;;
3739;1025;1.jpg;Saccade;15205,9755;35,2;-;15.5;935.0;;15;;;
3740;1025;1.jpg;Saccade;2877,843753;25,6;-;6.8;495.1;;15;;;
3741;1025;1.jpg;Saccade;6099,591146;70,4;-;25.2;977.4;;15;;;
3742;1025;1.jpg;Saccade;16547,76104;22,4;-;7.7;692.6;;15;;;
3743;1025;1.jpg;Saccade;5863,348372;25,6;-;12.4;705.1;;15;;;
3744;1025;1.jpg;Saccade;3532,860655;25,6;-;8.3;601.6;;15;;;
3745;1025;1.jpg;Saccade;735,6126249;44;-;6.0;368.7;;15;;;
3746;1025;1.jpg;Saccade;5865,615472;41,6;-;15.7;878.6;;15;;;
3747;1025;1.jpg;Saccade;12587,22666;25,6;-;6.3;627.6;;15;;;
3748;1025;1.jpg;Saccade;10338,6999;28,8;-;8.8;565.7;;15;;;
3749;1025;1.jpg;Fissazione;701,182535;51,2;-;-;-;;;;;
3750;1025;1.jpg;Saccade;9264,464439;29,6;-;15.1;1262.8;;15;;;
3751;1025;1.jpg;Saccade;17073,87929;28,8;-;21.8;2131.8;;15;;;
3752;1025;1.jpg;Saccade;28562,70508;90,4;-;4.4;148.5;;15;;;
3753;1025;1.jpg;Saccade;5785,691448;22,4;-;6.6;569.1;;15;;;
3754;1025;1.jpg;Saccade;11945,5234;28;-;6.9;637.2;;15;;;
3755;1025;1.jpg;Fissazione;19837,63809;140;-;-;-;;;;;
3756;1025;1.jpg;Saccade;9604,335722;29,6;-;12.2;951.2;;15;;;
3757;1025;1.jpg;Fissazione;14534,69826;120,8;-;-;-;;;;;
3758;1025;1.jpg;Saccade;19638,40812;28;-;7.5;664.5;;15;;;
3759;1025;1.jpg;Saccade;7653,101875;67,2;-;17.3;833.4;;15;;;
3760;1025;1.jpg;Saccade;19621,27085;24;-;10.9;1075.9;;15;;;
3761;1025;1.jpg;Saccade;3026,51029;36;-;32.4;2009.2;;15;;;
3762;1025;1.jpg;Fissazione;30921,94337;209,6;-;-;-;;;;;
3763;1025;1.jpg;Saccade;23093,50817;22,4;-;4.0;197.1;;15;;;
3764;1025;1.jpg;Saccade;11151,80169;22,4;-;10.2;968.7;;15;;;
3765;1025;1.jpg;Saccade;11443,50904;39,2;-;23.4;1505.0;;15;;;
3766;1025;1.jpg;Saccade;536,6551753;34,4;-;14.4;1205.6;;15;;;
3767;1025;1.jpg;Fissazione;6277,232688;369,6;-;-;-;;;;;
3768;1025;1.jpg;Fissazione;8423,784052;352;-;-;-;;;;;
3769;1025;1.jpg;Fissazione;13855,70214;91,2;-;-;-;;;;;
3770;1025;1.jpg;Saccade;1721,199031;49,6;-;5.3;207.5;;15;;;
3771;1025;1.jpg;Saccade;17824,45694;22,4;-;6.8;675.8;;15;;;
3772;1025;1.jpg;Saccade;31991,65245;28;-;11.6;884.4;;15;;;
3773;1025;1.jpg;Saccade;6462,976425;24,8;-;10.3;1190.2;;15;;;
3774;1025;1.jpg;Fissazione;10352,9386;360,8;-;-;-;;;;;
3775;1025;1.jpg;Saccade;5579,853711;24;-;11.0;710.5;;15;;;
3776;1025;1.jpg;Saccade;13116,25175;44;-;1.4;68.0;;15;;;
3777;1025;1.jpg;Fissazione;1449,758647;117,6;-;-;-;;;;;
3778;1025;1.jpg;Fissazione;14996,59359;148,8;-;-;-;;;;;
3779;1025;1.jpg;Fissazione;18548,60313;128;-;-;-;;;;;
3780;1025;1.jpg;Saccade;3336,082077;29,6;-;9.5;631.0;;15;;;
3781;1025;1.jpg;Saccade;19525,94069;43,2;-;7.3;404.4;;15;;;
3782;1025;1.jpg;Saccade;10973,08875;22,4;-;4.8;240.9;;15;;;
3783;1025;1.jpg;Saccade;9935,17529;32,8;-;16.6;1277.4;;15;;;
3784;1025;1.jpg;Saccade;8012,933276;60,8;-;20.7;1330.6;;15;;;
3785;1025;1.jpg;Saccade;28167,06038;32;-;3.3;108.3;;15;;;
3786;1025;1.jpg;Saccade;9999,378517;75,2;-;70.9;2061.7;;15;;;
3787;1025;1.jpg;Saccade;11206,49731;24;-;12.9;1275.2;;15;;;
3788;1025;1.jpg;Saccade;16368,70142;36,8;-;15.2;699.5;;15;;;
3789;1025;1.jpg;Saccade;8312,690429;23,2;-;12.2;973.2;;15;;;
3790;1025;1.jpg;Fissazione;12862,1957;143,2;-;-;-;;;;;
3791;1025;1.jpg;Saccade;1378,078812;29,6;-;1.6;91.3;;15;;;
3792;1025;1.jpg;Saccade;26848,05723;45,6;-;11.7;623.4;;15;;;
3793;1025;1.jpg;Fissazione;1769,004326;460,8;-;-;-;;;;;
3794;1025;1.jpg;Saccade;18507,47433;44;-;19.1;1329.9;;15;;;
3795;1025;1.jpg;Fissazione;11880,64707;166,4;-;-;-;;;;;
3796;1025;1.jpg;Saccade;30319,87672;26,4;-;11.5;1098.9;;15;;;
3797;1025;1.jpg;Fissazione;11554,87276;63,2;-;-;-;;;;;
3798;1025;1.jpg;Saccade;6097,313693;28;-;9.9;806.9;;15;;;
3799;1025;1.jpg;Saccade;11860,93207;39,2;-;23.0;1652.6;;15;;;
3800;1025;1.jpg;Saccade;23353,55066;27,2;-;20.0;1688.6;;15;;;
3801;1025;1.jpg;Saccade;10055,12058;32,8;-;13.3;1072.5;;15;;;
3802;1025;1.jpg;Saccade;20519,08421;51,2;-;4.5;153.7;;15;;;
3803;1025;1.jpg;Fissazione;4329,021168;1036;-;-;-;;;;;
3804;1025;1.jpg;Fissazione;5844,513027;63,2;-;-;-;;;;;
3805;1025;1.jpg;Fissazione;29090,83011;102,4;-;-;-;;;;;
3806;1025;1.jpg;Saccade;9690,616965;32,8;-;21.7;1388.6;;15;;;
3807;1025;1.jpg;Saccade;7814,731131;62,4;-;19.5;1628.1;;15;;;
3808;1025;1.jpg;Saccade;10686,38886;48,8;-;32.6;1876.7;;15;;;
3809;1025;1.jpg;Saccade;2127,044156;51,2;-;1.4;40.7;;15;;;
3810;1025;1.jpg;Fissazione;26862,13053;175,2;-;-;-;;;;;
3811;1025;1.jpg;Fissazione;3009,613672;81,6;-;-;-;;;;;
3812;1025;1.jpg;Saccade;2883,883591;32,8;-;14.3;1019.5;;15;;;
3813;1025;2.jpg;Saccade;360,8969893;24,8;-;14.7;1053.0;;15;;;
3814;1025;2.jpg;Fissazione;22868,36827;128;-;-;-;;;;;
3815;1025;2.jpg;Saccade;17023,86488;22,4;-;7.7;692.6;;15;;;
3816;1025;2.jpg;Saccade;13745,34788;35,2;-;15.5;935.0;;15;;;
3817;1025;2.jpg;Saccade;11279,58495;28,8;-;8.8;565.7;;15;;;
3818;1025;2.jpg;Saccade;2974,054823;27,2;-;7.1;650.4;;15;;;
3819;1025;2.jpg;Saccade;17228,66241;22,4;-;6.1;396.4;;15;;;
3820;1025;2.jpg;Saccade;10676,41531;26,4;-;17.7;1300.4;;15;;;
3821;1025;2.jpg;Saccade;2774,190112;63,2;-;23.3;1289.9;;15;;;
3822;1025;2.jpg;Saccade;7246,704137;60,8;-;20.7;1330.6;;15;;;
3823;1025;2.jpg;Saccade;8859,073127;23,2;-;12.2;973.2;;15;;;
3824;1025;2.jpg;Saccade;8035,956537;30,4;-;14.6;1012.8;;15;;;
3825;1025;2.jpg;Saccade;11000,32885;32,8;-;16.6;1277.4;;15;;;
3826;1025;2.jpg;Fissazione;17347,93435;294,4;-;-;-;;;;;
3827;1025;2.jpg;Saccade;12688,01613;32,8;-;13.3;1072.5;;15;;;
3828;1025;2.jpg;Saccade;8529,941366;53,6;-;24.1;1367.1;;15;;;
3829;1025;2.jpg;Saccade;9306,76466;32,8;-;21.7;1388.6;;15;;;
3830;1025;2.jpg;Fissazione;12558,68044;143,2;-;-;-;;;;;
3831;1025;2.jpg;Saccade;23102,4071;38,4;-;22.4;1287.3;;15;;;
3832;1025;2.jpg;Saccade;1541,019143;29,6;-;1.6;91.3;;15;;;
3833;1025;2.jpg;Saccade;5923,390093;28;-;9.9;806.9;;15;;;
3834;1025;2.jpg;Saccade;12352,99361;22,4;-;4.8;240.9;;15;;;
3835;1025;2.jpg;Saccade;19403,04007;24;-;6.9;707.3;;15;;;
3836;1025;2.jpg;Saccade;541,0754388;45,6;-;14.9;887.0;;15;;;
3837;1025;2.jpg;Saccade;10863,51693;39,2;-;23.0;1652.6;;15;;;
3838;1025;2.jpg;Fissazione;12919,59554;120,8;-;-;-;;;;;
3839;1025;2.jpg;Saccade;8994,566355;27,2;-;10.6;755.5;;15;;;
3840;1025;2.jpg;Saccade;8094,270612;32,8;-;9.9;587.8;;15;;;
3841;1025;2.jpg;Saccade;5898,264928;30,4;-;26.5;1699.7;;15;;;
3842;1025;2.jpg;Fissazione;1727,391631;460,8;-;-;-;;;;;
3843;1025;2.jpg;Saccade;19453,24679;28;-;7.5;664.5;;15;;;
3844;1025;2.jpg;Saccade;16940,58229;28,8;-;21.8;2131.8;;15;;;
3845;1025;2.jpg;Fissazione;813,5643887;121,6;-;-;-;;;;;
3846;1025;2.jpg;Saccade;7363,101792;22,4;-;3.9;267.1;;15;;;
3847;1025;2.jpg;Fissazione;5595,428702;63,2;-;-;-;;;;;
3848;1025;2.jpg;Saccade;20285,11795;22,4;-;6.8;675.8;;15;;;
3849;1025;2.jpg;Fissazione;3199,469615;81,6;-;-;-;;;;;
3850;1025;2.jpg;Saccade;18893,01784;44,8;-;2.4;129.0;;15;;;
3851;1025;2.jpg;Saccade;2315,605852;32,8;-;14.3;1019.5;;15;;;
3852;1025;2.jpg;Saccade;14227,40726;59,2;-;22.9;1454.1;;15;;;
3853;1025;2.jpg;Saccade;11813,21278;48,8;-;32.6;1876.7;;15;;;
3854;1025;2.jpg;Saccade;10326,00024;39,2;-;23.4;1505.0;;15;;;
3855;1025;2.jpg;Saccade;13928,45619;87,2;-;55.5;1952.3;;15;;;
3856;1025;3.jpg;Fissazione;657,0008063;51,2;-;-;-;;;;;
3857;1025;3.jpg;Fissazione;13522,02358;143,2;-;-;-;;;;;
3858;1025;3.jpg;Fissazione;29732,2638;175,2;-;-;-;;;;;
3859;1025;3.jpg;Saccade;24830,32793;38,4;-;22.4;1287.3;;15;;;
3860;1025;3.jpg;Saccade;310,8668686;24,8;-;14.7;1053.0;;15;;;
3861;1025;3.jpg;Saccade;12005,57558;59,2;-;22.9;1454.1;;15;;;
3862;1025;3.jpg;Saccade;12730,22009;87,2;-;55.5;1952.3;;15;;;
3863;1025;3.jpg;Saccade;1254,873669;49,6;-;5.3;207.5;;15;;;
3864;1025;3.jpg;Fissazione;14219,34414;91,2;-;-;-;;;;;
3865;1025;3.jpg;Saccade;11287,27382;48,8;-;32.6;1876.7;;15;;;
3866;1025;3.jpg;Saccade;5566,469543;28;-;9.9;806.9;;15;;;
3867;1025;3.jpg;Fissazione;13491,77507;148,8;-;-;-;;;;;
3868;1025;3.jpg;Saccade;8856,594837;58,4;-;20.8;1006.5;;15;;;
3869;1025;3.jpg;Saccade;514,3139595;45,6;-;14.9;887.0;;15;;;
3870;1025;3.jpg;Saccade;5135,659198;41,6;-;15.7;878.6;;15;;;
3871;1025;3.jpg;Saccade;7731,122043;53,6;-;24.1;1367.1;;15;;;
3872;1025;3.jpg;Saccade;19067,38754;51,2;-;4.5;153.7;;15;;;
3873;1025;3.jpg;Saccade;683,7588179;44;-;6.0;368.7;;15;;;
3874;1025;3.jpg;Saccade;5964,113289;28,8;-;15.6;1161.7;;15;;;
3875;1025;3.jpg;Fissazione;8104,264327;203,2;-;-;-;;;;;
3876;1025;3.jpg;Saccade;7329,813454;22,4;-;7.8;672.6;;15;;;
3877;1025;3.jpg;Fissazione;1799,012898;460,8;-;-;-;;;;;
3878;1025;3.jpg;Saccade;2992,583027;36;-;32.4;2009.2;;15;;;
3879;1025;3.jpg;Saccade;12708,51668;44;-;1.4;68.0;;15;;;
3880;1025;3.jpg;Saccade;5089,049298;23,2;-;13.2;721.6;;15;;;
3881;1025;3.jpg;Saccade;21525,22575;24;-;10.9;1075.9;;15;;;
3882;1025;3.jpg;Fissazione;19918,02272;128;-;-;-;;;;;
3883;1025;3.jpg;Saccade;10848,84553;39,2;-;23.0;1652.6;;15;;;
3884;1025;3.jpg;Saccade;8750,846919;42,4;-;18.1;1156.9;;15;;;
3885;1025;3.jpg;Saccade;26869,30155;27,2;-;12.9;1033.0;;15;;;
3886;1025;3.jpg;Saccade;3687,150373;25,6;-;8.3;601.6;;15;;;
3887;1025;3.jpg;Saccade;26882,73627;31,2;-;11.8;1263.2;;15;;;
3888;1026;1.jpg;Saccade;21659,11244;24;-;8.4;573.9;;15;;;
3889;1026;1.jpg;Saccade;9548,701613;36;-;20.9;1601.4;;15;;;
3890;1026;1.jpg;Saccade;8998,745783;75,2;-;70.9;2061.7;;15;;;
3891;1026;1.jpg;Saccade;9910,525899;27,2;-;10.6;755.5;;15;;;
3892;1026;1.jpg;Saccade;6218,46579;67,2;-;17.3;833.4;;15;;;
3893;1026;1.jpg;Fissazione;1470,425549;117,6;-;-;-;;;;;
3894;1026;1.jpg;Saccade;4787,113769;23,2;-;13.2;721.6;;15;;;
3895;1026;1.jpg;Saccade;1700,450001;39,2;-;7.9;536.1;;15;;;
3896;1026;1.jpg;Fissazione;4352,571035;1036;-;-;-;;;;;
3897;1026;1.jpg;Saccade;7120,764467;30,4;-;14.6;1012.8;;15;;;
3898;1026;1.jpg;Saccade;5341,523224;25,6;-;12.4;705.1;;15;;;
3899;1026;1.jpg;Saccade;31350,08884;52;-;19.6;1348.3;;15;;;
3900;1026;1.jpg;Fissazione;16313,44099;120,8;-;-;-;;;;;
3901;1026;1.jpg;Saccade;7480,68606;60,8;-;20.7;1330.6;;15;;;
3902;1026;1.jpg;Saccade;29717,79656;27,2;-;12.9;1033.0;;15;;;
3903;1026;1.jpg;Saccade;5406,567633;28;-;9.9;806.9;;15;;;
3904;1026;1.jpg;Saccade;18767,95742;44,8;-;2.4;129.0;;15;;;
3905;1026;1.jpg;Saccade;5544,786818;24;-;11.0;710.5;;15;;;
3906;1026;1.jpg;Fissazione;20485,7961;112;-;-;-;;;;;
3907;1026;1.jpg;Saccade;27844,82595;32;-;3.3;108.3;;15;;;
3908;1026;1.jpg;Saccade;22814,96978;43,2;-;7.3;404.4;;15;;;
3909;1026;1.jpg;Saccade;2312,827882;22,4;-;9.3;777.1;;15;;;
3910;1026;1.jpg;Saccade;15228,46554;92;-;50.7;1483.9;;15;;;
3911;1026;1.jpg;Saccade;26891,55586;28;-;11.6;884.4;;15;;;
3912;1026;1.jpg;Saccade;19265,5044;28;-;7.5;664.5;;15;;;
3913;1026;1.jpg;Saccade;6010,82176;41,6;-;15.7;878.6;;15;;;
3914;1026;1.jpg;Saccade;5663,180069;24,8;-;10.3;1190.2;;15;;;
3915;1026;1.jpg;Saccade;28414,63994;26,4;-;11.5;1098.9;;15;;;
3916;1026;1.jpg;Saccade;12897,33217;24;-;7.6;557.5;;15;;;
3917;1026;1.jpg;Saccade;6130,949783;62,4;-;19.5;1628.1;;15;;;
3918;1026;1.jpg;Saccade;28031,62773;40;-;14.9;1083.8;;15;;;
3919;1026;1.jpg;Saccade;2230,90476;51,2;-;1.4;40.7;;15;;;
3920;1026;1.jpg;Saccade;11156,96958;48,8;-;32.6;1876.7;;15;;;
3921;1026;1.jpg;Fissazione;11439,94167;264,8;-;-;-;;;;;
3922;1026;1.jpg;Saccade;9057,438627;49,6;-;42.6;2043.6;;15;;;
3923;1026;1.jpg;Saccade;12036,06074;44;-;1.4;68.0;;15;;;
3924;1026;1.jpg;Saccade;813,0754402;24;-;6.9;732.0;;15;;;
3925;1026;1.jpg;Saccade;1527,098255;42,4;-;1.5;65.7;;15;;;
3926;1026;1.jpg;Fissazione;11215,67802;257,6;-;-;-;;;;;
3927;1026;1.jpg;Saccade;16809,45696;36,8;-;15.2;699.5;;15;;;
3928;1026;1.jpg;Saccade;12484,96943;23,2;-;7.2;613.7;;15;;;
3929;1026;1.jpg;Saccade;11079,48198;22,4;-;4.8;240.9;;15;;;
3930;1026;1.jpg;Fissazione;589,4426945;51,2;-;-;-;;;;;
3931;1026;1.jpg;Saccade;2582,797308;32,8;-;14.3;1019.5;;15;;;
3932;1026;1.jpg;Fissazione;6550,309502;369,6;-;-;-;;;;;
3933;1026;1.jpg;Saccade;22337,94349;27,2;-;20.0;1688.6;;15;;;
3934;1026;1.jpg;Saccade;34355,42928;90,4;-;4.4;148.5;;15;;;
3935;1026;1.jpg;Saccade;5967,603262;22,4;-;6.6;569.1;;15;;;
3936;1026;1.jpg;Saccade;10940,78142;32,8;-;9.0;642.7;;15;;;
3937;1026;1.jpg;Saccade;3014,692355;27,2;-;7.1;650.4;;15;;;
3938;1026;1.jpg;Fissazione;18568,18252;128;-;-;-;;;;;
3939;1026;1.jpg;Fissazione;1816,653626;460,8;-;-;-;;;;;
3940;1026;1.jpg;Saccade;7850,182719;32,8;-;21.7;1388.6;;15;;;
3941;1026;1.jpg;Saccade;16282,43551;22,4;-;7.7;692.6;;15;;;
3942;1026;1.jpg;Saccade;9849,285198;24;-;3.7;346.5;;15;;;
3943;1026;1.jpg;Saccade;12579,39738;59,2;-;22.9;1454.1;;15;;;
3944;1026;1.jpg;Fissazione;23365,92484;102,4;-;-;-;;;;;
3945;1026;1.jpg;Saccade;21204,72132;22,4;-;6.8;675.8;;15;;;
3946;1026;1.jpg;Saccade;14924,22122;24,8;-;16.3;1662.5;;15;;;
3947;1026;1.jpg;Saccade;9881,665149;39,2;-;23.4;1505.0;;15;;;
3948;1026;1.jpg;Fissazione;7401,437527;658,4;-;-;-;;;;;
3949;1026;1.jpg;Saccade;7568,975019;32,8;-;1.1;79.5;;15;;;
3950;1026;1.jpg;Saccade;1395,676427;49,6;-;5.3;207.5;;15;;;
3951;1026;1.jpg;Saccade;3597,840764;25,6;-;8.3;601.6;;15;;;
3952;1026;1.jpg;Saccade;16593,35898;25,6;-;20.4;2027.7;;15;;;
3953;1026;1.jpg;Saccade;14800,19852;32;-;1.3;85.3;;15;;;
3954;1026;1.jpg;Saccade;2901,295924;63,2;-;23.3;1289.9;;15;;;
3955;1026;1.jpg;Fissazione;14338,56335;148,8;-;-;-;;;;;
3956;1026;1.jpg;Fissazione;3073,164738;81,6;-;-;-;;;;;
3957;1026;1.jpg;Saccade;6974,158366;58,4;-;26.1;1165.6;;15;;;
3958;1026;1.jpg;Saccade;11368,52059;24;-;12.9;1275.2;;15;;;
3959;1026;1.jpg;Saccade;10186,45835;26,4;-;17.7;1300.4;;15;;;
3960;1026;1.jpg;Saccade;22448,4923;23,2;-;9.5;976.9;;15;;;
3961;1026;1.jpg;Fissazione;6420,898144;154,4;-;-;-;;;;;
3962;1026;1.jpg;Saccade;1300,332226;29,6;-;1.6;91.3;;15;;;
3963;1026;1.jpg;Saccade;26522,11682;31,2;-;11.8;1263.2;;15;;;
3964;1026;1.jpg;Saccade;13828,39629;87,2;-;55.5;1952.3;;15;;;
3965;1026;1.jpg;Saccade;23249,04626;44;-;19.1;1329.9;;15;;;
3966;1026;1.jpg;Fissazione;18786,22496;294,4;-;-;-;;;;;
3967;1026;1.jpg;Fissazione;7486,240161;340;-;-;-;;;;;
3968;1026;1.jpg;Saccade;343,2366223;24,8;-;14.7;1053.0;;15;;;
3969;1026;1.jpg;Saccade;19907,92535;24;-;0.9;73.8;;15;;;
3970;1026;1.jpg;Saccade;26295,23497;32;-;1.5;89.0;;15;;;
3971;1026;1.jpg;Saccade;13494,93393;39,2;-;23.5;1731.4;;15;;;
3972;1026;2.jpg;Saccade;17386,14899;22,4;-;6.8;675.8;;15;;;
3973;1026;2.jpg;Saccade;31269,24142;28;-;11.6;884.4;;15;;;
3974;1026;2.jpg;Saccade;24915,25104;38,4;-;22.4;1287.3;;15;;;
3975;1026;2.jpg;Fissazione;9486,313008;264,8;-;-;-;;;;;
3976;1026;2.jpg;Saccade;20379,04303;32;-;3.3;108.3;;15;;;
3977;1026;2.jpg;Saccade;578,6642387;45,6;-;14.9;887.0;;15;;;
3978;1026;2.jpg;Saccade;8216,6469;58,4;-;20.8;1006.5;;15;;;
3979;1026;2.jpg;Saccade;23341,07569;27,2;-;20.0;1688.6;;15;;;
3980;1026;2.jpg;Saccade;6274,238486;67,2;-;17.3;833.4;;15;;;
3981;1026;2.jpg;Saccade;30802,79872;51,2;-;5.2;293.5;;15;;;
3982;1026;2.jpg;Saccade;1681,1732;42,4;-;1.5;65.7;;15;;;
3983;1026;2.jpg;Saccade;7544,858666;60,8;-;20.7;1330.6;;15;;;
3984;1026;2.jpg;Saccade;1630,950105;39,2;-;7.9;536.1;;15;;;
3985;1026;2.jpg;Saccade;7545,129324;32,8;-;21.7;1388.6;;15;;;
3986;1026;2.jpg;Fissazione;25617,99395;102,4;-;-;-;;;;;
3987;1026;2.jpg;Fissazione;6310,917422;369,6;-;-;-;;;;;
3988;1026;2.jpg;Saccade;9823,43746;75,2;-;70.9;2061.7;;15;;;
3989;1026;2.jpg;Fissazione;17399,25427;128;-;-;-;;;;;
3990;1026;2.jpg;Saccade;5610,465895;28;-;9.0;675.6;;15;;;
3991;1026;2.jpg;Fissazione;7001,594179;154,4;-;-;-;;;;;
3992;1026;2.jpg;Saccade;16935,28443;39,2;-;23.5;1731.4;;15;;;
3993;1026;2.jpg;Fissazione;21041,9237;112;-;-;-;;;;;
3994;1026;2.jpg;Saccade;6006,020817;22,4;-;7.8;672.6;;15;;;
3995;1026;2.jpg;Saccade;6778,974975;28,8;-;15.6;1161.7;;15;;;
3996;1026;2.jpg;Saccade;9393,7874;32,8;-;9.0;642.7;;15;;;
3997;1026;2.jpg;Saccade;6715,840245;50,4;-;20.7;1398.1;;15;;;
3998;1026;2.jpg;Saccade;28849,71556;52;-;19.6;1348.3;;15;;;
3999;1026;2.jpg;Fissazione;8166,737095;658,4;-;-;-;;;;;
4000;1026;2.jpg;Saccade;11524,45652;32,8;-;16.6;1277.4;;15;;;
4001;1026;3.jpg;Saccade;5742,48843;28;-;9.0;675.6;;15;;;
4002;1026;3.jpg;Fissazione;29406,62582;175,2;-;-;-;;;;;
4003;1026;3.jpg;Fissazione;15414,87478;120,8;-;-;-;;;;;
4004;1026;3.jpg;Saccade;30277,84888;31,2;-;11.8;1263.2;;15;;;
4005;1026;3.jpg;Saccade;21876,85002;24;-;8.4;573.9;;15;;;
4006;1026;3.jpg;Saccade;2549,224982;63,2;-;23.3;1289.9;;15;;;
4007;1026;3.jpg;Saccade;22168,44722;44,8;-;33.3;1772.5;;15;;;
4008;1026;3.jpg;Fissazione;13909,25018;91,2;-;-;-;;;;;
4009;1026;3.jpg;Fissazione;11830,45131;264,8;-;-;-;;;;;
4010;1026;3.jpg;Saccade;12529,91712;24;-;12.9;1275.2;;15;;;
4011;1026;3.jpg;Saccade;2290,535063;51,2;-;1.4;40.7;;15;;;
4012;1026;3.jpg;Saccade;2615,254997;36;-;32.4;2009.2;;15;;;
4013;1026;3.jpg;Saccade;7341,793208;32,8;-;1.1;79.5;;15;;;
4014;1026;3.jpg;Saccade;11414,45052;32,8;-;16.6;1277.4;;15;;;
4015;1026;3.jpg;Saccade;11800,175;22,4;-;10.2;968.7;;15;;;
4016;1026;3.jpg;Saccade;18300,48927;25,6;-;20.4;2027.7;;15;;;
4017;1026;3.jpg;Saccade;25592,72902;45,6;-;11.7;623.4;;15;;;
4018;1026;3.jpg;Saccade;34111,69097;51,2;-;5.2;293.5;;15;;;
4019;1026;3.jpg;Saccade;16258,44112;24;-;6.9;707.3;;15;;;
4020;1026;3.jpg;Saccade;7738,730748;24;-;3.7;346.5;;15;;;
4021;1026;3.jpg;Saccade;12518,28176;28,8;-;8.8;565.7;;15;;;
4022;1027;1.jpg;Saccade;18578,68287;24;-;0.9;73.8;;15;;;
4023;1027;1.jpg;Saccade;2218,684228;22,4;-;9.3;777.1;;15;;;
4024;1027;1.jpg;Saccade;13791,37413;87,2;-;55.5;1952.3;;15;;;
4025;1027;1.jpg;Fissazione;11812,09459;257,6;-;-;-;;;;;
4026;1027;1.jpg;Saccade;9095,103325;49,6;-;42.6;2043.6;;15;;;
4027;1027;1.jpg;Fissazione;11866,05146;360,8;-;-;-;;;;;
4028;1027;1.jpg;Saccade;29894,29625;31,2;-;11.8;1263.2;;15;;;
4029;1027;1.jpg;Fissazione;12723,17676;91,2;-;-;-;;;;;
4030;1027;1.jpg;Fissazione;11768,28102;143,2;-;-;-;;;;;
4031;1027;1.jpg;Saccade;5619,408233;24;-;11.0;710.5;;15;;;
4032;1027;1.jpg;Saccade;6783,061646;62,4;-;19.5;1628.1;;15;;;
4033;1027;1.jpg;Fissazione;6565,975975;154,4;-;-;-;;;;;
4034;1027;1.jpg;Fissazione;643,6613046;51,2;-;-;-;;;;;
4035;1027;1.jpg;Saccade;7832,049564;60,8;-;20.7;1330.6;;15;;;
4036;1027;1.jpg;Fissazione;29210,07659;175,2;-;-;-;;;;;
4037;1027;1.jpg;Saccade;23664,87254;23,2;-;21.2;1938.5;;15;;;
4038;1027;1.jpg;Saccade;20096,5686;44,8;-;33.3;1772.5;;15;;;
4039;1027;1.jpg;Fissazione;7833,315608;340;-;-;-;;;;;
4040;1027;1.jpg;Saccade;18854,25027;25,6;-;20.4;2027.7;;15;;;
4041;1027;1.jpg;Saccade;9319,580445;36;-;20.9;1601.4;;15;;;
4042;1027;1.jpg;Saccade;12620,14702;22,4;-;4.8;240.9;;15;;;
4043;1027;1.jpg;Fissazione;23687,28573;102,4;-;-;-;;;;;
4044;1027;1.jpg;Saccade;1147,34323;29,6;-;1.6;91.3;;15;;;
4045;1027;1.jpg;Fissazione;739,3045699;121,6;-;-;-;;;;;
4046;1027;1.jpg;Saccade;5241,667815;28;-;9.9;806.9;;15;;;
4047;1027;1.jpg;Saccade;8091,052545;42,4;-;18.1;1156.9;;15;;;
4048;1027;1.jpg;Saccade;13196,75955;26,4;-;17.7;1300.4;;15;;;
4049;1027;1.jpg;Saccade;26626,5499;38,4;-;22.4;1287.3;;15;;;
4050;1027;1.jpg;Fissazione;27029,20512;128;-;-;-;;;;;
4051;1027;1.jpg;Saccade;10561,93358;48,8;-;32.6;1876.7;;15;;;
4052;1027;1.jpg;Saccade;2407,675367;32;-;10.6;1054.0;;15;;;
4053;1027;1.jpg;Saccade;18902,8508;52,8;-;3.4;109.8;;15;;;
4054;1027;1.jpg;Saccade;7315,242567;22,4;-;3.9;267.1;;15;;;
4055;1027;1.jpg;Saccade;18936,50041;28,8;-;8.1;517.1;;15;;;
4056;1027;1.jpg;Saccade;26318,905;32;-;1.5;89.0;;15;;;
4057;1027;1.jpg;Fissazione;12852,65658;148,8;-;-;-;;;;;
4058;1027;1.jpg;Saccade;7915,27002;45,6;-;17.4;954.0;;15;;;
4059;1027;1.jpg;Saccade;464,5579239;34,4;-;14.4;1205.6;;15;;;
4060;1027;1.jpg;Saccade;22185,14734;22,4;-;4.0;197.1;;15;;;
4061;1027;1.jpg;Saccade;7169,153836;22,4;-;7.8;672.6;;15;;;
4062;1027;1.jpg;Saccade;11004,31309;32,8;-;16.6;1277.4;;15;;;
4063;1027;1.jpg;Saccade;6817,049719;50,4;-;20.7;1398.1;;15;;;
4064;1027;1.jpg;Saccade;6188,207562;67,2;-;17.3;833.4;;15;;;
4065;1027;1.jpg;Saccade;10960,12996;24;-;12.9;1275.2;;15;;;
4066;1027;1.jpg;Fissazione;11637,95848;264,8;-;-;-;;;;;
4067;1027;1.jpg;Saccade;5020,188314;25,6;-;9.4;575.7;;15;;;
4068;1027;1.jpg;Fissazione;8368,427415;352;-;-;-;;;;;
4069;1027;1.jpg;Saccade;2287,966148;51,2;-;1.4;40.7;;15;;;
4070;1027;1.jpg;Fissazione;6689,129915;369,6;-;-;-;;;;;
4071;1027;1.jpg;Saccade;10957,65546;39,2;-;23.4;1505.0;;15;;;
4072;1027;1.jpg;Saccade;7917,032251;32,8;-;1.1;79.5;;15;;;
4073;1027;1.jpg;Saccade;9749,087225;75,2;-;70.9;2061.7;;15;;;
4074;1027;1.jpg;Fissazione;1555,726906;117,6;-;-;-;;;;;
4075;1027;1.jpg;Saccade;15580,28619;35,2;-;15.5;935.0;;15;;;
4076;1027;1.jpg;Saccade;6462,614353;30,4;-;26.5;1699.7;;15;;;
4077;1027;1.jpg;Saccade;29259,69767;52;-;19.6;1348.3;;15;;;
4078;1027;1.jpg;Fissazione;4027,716687;1036;-;-;-;;;;;
4079;1027;1.jpg;Fissazione;20473,35729;140;-;-;-;;;;;
4080;1027;1.jpg;Fissazione;12559,498;101,6;-;-;-;;;;;
4081;1027;1.jpg;Saccade;3925,342998;25,6;-;9.9;723.3;;15;;;
4082;1027;1.jpg;Saccade;21923,66591;28;-;7.5;664.5;;15;;;
4083;1027;1.jpg;Saccade;15097,98837;24;-;7.6;557.5;;15;;;
4084;1027;1.jpg;Saccade;12386,68098;39,2;-;23.0;1652.6;;15;;;
4085;1027;1.jpg;Saccade;13628,50262;44;-;1.4;68.0;;15;;;
4086;1027;1.jpg;Saccade;2717,515027;32,8;-;14.3;1019.5;;15;;;
4087;1027;1.jpg;Saccade;20598,17912;23,2;-;9.5;976.9;;15;;;
4088;1027;1.jpg;Saccade;17833,89211;51,2;-;4.5;153.7;;15;;;
4089;1027;1.jpg;Saccade;26223,51431;32;-;3.3;108.3;;15;;;
4090;1027;1.jpg;Saccade;20476,49076;24;-;6.9;707.3;;15;;;
4091;1027;1.jpg;Saccade;22128,79362;43,2;-;7.3;404.4;;15;;;
4092;1027;1.jpg;Saccade;7497,342145;32,8;-;9.9;587.8;;15;;;
4093;1027;1.jpg;Saccade;9397,555507;24;-;3.7;346.5;;15;;;
4094;1027;1.jpg;Saccade;11705,10345;28,8;-;8.8;565.7;;15;;;
4095;1027;1.jpg;Saccade;18154,28296;36,8;-;15.2;699.5;;15;;;
4096;1027;1.jpg;Saccade;33500,79494;40;-;14.9;1083.8;;15;;;
4097;1027;1.jpg;Saccade;8544,027137;30,4;-;14.6;1012.8;;15;;;
4098;1027;1.jpg;Saccade;1817,798546;42,4;-;1.5;65.7;;15;;;
4099;1027;1.jpg;Fissazione;3167,593197;81,6;-;-;-;;;;;
4100;1027;1.jpg;Saccade;20415,29944;22,4;-;7.7;692.6;;15;;;
4101;1027;1.jpg;Saccade;5073,594097;22,4;-;6.6;569.1;;15;;;
4102;1027;1.jpg;Saccade;12645,42649;39,2;-;23.5;1731.4;;15;;;
4103;1027;1.jpg;Saccade;13373,31735;58,4;-;8.2;378.7;;15;;;
4104;1027;1.jpg;Saccade;2471,345527;36;-;32.4;2009.2;;15;;;
4105;1027;1.jpg;Saccade;5619,958435;25,6;-;12.4;705.1;;15;;;
4106;1027;1.jpg;Saccade;1788,00121;39,2;-;7.9;536.1;;15;;;
4107;1027;1.jpg;Saccade;30714,9378;29,6;-;6.8;506.7;;15;;;
4108;1027;1.jpg;Saccade;941,4582686;54,4;-;16.9;1056.0;;15;;;
4109;1027;1.jpg;Saccade;8995,295264;32,8;-;21.7;1388.6;;15;;;
4110;1027;1.jpg;Saccade;12745,06917;29,6;-;21.5;1887.2;;15;;;
4111;1027;1.jpg;Saccade;13335,7612;59,2;-;22.9;1454.1;;15;;;
4112;1027;1.jpg;Saccade;9138,782483;53,6;-;24.1;1367.1;;15;;;
4113;1027;1.jpg;Fissazione;1131,040112;215,2;-;-;-;;;;;
4114;1027;1.jpg;Saccade;6326,247048;58,4;-;26.1;1165.6;;15;;;
4115;1027;1.jpg;Saccade;10612,9011;22,4;-;10.2;968.7;;15;;;
4116;1027;1.jpg;Saccade;5148,991039;23,2;-;13.2;721.6;;15;;;
4117;1027;1.jpg;Saccade;28222,14345;26,4;-;11.5;1098.9;;15;;;
4118;1027;1.jpg;Fissazione;1807,567931;460,8;-;-;-;;;;;
4119;1027;1.jpg;Saccade;13166,99805;25,6;-;6.3;627.6;;15;;;
4120;1027;2.jpg;Fissazione;737,1693576;121,6;-;-;-;;;;;
4121;1027;2.jpg;Saccade;19143,43674;24;-;0.9;73.8;;15;;;
4122;1027;2.jpg;Fissazione;1097,054353;215,2;-;-;-;;;;;
4123;1027;2.jpg;Saccade;2800,398816;32,8;-;14.3;1019.5;;15;;;
4124;1027;2.jpg;Saccade;8963,383261;32,8;-;9.9;587.8;;15;;;
4125;1027;2.jpg;Saccade;12853,29746;59,2;-;22.9;1454.1;;15;;;
4126;1027;2.jpg;Saccade;6031,496098;22,4;-;6.6;569.1;;15;;;
4127;1027;2.jpg;Saccade;949,4834784;54,4;-;16.9;1056.0;;15;;;
4128;1027;2.jpg;Fissazione;30145,66333;175,2;-;-;-;;;;;
4129;1027;2.jpg;Saccade;5122,899061;28;-;9.9;806.9;;15;;;
4130;1027;2.jpg;Saccade;11365,46271;28,8;-;8.8;565.7;;15;;;
4131;1027;2.jpg;Fissazione;18416,59618;128;-;-;-;;;;;
4132;1027;2.jpg;Saccade;12543,98882;23,2;-;7.2;613.7;;15;;;
4133;1027;2.jpg;Saccade;17061,55393;28,8;-;8.1;517.1;;15;;;
4134;1027;2.jpg;Fissazione;1356,000945;117,6;-;-;-;;;;;
4135;1027;2.jpg;Saccade;12841,60737;44;-;1.4;68.0;;15;;;
4136;1027;2.jpg;Fissazione;6229,305343;154,4;-;-;-;;;;;
4137;1027;2.jpg;Fissazione;6593,041189;658,4;-;-;-;;;;;
4138;1027;2.jpg;Saccade;32336,34516;28;-;11.6;884.4;;15;;;
4139;1027;2.jpg;Saccade;9605,394949;36;-;20.9;1601.4;;15;;;
4140;1027;2.jpg;Saccade;3136,031959;27,2;-;7.1;650.4;;15;;;
4141;1027;2.jpg;Saccade;19668,80927;24;-;10.9;1075.9;;15;;;
4142;1027;2.jpg;Fissazione;12220,79189;143,2;-;-;-;;;;;
4143;1027;2.jpg;Saccade;16977,32096;51,2;-;4.5;153.7;;15;;;
4144;1027;2.jpg;Saccade;7674,445332;45,6;-;17.4;954.0;;15;;;
4145;1027;2.jpg;Fissazione;7799,318188;352;-;-;-;;;;;
4146;1027;2.jpg;Saccade;580,7450653;34,4;-;14.4;1205.6;;15;;;
4147;1027;2.jpg;Saccade;23657,49986;32;-;1.5;89.0;;15;;;
4148;1027;2.jpg;Saccade;739,1276861;24;-;6.9;732.0;;15;;;
4149;1027;3.jpg;Saccade;32281,80371;26,4;-;11.5;1098.9;;15;;;
4150;1027;3.jpg;Saccade;960,8690637;54,4;-;16.9;1056.0;;15;;;
4151;1027;3.jpg;Saccade;3207,227941;25,6;-;8.3;601.6;;15;;;
4152;1027;3.jpg;Saccade;9640,092032;59,2;-;23.8;956.2;;15;;;
4153;1027;3.jpg;Saccade;2284,538959;51,2;-;1.4;40.7;;15;;;
4154;1027;3.jpg;Saccade;13057,19549;44;-;1.4;68.0;;15;;;
4155;1027;3.jpg;Saccade;7781,031978;42,4;-;18.1;1156.9;;15;;;
4156;1027;3.jpg;Saccade;29837,16644;27,2;-;12.9;1033.0;;15;;;
4157;1027;3.jpg;Saccade;9871,169142;49,6;-;42.6;2043.6;;15;;;
4158;1027;3.jpg;Saccade;11245,62235;59,2;-;22.9;1454.1;;15;;;
4159;1027;3.jpg;Saccade;19969,27727;44,8;-;2.4;129.0;;15;;;
4160;1027;3.jpg;Saccade;20425,11086;22,4;-;6.8;675.8;;15;;;
4161;1027;3.jpg;Saccade;21882,8112;43,2;-;7.3;404.4;;15;;;
4162;1027;3.jpg;Fissazione;26519,88359;128;-;-;-;;;;;
4163;1027;3.jpg;Fissazione;1712,480201;117,6;-;-;-;;;;;
4164;1027;3.jpg;Saccade;3460,182745;27,2;-;7.1;650.4;;15;;;
4165;1027;3.jpg;Saccade;9429,602893;23,2;-;12.2;973.2;;15;;;
4166;1027;3.jpg;Saccade;19531,96939;28,8;-;8.1;517.1;;15;;;
4167;1027;3.jpg;Fissazione;5626,507432;63,2;-;-;-;;;;;
4168;1028;1.jpg;Fissazione;10857,64363;120,8;-;-;-;;;;;
4169;1028;1.jpg;Saccade;11865,34547;26,4;-;10.3;914.0;;15;;;
4170;1028;1.jpg;Saccade;3154,670138;29,6;-;9.5;631.0;;15;;;
4171;1028;1.jpg;Saccade;11943,49955;92;-;50.7;1483.9;;15;;;
4172;1028;1.jpg;Saccade;24327,97411;22,4;-;4.0;197.1;;15;;;
4173;1028;1.jpg;Fissazione;1236,336406;215,2;-;-;-;;;;;
4174;1028;1.jpg;Saccade;2032,888329;22,4;-;9.3;777.1;;15;;;
4175;1028;1.jpg;Saccade;14985,17663;32;-;1.3;85.3;;15;;;
4176;1028;1.jpg;Saccade;19715,68867;44,8;-;2.4;129.0;;15;;;
4177;1028;1.jpg;Saccade;12208,75239;24;-;12.9;1275.2;;15;;;
4178;1028;1.jpg;Saccade;6758,781512;30,4;-;26.5;1699.7;;15;;;
4179;1028;1.jpg;Saccade;18542,63634;36,8;-;15.2;699.5;;15;;;
4180;1028;1.jpg;Saccade;4542,765875;23,2;-;13.2;721.6;;15;;;
4181;1028;1.jpg;Saccade;30270,87373;28;-;11.6;884.4;;15;;;
4182;1028;1.jpg;Saccade;4877,825823;24;-;11.0;710.5;;15;;;
4183;1028;1.jpg;Saccade;17184,06671;22,4;-;7.7;692.6;;15;;;
4184;1028;1.jpg;Fissazione;22034,62749;102,4;-;-;-;;;;;
4185;1028;1.jpg;Saccade;7027,887063;53,6;-;24.1;1367.1;;15;;;
4186;1028;1.jpg;Saccade;8825,967415;75,2;-;70.9;2061.7;;15;;;
4187;1028;1.jpg;Saccade;18665,13884;24;-;6.9;707.3;;15;;;
4188;1028;1.jpg;Saccade;8981,588266;32,8;-;9.9;587.8;;15;;;
4189;1028;1.jpg;Fissazione;4040,771451;1036;-;-;-;;;;;
4190;1028;1.jpg;Saccade;22958,44568;23,2;-;9.5;976.9;;15;;;
4191;1028;1.jpg;Fissazione;33274,49714;209,6;-;-;-;;;;;
4192;1028;1.jpg;Saccade;875,0376453;54,4;-;16.9;1056.0;;15;;;
4193;1028;1.jpg;Saccade;21486,57426;22,4;-;6.8;675.8;;15;;;
4194;1028;1.jpg;Saccade;10342,24597;29,6;-;15.1;1262.8;;15;;;
4195;1028;1.jpg;Saccade;18790,16544;43,2;-;7.3;404.4;;15;;;
4196;1028;1.jpg;Saccade;20945,55055;51,2;-;4.5;153.7;;15;;;
4197;1028;1.jpg;Saccade;3171,910185;32;-;10.6;1054.0;;15;;;
4198;1028;1.jpg;Saccade;9829,963123;36;-;20.9;1601.4;;15;;;
4199;1028;1.jpg;Saccade;5285,199906;28;-;9.9;806.9;;15;;;
4200;1028;1.jpg;Saccade;26914,29846;26,4;-;11.5;1098.9;;15;;;
4201;1028;1.jpg;Saccade;22821,4302;32;-;1.5;89.0;;15;;;
4202;1028;1.jpg;Saccade;791,7328891;24;-;6.9;732.0;;15;;;
4203;1028;1.jpg;Saccade;31540,45791;40;-;14.9;1083.8;;15;;;
4204;1028;1.jpg;Saccade;6048,869855;50,4;-;20.7;1398.1;;15;;;
4205;1028;1.jpg;Saccade;20797,10595;27,2;-;20.0;1688.6;;15;;;
4206;1028;1.jpg;Saccade;2632,522726;32,8;-;14.3;1019.5;;15;;;
4207;1028;1.jpg;Fissazione;26661,23225;128;-;-;-;;;;;
4208;1028;1.jpg;Fissazione;8319,259903;352;-;-;-;;;;;
4209;1028;1.jpg;Fissazione;26797,69322;175,2;-;-;-;;;;;
4210;1028;1.jpg;Fissazione;602,253062;51,2;-;-;-;;;;;
4211;1028;1.jpg;Fissazione;6137,659579;154,4;-;-;-;;;;;
4212;1028;1.jpg;Saccade;11140,94538;28,8;-;8.8;565.7;;15;;;
4213;1028;1.jpg;Saccade;1797,289038;39,2;-;7.9;536.1;;15;;;
4214;1028;1.jpg;Saccade;3538,642665;25,6;-;8.3;601.6;;15;;;
4215;1028;1.jpg;Saccade;332,3008945;24,8;-;14.7;1053.0;;15;;;
4216;1028;1.jpg;Fissazione;11502,67793;63,2;-;-;-;;;;;
4217;1028;1.jpg;Saccade;8454,411458;27,2;-;10.6;755.5;;15;;;
4218;1028;1.jpg;Saccade;14061,94002;35,2;-;15.5;935.0;;15;;;
4219;1028;1.jpg;Saccade;25599,00076;24;-;8.4;573.9;;15;;;
4220;1028;1.jpg;Saccade;3609,338389;27,2;-;7.1;650.4;;15;;;
4221;1028;1.jpg;Fissazione;785,4932453;121,6;-;-;-;;;;;
4222;1028;1.jpg;Fissazione;7616,80245;658,4;-;-;-;;;;;
4223;1028;1.jpg;Fissazione;5713,769869;63,2;-;-;-;;;;;
4224;1028;1.jpg;Saccade;10047,37088;39,2;-;23.4;1505.0;;15;;;
4225;1028;1.jpg;Saccade;7016,121968;32,8;-;1.1;79.5;;15;;;
4226;1028;1.jpg;Saccade;23845,73307;31,2;-;11.8;1263.2;;15;;;
4227;1028;1.jpg;Saccade;4673,905918;25,6;-;9.4;575.7;;15;;;
4228;1028;1.jpg;Saccade;25600,34165;29,6;-;6.8;506.7;;15;;;
4229;1028;1.jpg;Saccade;27923,65232;23,2;-;21.2;1938.5;;15;;;
4230;1028;1.jpg;Saccade;17904,76931;28,8;-;21.8;2131.8;;15;;;
4231;1028;1.jpg;Saccade;10227,14773;22,4;-;10.2;968.7;;15;;;
4232;1028;1.jpg;Fissazione;3195,768628;81,6;-;-;-;;;;;
4233;1028;1.jpg;Saccade;6576,806004;41,6;-;15.7;878.6;;15;;;
4234;1028;1.jpg;Saccade;1729,542014;42,4;-;1.5;65.7;;15;;;
4235;1028;1.jpg;Saccade;2349,623885;25,6;-;6.8;495.1;;15;;;
4236;1028;1.jpg;Saccade;10774,24344;39,2;-;23.0;1652.6;;15;;;
4237;1028;1.jpg;Saccade;27685,00412;45,6;-;11.7;623.4;;15;;;
4238;1028;1.jpg;Saccade;5890,050246;67,2;-;17.3;833.4;;15;;;
4239;1028;1.jpg;Saccade;11151,3333;23,2;-;7.2;613.7;;15;;;
4240;1028;1.jpg;Saccade;14988,14963;39,2;-;23.5;1731.4;;15;;;
4241;1028;1.jpg;Saccade;18338,57841;28,8;-;8.1;517.1;;15;;;
4242;1028;1.jpg;Fissazione;13397,79709;166,4;-;-;-;;;;;
4243;1028;1.jpg;Saccade;10193,99621;48,8;-;32.6;1876.7;;15;;;
4244;1028;1.jpg;Saccade;3329,088697;63,2;-;23.3;1289.9;;15;;;
4245;1028;1.jpg;Fissazione;13351,61904;91,2;-;-;-;;;;;
4246;1028;1.jpg;Fissazione;6494,637666;369,6;-;-;-;;;;;
4247;1028;1.jpg;Fissazione;7317,471163;340;-;-;-;;;;;
4248;1028;1.jpg;Saccade;7572,413745;28;-;9.0;675.6;;15;;;
4249;1028;1.jpg;Saccade;33573,94847;51,2;-;5.2;293.5;;15;;;
4250;1028;1.jpg;Saccade;12727,07923;25,6;-;6.3;627.6;;15;;;
4251;1028;1.jpg;Saccade;2223,708561;51,2;-;1.4;40.7;;15;;;
4252;1028;1.jpg;Saccade;8253,467192;58,4;-;26.1;1165.6;;15;;;
4253;1028;1.jpg;Saccade;7615,660578;29,6;-;12.2;951.2;;15;;;
4254;1028;1.jpg;Saccade;17116,86553;24;-;0.9;73.8;;15;;;
4255;1028;1.jpg;Saccade;8153,070182;59,2;-;23.8;956.2;;15;;;
4256;1028;1.jpg;Saccade;725,2526052;44;-;6.0;368.7;;15;;;
4257;1028;1.jpg;Fissazione;31411,99353;818,4;-;-;-;;;;;
4258;1028;1.jpg;Saccade;443,4691659;34,4;-;14.4;1205.6;;15;;;
4259;1028;1.jpg;Saccade;4857,334847;25,6;-;9.9;723.3;;15;;;
4260;1028;1.jpg;Fissazione;8578,622952;203,2;-;-;-;;;;;
4261;1028;1.jpg;Saccade;14609,16858;59,2;-;22.9;1454.1;;15;;;
4262;1028;1.jpg;Fissazione;18709,03977;112;-;-;-;;;;;
4263;1028;1.jpg;Saccade;14304,9075;87,2;-;55.5;1952.3;;15;;;
4264;1028;1.jpg;Saccade;2540,153412;36;-;32.4;2009.2;;15;;;
4265;1028;1.jpg;Saccade;7409,439183;22,4;-;3.9;267.1;;15;;;
4266;1028;1.jpg;Saccade;7536,23642;42,4;-;18.1;1156.9;;15;;;
4267;1028;1.jpg;Saccade;26142,86811;32;-;3.3;108.3;;15;;;
4268;1028;1.jpg;Saccade;27614,72696;27,2;-;12.9;1033.0;;15;;;
4269;1028;1.jpg;Fissazione;1825,005549;460,8;-;-;-;;;;;
4270;1028;1.jpg;Fissazione;19508,8174;128;-;-;-;;;;;
4271;1028;1.jpg;Saccade;11718,96407;29,6;-;21.5;1887.2;;15;;;
4272;1028;1.jpg;Fissazione;13955,80268;101,6;-;-;-;;;;;
4273;1028;1.jpg;Saccade;17794,94333;28;-;7.5;664.5;;15;;;
4274;1028;1.jpg;Saccade;8412,238329;30,4;-;14.6;1012.8;;15;;;
4275;1028;1.jpg;Saccade;7974,607539;23,2;-;12.2;973.2;;15;;;
4276;1028;1.jpg;Saccade;1345,900187;29,6;-;1.6;91.3;;15;;;
4277;1028;1.jpg;Saccade;9202,413064;32,8;-;21.7;1388.6;;15;;;
4278;1028;1.jpg;Fissazione;13731,20031;257,6;-;-;-;;;;;
4279;1028;1.jpg;Fissazione;18085,73415;294,4;-;-;-;;;;;
4280;1028;1.jpg;Saccade;543,2247457;45,6;-;14.9;887.0;;15;;;
4281;1028;1.jpg;Saccade;10920,82469;32,8;-;13.3;1072.5;;15;;;
4282;1028;1.jpg;Saccade;10474,17446;32,8;-;16.6;1277.4;;15;;;
4283;1028;1.jpg;Saccade;20477,78258;22,4;-;6.1;396.4;;15;;;
4284;1028;2.jpg;Saccade;5915,836531;22,4;-;3.9;267.1;;15;;;
4285;1028;2.jpg;Fissazione;2869,651883;81,6;-;-;-;;;;;
4286;1028;2.jpg;Saccade;7834,318139;45,6;-;17.4;954.0;;15;;;
4287;1028;2.jpg;Saccade;21730,5601;52,8;-;3.4;109.8;;15;;;
4288;1028;2.jpg;Saccade;17463,73424;28,8;-;8.1;517.1;;15;;;
4289;1028;2.jpg;Saccade;1950,197513;22,4;-;9.3;777.1;;15;;;
4290;1028;2.jpg;Saccade;6198,788855;58,4;-;26.1;1165.6;;15;;;
4291;1028;2.jpg;Saccade;8680,075107;32,8;-;16.6;1277.4;;15;;;
4292;1028;2.jpg;Saccade;2442,927115;51,2;-;1.4;40.7;;15;;;
4293;1028;2.jpg;Saccade;7604,974153;60,8;-;20.7;1330.6;;15;;;
4294;1028;2.jpg;Saccade;12558,85524;32;-;1.3;85.3;;15;;;
4295;1028;2.jpg;Saccade;18563,05833;51,2;-;4.5;153.7;;15;;;
4296;1028;2.jpg;Saccade;19648,0469;24;-;10.9;1075.9;;15;;;
4297;1028;2.jpg;Saccade;6451,754384;30,4;-;14.6;1012.8;;15;;;
4298;1028;2.jpg;Saccade;9352,984698;29,6;-;12.2;951.2;;15;;;
4299;1028;2.jpg;Saccade;12686,0106;26,4;-;10.3;914.0;;15;;;
4300;1028;2.jpg;Fissazione;18470,39675;128;-;-;-;;;;;
4301;1028;2.jpg;Saccade;16523,4551;22,4;-;7.7;692.6;;15;;;
4302;1028;2.jpg;Saccade;30190,42373;90,4;-;4.4;148.5;;15;;;
4303;1028;2.jpg;Fissazione;11361,65313;63,2;-;-;-;;;;;
4304;1028;2.jpg;Saccade;24739,86381;27,2;-;20.0;1688.6;;15;;;
4305;1028;2.jpg;Saccade;17629,74516;28;-;7.5;664.5;;15;;;
4306;1028;2.jpg;Fissazione;12799,10616;143,2;-;-;-;;;;;
4307;1028;2.jpg;Saccade;3974,887912;25,6;-;9.9;723.3;;15;;;
4308;1028;2.jpg;Saccade;26731,81226;31,2;-;11.8;1263.2;;15;;;
4309;1028;2.jpg;Saccade;6858,094866;50,4;-;20.7;1398.1;;15;;;
4310;1028;2.jpg;Saccade;12602,81773;58,4;-;8.2;378.7;;15;;;
4311;1028;2.jpg;Saccade;9392,450708;26,4;-;17.7;1300.4;;15;;;
4312;1028;2.jpg;Saccade;981,9010412;54,4;-;16.9;1056.0;;15;;;
4313;1028;2.jpg;Saccade;5190,782201;25,6;-;9.4;575.7;;15;;;
4314;1028;2.jpg;Saccade;6501,037503;24,8;-;10.3;1190.2;;15;;;
4315;1028;2.jpg;Saccade;3953,222619;25,6;-;8.3;601.6;;15;;;
4316;1028;2.jpg;Saccade;1254,889657;29,6;-;1.6;91.3;;15;;;
4317;1028;2.jpg;Saccade;6766,264134;28;-;9.0;675.6;;15;;;
4318;1028;2.jpg;Fissazione;11354,24068;101,6;-;-;-;;;;;
4319;1028;2.jpg;Saccade;7124,441423;28,8;-;15.6;1161.7;;15;;;
4320;1028;2.jpg;Fissazione;8966,385002;352;-;-;-;;;;;
4321;1028;2.jpg;Saccade;13014,30231;24;-;7.6;557.5;;15;;;
4322;1028;2.jpg;Fissazione;12346,13565;360,8;-;-;-;;;;;
4323;1028;2.jpg;Fissazione;14513,75843;148,8;-;-;-;;;;;
4324;1028;2.jpg;Saccade;3291,572299;29,6;-;9.5;631.0;;15;;;
4325;1028;2.jpg;Saccade;19714,87907;22,4;-;6.1;396.4;;15;;;
4326;1028;2.jpg;Saccade;8258,673678;32,8;-;21.7;1388.6;;15;;;
4327;1028;2.jpg;Saccade;8935,036513;32,8;-;1.1;79.5;;15;;;
4328;1028;2.jpg;Saccade;12475,0888;92;-;50.7;1483.9;;15;;;
4329;1028;2.jpg;Saccade;19243,1965;44,8;-;2.4;129.0;;15;;;
4330;1028;2.jpg;Saccade;10203,5533;59,2;-;23.8;956.2;;15;;;
4331;1028;3.jpg;Saccade;6527,743812;28,8;-;15.6;1161.7;;15;;;
4332;1028;3.jpg;Saccade;14699,41967;87,2;-;55.5;1952.3;;15;;;
4333;1028;3.jpg;Saccade;26713,00168;32;-;1.5;89.0;;15;;;
4334;1028;3.jpg;Saccade;686,1008518;44;-;6.0;368.7;;15;;;
4335;1028;3.jpg;Saccade;19081,29555;22,4;-;6.8;675.8;;15;;;
4336;1028;3.jpg;Saccade;1881,148536;39,2;-;7.9;536.1;;15;;;
4337;1028;3.jpg;Saccade;17961,88598;44,8;-;2.4;129.0;;15;;;
4338;1028;3.jpg;Fissazione;25552,19433;128;-;-;-;;;;;
4339;1028;3.jpg;Saccade;18851,01627;22,4;-;7.7;692.6;;15;;;
4340;1028;3.jpg;Saccade;1519,202535;49,6;-;5.3;207.5;;15;;;
4341;1028;3.jpg;Saccade;8040,193934;39,2;-;23.0;1652.6;;15;;;
4342;1028;3.jpg;Saccade;3594,392907;27,2;-;7.1;650.4;;15;;;
4343;1028;3.jpg;Fissazione;1189,429525;215,2;-;-;-;;;;;
4344;1028;3.jpg;Saccade;14754,94555;44;-;1.4;68.0;;15;;;
4345;1028;3.jpg;Saccade;1409,372805;29,6;-;1.6;91.3;;15;;;
4346;1028;3.jpg;Fissazione;12664,27915;166,4;-;-;-;;;;;
4347;1028;3.jpg;Fissazione;13088,94691;148,8;-;-;-;;;;;
4348;1028;3.jpg;Saccade;17020,11454;24;-;6.9;707.3;;15;;;
4349;1028;3.jpg;Saccade;893,0288096;24;-;6.9;732.0;;15;;;
4350;1028;3.jpg;Fissazione;28013,6594;818,4;-;-;-;;;;;
4351;1028;3.jpg;Saccade;30475,28144;31,2;-;11.8;1263.2;;15;;;
4352;1028;3.jpg;Saccade;29038,43399;27,2;-;12.9;1033.0;;15;;;
4353;1028;3.jpg;Saccade;7623,83804;23,2;-;12.2;973.2;;15;;;
4354;1028;3.jpg;Saccade;5088,478746;41,6;-;15.7;878.6;;15;;;
4355;1028;3.jpg;Saccade;2656,592995;36;-;32.4;2009.2;;15;;;
4356;1028;3.jpg;Saccade;10527,34453;28,8;-;8.8;565.7;;15;;;
4357;1028;3.jpg;Saccade;14239,86539;39,2;-;23.5;1731.4;;15;;;
4358;1028;3.jpg;Saccade;11603,41302;48,8;-;32.6;1876.7;;15;;;
4359;1028;3.jpg;Saccade;8802,323033;42,4;-;18.1;1156.9;;15;;;
4360;1029;1.jpg;Saccade;6206,194601;67,2;-;17.3;833.4;;5;;;
4361;1029;1.jpg;Saccade;21370,16788;44,8;-;33.3;1772.5;;5;;;
4362;1029;1.jpg;Saccade;11531,61286;44;-;1.4;68.0;;5;;;
4363;1029;1.jpg;Saccade;26539,08029;31,2;-;11.8;1263.2;;5;;;
4364;1029;1.jpg;Fissazione;31236,02599;209,6;-;-;-;;;;;
4365;1029;1.jpg;Fissazione;35894,64472;175,2;-;-;-;;;;;
4366;1029;1.jpg;Saccade;21823,87904;24;-;8.4;573.9;;5;;;
4367;1029;1.jpg;Saccade;26724,74229;22,4;-;4.0;197.1;;5;;;
4368;1029;1.jpg;Saccade;20525,41048;28,8;-;21.8;2131.8;;5;;;
4369;1029;1.jpg;Fissazione;21436,06024;140;-;-;-;;;;;
4370;1029;1.jpg;Saccade;10978,2969;26,4;-;17.7;1300.4;;5;;;
4371;1029;1.jpg;Saccade;2528,386426;22,4;-;9.3;777.1;;5;;;
4372;1029;1.jpg;Saccade;31342,81655;40;-;14.9;1083.8;;5;;;
4373;1029;1.jpg;Saccade;16429,9161;87,2;-;55.5;1952.3;;5;;;
4374;1029;1.jpg;Fissazione;11929,38291;360,8;-;-;-;;;;;
4375;1029;1.jpg;Saccade;26291,27138;29,6;-;6.8;506.7;;5;;;
4376;1029;1.jpg;Saccade;13100,59994;39,2;-;23.5;1731.4;;5;;;
4377;1029;1.jpg;Saccade;6571,390554;62,4;-;19.5;1628.1;;5;;;
4378;1029;1.jpg;Saccade;762,8184949;24;-;6.9;732.0;;5;;;
4379;1029;1.jpg;Fissazione;19565,04497;128;-;-;-;;;;;
4380;1029;1.jpg;Saccade;713,3824634;44;-;6.0;368.7;;5;;;
4381;1029;1.jpg;Saccade;12400,65954;29,6;-;21.5;1887.2;;5;;;
4382;1029;1.jpg;Saccade;1482,823001;42,4;-;1.5;65.7;;5;;;
4383;1029;1.jpg;Saccade;8103,882632;49,6;-;42.6;2043.6;;5;;;
4384;1029;1.jpg;Saccade;28113,06607;27,2;-;12.9;1033.0;;5;;;
4385;1029;1.jpg;Saccade;7794,336675;45,6;-;17.4;954.0;;5;;;
4386;1029;1.jpg;Saccade;5425,769462;41,6;-;15.7;878.6;;5;;;
4387;1029;1.jpg;Saccade;20478,62335;22,4;-;6.8;675.8;;5;;;
4388;1029;1.jpg;Saccade;11869,82486;48,8;-;32.6;1876.7;;5;;;
4389;1029;1.jpg;Saccade;17841,17728;24;-;6.9;707.3;;5;;;
4390;1029;1.jpg;Saccade;8722,155999;27,2;-;10.6;755.5;;5;;;
4391;1029;1.jpg;Fissazione;1155,415844;215,2;-;-;-;;;;;
4392;1029;1.jpg;Fissazione;14384,10476;166,4;-;-;-;;;;;
4393;1029;1.jpg;Fissazione;4986,056564;63,2;-;-;-;;;;;
4394;1029;1.jpg;Saccade;5747,910095;22,4;-;6.6;569.1;;5;;;
4395;1029;1.jpg;Saccade;27812,80826;32;-;3.3;108.3;;5;;;
4396;1029;1.jpg;Saccade;7278,991918;22,4;-;3.9;267.1;;5;;;
4397;1029;1.jpg;Fissazione;3175,353865;81,6;-;-;-;;;;;
4398;1029;1.jpg;Fissazione;23016,83557;294,4;-;-;-;;;;;
4399;1029;1.jpg;Saccade;3251,674845;27,2;-;7.1;650.4;;5;;;
4400;1029;1.jpg;Saccade;20820,50517;24;-;0.9;73.8;;5;;;
4401;1029;1.jpg;Saccade;9499,279416;29,6;-;12.2;951.2;;5;;;
4402;1029;1.jpg;Saccade;6501,838549;22,4;-;7.8;672.6;;5;;;
4403;1029;1.jpg;Saccade;25685,03184;51,2;-;5.2;293.5;;5;;;
4404;1029;1.jpg;Saccade;19837,00672;44,8;-;2.4;129.0;;5;;;
4405;1029;1.jpg;Saccade;11389,99748;22,4;-;4.8;240.9;;5;;;
4406;1029;1.jpg;Fissazione;739,1108657;121,6;-;-;-;;;;;
4407;1029;1.jpg;Saccade;2808,630616;63,2;-;23.3;1289.9;;5;;;
4408;1029;1.jpg;Saccade;5758,729004;28;-;9.9;806.9;;5;;;
4409;1029;1.jpg;Fissazione;12339,72754;63,2;-;-;-;;;;;
4410;1029;1.jpg;Fissazione;13544,30057;120,8;-;-;-;;;;;
4411;1029;1.jpg;Saccade;24243,84903;23,2;-;21.2;1938.5;;5;;;
4412;1029;1.jpg;Fissazione;7453,31828;658,4;-;-;-;;;;;
4413;1029;1.jpg;Saccade;15355,44473;24,8;-;16.3;1662.5;;5;;;
4414;1029;1.jpg;Saccade;9459,094599;32,8;-;9.0;642.7;;5;;;
4415;1029;1.jpg;Saccade;20628,34537;51,2;-;4.5;153.7;;5;;;
4416;1029;1.jpg;Saccade;2904,809266;32;-;10.6;1054.0;;5;;;
4417;1029;1.jpg;Saccade;8233,439133;32,8;-;21.7;1388.6;;5;;;
4418;1029;1.jpg;Saccade;510,779363;34,4;-;14.4;1205.6;;5;;;
4419;1029;1.jpg;Saccade;5670,593469;24;-;11.0;710.5;;5;;;
4420;1029;1.jpg;Saccade;14492,45601;92;-;50.7;1483.9;;5;;;
4421;1029;1.jpg;Saccade;20424,02614;43,2;-;7.3;404.4;;5;;;
4422;1029;1.jpg;Saccade;21355,74167;24;-;10.9;1075.9;;5;;;
4423;1029;1.jpg;Saccade;8696,573782;42,4;-;18.1;1156.9;;5;;;
4424;1029;1.jpg;Saccade;11475,41415;32,8;-;16.6;1277.4;;5;;;
4425;1029;1.jpg;Saccade;23261,7719;27,2;-;20.0;1688.6;;5;;;
4426;1029;1.jpg;Saccade;2054,047868;51,2;-;1.4;40.7;;5;;;
4427;1029;1.jpg;Saccade;10685,60574;32,8;-;13.3;1072.5;;5;;;
4428;1029;1.jpg;Fissazione;12669,8339;91,2;-;-;-;;;;;
4429;1029;1.jpg;Saccade;6061,394162;70,4;-;25.2;977.4;;5;;;
4430;1029;1.jpg;Fissazione;4810,59432;1036;-;-;-;;;;;
4431;1029;1.jpg;Saccade;2559,771786;36;-;32.4;2009.2;;5;;;
4432;1029;1.jpg;Saccade;1694,719431;49,6;-;5.3;207.5;;5;;;
4433;1029;1.jpg;Saccade;12840,64644;25,6;-;6.3;627.6;;5;;;
4434;1029;1.jpg;Saccade;11919,06057;59,2;-;22.9;1454.1;;5;;;
4435;1029;1.jpg;Fissazione;18880,65547;112;-;-;-;;;;;
4436;1029;1.jpg;Saccade;7128,44068;50,4;-;20.7;1398.1;;5;;;
4437;1029;1.jpg;Saccade;2954,375053;32,8;-;14.3;1019.5;;5;;;
4438;1029;1.jpg;Saccade;12230,46447;24;-;12.9;1275.2;;5;;;
4439;1029;1.jpg;Saccade;4623,087516;25,6;-;9.9;723.3;;5;;;
4440;1029;1.jpg;Saccade;12937,5843;24;-;7.6;557.5;;5;;;
4441;1029;1.jpg;Saccade;5066,270509;28;-;9.0;675.6;;5;;;
4442;1029;1.jpg;Saccade;29394,9367;28;-;11.6;884.4;;5;;;
4443;1029;1.jpg;Saccade;31147,97185;26,4;-;11.5;1098.9;;5;;;
4444;1029;1.jpg;Fissazione;14876,34283;148,8;-;-;-;;;;;
4445;1029;1.jpg;Saccade;7458,190359;30,4;-;14.6;1012.8;;5;;;
4446;1029;1.jpg;Saccade;13652,22478;35,2;-;15.5;935.0;;5;;;
4447;1029;1.jpg;Saccade;13450,92891;28;-;6.9;637.2;;5;;;
4448;1029;1.jpg;Saccade;2671,961185;25,6;-;6.8;495.1;;5;;;
4449;1029;1.jpg;Saccade;343,280986;24,8;-;14.7;1053.0;;5;;;
4450;1029;1.jpg;Saccade;17023,94775;36,8;-;15.2;699.5;;5;;;
4451;1029;1.jpg;Saccade;8487,842212;32,8;-;1.1;79.5;;5;;;
4452;1029;1.jpg;Saccade;8274,704443;24;-;3.7;346.5;;5;;;
4453;1029;1.jpg;Fissazione;14416,97443;257,6;-;-;-;;;;;
4454;1029;1.jpg;Fissazione;13291,6633;101,6;-;-;-;;;;;
4455;1029;1.jpg;Saccade;12544,70475;58,4;-;8.2;378.7;;5;;;
4456;1029;1.jpg;Saccade;9401,700071;23,2;-;12.2;973.2;;5;;;
4457;1029;1.jpg;Fissazione;6403,281893;154,4;-;-;-;;;;;
4458;1029;1.jpg;Saccade;7125,030432;58,4;-;20.8;1006.5;;5;;;
4459;1029;1.jpg;Saccade;28146,24439;45,6;-;11.7;623.4;;5;;;
4460;1029;1.jpg;Saccade;19119,16421;28;-;7.5;664.5;;5;;;
4461;1029;1.jpg;Saccade;13374,2168;32;-;1.3;85.3;;5;;;
4462;1029;1.jpg;Saccade;17677,58201;22,4;-;6.1;396.4;;5;;;
4463;1029;1.jpg;Saccade;6258,47975;24,8;-;10.3;1190.2;;5;;;
4464;1029;2.jpg;Saccade;19398,36542;28,8;-;21.8;2131.8;;5;;;
4465;1029;2.jpg;Saccade;14539,02668;87,2;-;55.5;1952.3;;5;;;
4466;1029;2.jpg;Fissazione;6845,027763;658,4;-;-;-;;;;;
4467;1029;2.jpg;Saccade;13235,54953;59,2;-;22.9;1454.1;;5;;;
4468;1029;2.jpg;Saccade;16106,79688;22,4;-;6.1;396.4;;5;;;
4469;1029;2.jpg;Fissazione;11855,56723;264,8;-;-;-;;;;;
4470;1029;2.jpg;Fissazione;1221,358448;215,2;-;-;-;;;;;
4471;1029;2.jpg;Saccade;8259,018763;23,2;-;12.2;973.2;;5;;;
4472;1029;2.jpg;Saccade;633,301782;44;-;6.0;368.7;;5;;;
4473;1029;2.jpg;Saccade;17624,72806;36,8;-;15.2;699.5;;5;;;
4474;1029;2.jpg;Saccade;7506,558323;22,4;-;3.9;267.1;;5;;;
4475;1029;2.jpg;Saccade;5455,63008;24,8;-;10.3;1190.2;;5;;;
4476;1029;2.jpg;Saccade;6472,533255;58,4;-;26.1;1165.6;;5;;;
4477;1029;2.jpg;Saccade;7341,734816;50,4;-;20.7;1398.1;;5;;;
4478;1029;2.jpg;Fissazione;14972,90033;148,8;-;-;-;;;;;
4479;1029;2.jpg;Saccade;11949,27713;26,4;-;10.3;914.0;;5;;;
4480;1029;2.jpg;Fissazione;7185,323947;340;-;-;-;;;;;
4481;1029;2.jpg;Fissazione;32929,81476;818,4;-;-;-;;;;;
4482;1029;2.jpg;Saccade;33010,90411;26,4;-;11.5;1098.9;;5;;;
4483;1029;2.jpg;Saccade;11963,70494;26,4;-;17.7;1300.4;;5;;;
4484;1029;2.jpg;Saccade;10854,96857;49,6;-;42.6;2043.6;;5;;;
4485;1029;2.jpg;Saccade;6450,396111;45,6;-;17.4;954.0;;5;;;
4486;1029;2.jpg;Fissazione;18053,01543;140;-;-;-;;;;;
4487;1029;2.jpg;Saccade;12063,60531;28;-;6.9;637.2;;5;;;
4488;1029;2.jpg;Saccade;3404,427878;25,6;-;8.3;601.6;;5;;;
4489;1029;2.jpg;Saccade;13618,0633;92;-;50.7;1483.9;;5;;;
4490;1029;2.jpg;Saccade;13195,71149;39,2;-;23.5;1731.4;;5;;;
4491;1029;2.jpg;Saccade;25757,55237;24;-;8.4;573.9;;5;;;
4492;1029;2.jpg;Saccade;7043,027728;28,8;-;15.6;1161.7;;5;;;
4493;1029;2.jpg;Saccade;11043,51187;48,8;-;32.6;1876.7;;5;;;
4494;1029;2.jpg;Fissazione;675,0371832;51,2;-;-;-;;;;;
4495;1029;2.jpg;Fissazione;6616,221996;154,4;-;-;-;;;;;
4496;1029;2.jpg;Saccade;21011,3936;44,8;-;33.3;1772.5;;5;;;
4497;1029;2.jpg;Saccade;25591,7954;32;-;1.5;89.0;;5;;;
4498;1029;3.jpg;Saccade;8587,983262;23,2;-;12.2;973.2;;5;;;
4499;1029;3.jpg;Saccade;9122,980878;48,8;-;32.6;1876.7;;5;;;
4500;1029;3.jpg;Saccade;13545,21951;32,8;-;13.3;1072.5;;5;;;
4501;1029;3.jpg;Saccade;22689,63958;44;-;19.1;1329.9;;5;;;
4502;1029;3.jpg;Saccade;14837,46819;92;-;50.7;1483.9;;5;;;
4503;1029;3.jpg;Saccade;18241,92975;28;-;7.5;664.5;;5;;;
4504;1029;3.jpg;Saccade;26653,81625;32;-;3.3;108.3;;5;;;
4505;1029;3.jpg;Saccade;5530,381649;22,4;-;6.6;569.1;;5;;;
4506;1029;3.jpg;Saccade;2716,316722;32,8;-;14.3;1019.5;;5;;;
4507;1029;3.jpg;Saccade;10612,35148;28,8;-;8.8;565.7;;5;;;
4508;1029;3.jpg;Saccade;8152,438041;32,8;-;21.7;1388.6;;5;;;
4509;1029;3.jpg;Saccade;5452,376497;28;-;9.9;806.9;;5;;;
4510;1029;3.jpg;Saccade;27922,21861;27,2;-;12.9;1033.0;;5;;;
4511;1029;3.jpg;Saccade;13815,59293;39,2;-;23.5;1731.4;;5;;;
4512;1029;3.jpg;Saccade;18935,61312;22,4;-;6.8;675.8;;5;;;
4513;1029;3.jpg;Saccade;12593,96097;25,6;-;6.3;627.6;;5;;;
4514;1029;3.jpg;Saccade;5423,47083;24;-;11.0;710.5;;5;;;
4515;1029;3.jpg;Saccade;12702,92005;32;-;1.3;85.3;;5;;;
4516;1029;3.jpg;Saccade;18172,21789;51,2;-;4.5;153.7;;5;;;
4517;1029;3.jpg;Saccade;6562,046188;28,8;-;15.6;1161.7;;5;;;
4518;1030;1.jpg;Saccade;360,0825017;24,8;-;14.7;1053.0;;5;;;
4519;1030;1.jpg;Saccade;10582,91102;29,6;-;15.1;1262.8;;5;;;
4520;1030;1.jpg;Fissazione;1807,661564;460,8;-;-;-;;;;;
4521;1030;1.jpg;Saccade;9454,582473;23,2;-;12.2;973.2;;5;;;
4522;1030;1.jpg;Fissazione;9919,791334;63,2;-;-;-;;;;;
4523;1030;1.jpg;Saccade;9447,21464;27,2;-;10.6;755.5;;5;;;
4524;1030;1.jpg;Saccade;3700,63258;25,6;-;8.3;601.6;;5;;;
4525;1030;1.jpg;Saccade;9336,177783;32,8;-;21.7;1388.6;;5;;;
4526;1030;1.jpg;Saccade;14146,26504;29,6;-;21.5;1887.2;;5;;;
4527;1030;1.jpg;Saccade;11846,37429;23,2;-;7.2;613.7;;5;;;
4528;1030;1.jpg;Saccade;4855,560267;24;-;11.0;710.5;;5;;;
4529;1030;1.jpg;Fissazione;13834,17659;148,8;-;-;-;;;;;
4530;1030;1.jpg;Fissazione;14459,21103;101,6;-;-;-;;;;;
4531;1030;1.jpg;Saccade;8534,342279;32,8;-;9.9;587.8;;5;;;
4532;1030;1.jpg;Saccade;4996,654076;23,2;-;13.2;721.6;;5;;;
4533;1030;1.jpg;Saccade;18321,97048;23,2;-;9.5;976.9;;5;;;
4534;1030;1.jpg;Fissazione;29208,52442;209,6;-;-;-;;;;;
4535;1030;1.jpg;Fissazione;23625,56373;128;-;-;-;;;;;
4536;1030;1.jpg;Fissazione;14866,14167;120,8;-;-;-;;;;;
4537;1030;1.jpg;Saccade;22597,70257;24;-;8.4;573.9;;5;;;
4538;1030;1.jpg;Fissazione;13770,62724;91,2;-;-;-;;;;;
4539;1030;1.jpg;Saccade;29495,20775;45,6;-;11.7;623.4;;5;;;
4540;1030;1.jpg;Fissazione;4298,909898;1036;-;-;-;;;;;
4541;1030;1.jpg;Saccade;13281,30933;87,2;-;55.5;1952.3;;5;;;
4542;1030;1.jpg;Saccade;1087,85644;54,4;-;16.9;1056.0;;5;;;
4543;1030;1.jpg;Saccade;496,2966793;45,6;-;14.9;887.0;;5;;;
4544;1030;1.jpg;Fissazione;18038,08088;128;-;-;-;;;;;
4545;1030;1.jpg;Fissazione;17869,6551;112;-;-;-;;;;;
4546;1030;1.jpg;Saccade;5449,413426;24,8;-;10.3;1190.2;;5;;;
4547;1030;1.jpg;Saccade;1478,83723;29,6;-;1.6;91.3;;5;;;
4548;1030;1.jpg;Saccade;10356,98799;28;-;6.9;637.2;;5;;;
4549;1030;1.jpg;Fissazione;5951,315266;63,2;-;-;-;;;;;
4550;1030;1.jpg;Saccade;5104,928317;28;-;9.9;806.9;;5;;;
4551;1030;1.jpg;Fissazione;1553,340139;117,6;-;-;-;;;;;
4552;1030;1.jpg;Fissazione;8151,274344;352;-;-;-;;;;;
4553;1030;1.jpg;Saccade;18045,82154;24;-;0.9;73.8;;5;;;
4554;1030;1.jpg;Fissazione;19860,66228;140;-;-;-;;;;;
4555;1030;1.jpg;Saccade;817,2825392;44;-;6.0;368.7;;5;;;
4556;1030;1.jpg;Saccade;19346,04886;24;-;6.9;707.3;;5;;;
4557;1030;1.jpg;Saccade;6033,412176;62,4;-;19.5;1628.1;;5;;;
4558;1030;1.jpg;Saccade;19658,55723;25,6;-;20.4;2027.7;;5;;;
4559;1030;1.jpg;Saccade;18193,7076;28,8;-;8.1;517.1;;5;;;
4560;1030;1.jpg;Fissazione;10505,83066;143,2;-;-;-;;;;;
4561;1030;1.jpg;Saccade;15185,80809;39,2;-;23.5;1731.4;;5;;;
4562;1030;1.jpg;Saccade;11434,34633;26,4;-;10.3;914.0;;5;;;
4563;1030;1.jpg;Fissazione;23673,33709;102,4;-;-;-;;;;;
4564;1030;1.jpg;Saccade;18917,97572;52,8;-;3.4;109.8;;5;;;
4565;1030;1.jpg;Saccade;8811,454909;75,2;-;70.9;2061.7;;5;;;
4566;1030;1.jpg;Saccade;24374,72167;32;-;3.3;108.3;;5;;;
4567;1030;1.jpg;Saccade;30140,00631;28;-;11.6;884.4;;5;;;
4568;1030;1.jpg;Saccade;23179,42683;23,2;-;21.2;1938.5;;5;;;
4569;1030;1.jpg;Fissazione;27656,36844;175,2;-;-;-;;;;;
4570;1030;1.jpg;Fissazione;7120,335869;154,4;-;-;-;;;;;
4571;1030;1.jpg;Saccade;6270,191795;28;-;9.0;675.6;;5;;;
4572;1030;1.jpg;Saccade;19105,28892;24;-;10.9;1075.9;;5;;;
4573;1030;1.jpg;Saccade;871,1180971;24;-;6.9;732.0;;5;;;
4574;1030;1.jpg;Saccade;2695,217623;32;-;10.6;1054.0;;5;;;
4575;1030;1.jpg;Saccade;18153,23484;28,8;-;21.8;2131.8;;5;;;
4576;1030;1.jpg;Saccade;17305,20834;22,4;-;7.7;692.6;;5;;;
4577;1030;1.jpg;Saccade;9969,599098;49,6;-;42.6;2043.6;;5;;;
4578;1030;1.jpg;Saccade;3449,437458;29,6;-;9.5;631.0;;5;;;
4579;1030;1.jpg;Saccade;469,6121359;34,4;-;14.4;1205.6;;5;;;
4580;1030;1.jpg;Saccade;33045,73815;31,2;-;11.8;1263.2;;5;;;
4581;1030;1.jpg;Saccade;20735,20575;44,8;-;33.3;1772.5;;5;;;
4582;1030;1.jpg;Saccade;14020,76139;58,4;-;8.2;378.7;;5;;;
4583;1030;1.jpg;Saccade;2026,962413;22,4;-;9.3;777.1;;5;;;
4584;1030;1.jpg;Saccade;19679,0051;51,2;-;4.5;153.7;;5;;;
4585;1030;1.jpg;Fissazione;12560,93862;257,6;-;-;-;;;;;
4586;1030;1.jpg;Saccade;6825,204678;50,4;-;20.7;1398.1;;5;;;
4587;1030;1.jpg;Saccade;20129,65599;43,2;-;7.3;404.4;;5;;;
4588;1030;1.jpg;Saccade;33459,08164;26,4;-;11.5;1098.9;;5;;;
4589;1030;1.jpg;Saccade;18052,05664;28;-;7.5;664.5;;5;;;
4590;1030;1.jpg;Fissazione;7377,92157;203,2;-;-;-;;;;;
4591;1030;1.jpg;Saccade;5648,453726;41,6;-;15.7;878.6;;5;;;
4592;1030;1.jpg;Saccade;6291,144723;67,2;-;17.3;833.4;;5;;;
4593;1030;1.jpg;Saccade;13348,49392;44;-;1.4;68.0;;5;;;
4594;1030;1.jpg;Saccade;6083,122337;30,4;-;26.5;1699.7;;5;;;
4595;1030;2.jpg;Fissazione;12203,87073;143,2;-;-;-;;;;;
4596;1030;2.jpg;Saccade;26891,25927;27,2;-;12.9;1033.0;;5;;;
4597;1030;2.jpg;Fissazione;2655,978928;81,6;-;-;-;;;;;
4598;1030;2.jpg;Fissazione;6577,980737;154,4;-;-;-;;;;;
4599;1030;2.jpg;Saccade;8934,572785;32,8;-;1.1;79.5;;5;;;
4600;1030;2.jpg;Saccade;7213,153939;60,8;-;20.7;1330.6;;5;;;
4601;1030;2.jpg;Saccade;26766,29754;45,6;-;11.7;623.4;;5;;;
4602;1030;2.jpg;Saccade;8916,964711;23,2;-;12.2;973.2;;5;;;
4603;1030;2.jpg;Saccade;9526,114855;49,6;-;42.6;2043.6;;5;;;
4604;1030;2.jpg;Saccade;23127,25771;24;-;8.4;573.9;;5;;;
4605;1030;2.jpg;Saccade;5847,666778;28,8;-;15.6;1161.7;;5;;;
4606;1030;2.jpg;Saccade;1436,877027;49,6;-;5.3;207.5;;5;;;
4607;1030;2.jpg;Saccade;11524,70264;24;-;12.9;1275.2;;5;;;
4608;1030;2.jpg;Saccade;24743,26738;38,4;-;22.4;1287.3;;5;;;
4609;1030;2.jpg;Saccade;776,8114079;44;-;6.0;368.7;;5;;;
4610;1030;2.jpg;Saccade;6261,32911;62,4;-;19.5;1628.1;;5;;;
4611;1030;2.jpg;Saccade;8877,575821;58,4;-;20.8;1006.5;;5;;;
4612;1030;2.jpg;Saccade;6715,262463;32,8;-;9.9;587.8;;5;;;
4613;1030;2.jpg;Saccade;357,0090869;24,8;-;14.7;1053.0;;5;;;
4614;1030;2.jpg;Saccade;31090,60474;51,2;-;5.2;293.5;;5;;;
4615;1030;2.jpg;Saccade;20434,78668;44,8;-;2.4;129.0;;5;;;
4616;1030;2.jpg;Saccade;8196,714316;29,6;-;12.2;951.2;;5;;;
4617;1030;2.jpg;Saccade;18621,92801;28;-;7.5;664.5;;5;;;
4618;1030;2.jpg;Saccade;15078,35282;32;-;1.3;85.3;;5;;;
4619;1030;2.jpg;Saccade;11879,68947;29,6;-;21.5;1887.2;;5;;;
4620;1030;2.jpg;Fissazione;24617,92913;128;-;-;-;;;;;
4621;1030;2.jpg;Saccade;8968,683369;36;-;20.9;1601.4;;5;;;
4622;1030;2.jpg;Saccade;33518,61139;90,4;-;4.4;148.5;;5;;;
4623;1030;3.jpg;Saccade;5316,504498;24;-;11.0;710.5;;5;;;
4624;1030;3.jpg;Saccade;9402,021513;36;-;20.9;1601.4;;5;;;
4625;1030;3.jpg;Fissazione;7423,344948;203,2;-;-;-;;;;;
4626;1030;3.jpg;Saccade;11463,90845;39,2;-;23.0;1652.6;;5;;;
4627;1030;3.jpg;Saccade;11857,83517;32;-;1.3;85.3;;5;;;
4628;1030;3.jpg;Saccade;24960,60042;32;-;3.3;108.3;;5;;;
4629;1030;3.jpg;Saccade;11610,69265;22,4;-;10.2;968.7;;5;;;
4630;1030;3.jpg;Saccade;27571,6149;51,2;-;5.2;293.5;;5;;;
4631;1030;3.jpg;Fissazione;2921,447414;81,6;-;-;-;;;;;
4632;1030;3.jpg;Saccade;8276,262057;45,6;-;17.4;954.0;;5;;;
4633;1030;3.jpg;Saccade;26220,2545;31,2;-;11.8;1263.2;;5;;;
4634;1030;3.jpg;Saccade;20166,99186;22,4;-;6.1;396.4;;5;;;
4635;1030;3.jpg;Saccade;518,0314945;34,4;-;14.4;1205.6;;5;;;
4636;1030;3.jpg;Saccade;23031,06738;24;-;8.4;573.9;;5;;;
4637;1030;3.jpg;Saccade;11104,35442;26,4;-;17.7;1300.4;;5;;;
4638;1030;3.jpg;Saccade;9409,525933;24;-;12.9;1275.2;;5;;;
4639;1030;3.jpg;Saccade;6016,613428;22,4;-;6.6;569.1;;5;;;
4640;1030;3.jpg;Saccade;11611,78466;26,4;-;10.3;914.0;;5;;;
4641;1030;3.jpg;Saccade;701,4248555;44;-;6.0;368.7;;5;;;
4642;1030;3.jpg;Saccade;19859,89363;28;-;7.5;664.5;;5;;;
4643;1030;3.jpg;Fissazione;12412,72707;91,2;-;-;-;;;;;
4644;1030;3.jpg;Saccade;24852,74979;40;-;14.9;1083.8;;5;;;
4645;1030;3.jpg;Fissazione;1566,448932;117,6;-;-;-;;;;;
4646;1030;3.jpg;Saccade;10372,62611;53,6;-;24.1;1367.1;;5;;;
4647;1031;1.jpg;Saccade;8991,948268;32,8;-;9.9;587.8;;5;;;
4648;1031;1.jpg;Saccade;8848,727146;59,2;-;23.8;956.2;;5;;;
4649;1031;1.jpg;Fissazione;31933,42985;209,6;-;-;-;;;;;
4650;1031;1.jpg;Saccade;8796,654136;32,8;-;21.7;1388.6;;5;;;
4651;1031;1.jpg;Saccade;6784,450128;28,8;-;15.6;1161.7;;5;;;
4652;1031;1.jpg;Saccade;7911,765138;30,4;-;14.6;1012.8;;5;;;
4653;1031;1.jpg;Saccade;11030,82569;24;-;12.9;1275.2;;5;;;
4654;1031;1.jpg;Saccade;15320,39995;59,2;-;22.9;1454.1;;5;;;
4655;1031;1.jpg;Fissazione;5668,298034;369,6;-;-;-;;;;;
4656;1031;1.jpg;Saccade;10809,0681;22,4;-;10.2;968.7;;5;;;
4657;1031;1.jpg;Saccade;18805,74828;36,8;-;15.2;699.5;;5;;;
4658;1031;1.jpg;Saccade;6175,82774;22,4;-;6.6;569.1;;5;;;
4659;1031;1.jpg;Saccade;22712,31296;24;-;8.4;573.9;;5;;;
4660;1031;1.jpg;Saccade;16944,18489;24;-;10.9;1075.9;;5;;;
4661;1031;1.jpg;Saccade;8957,216359;58,4;-;20.8;1006.5;;5;;;
4662;1031;1.jpg;Saccade;20909,04147;23,2;-;9.5;976.9;;5;;;
4663;1031;1.jpg;Fissazione;11883,8832;360,8;-;-;-;;;;;
4664;1031;1.jpg;Saccade;1014,333043;54,4;-;16.9;1056.0;;5;;;
4665;1031;1.jpg;Saccade;2979,396225;25,6;-;6.8;495.1;;5;;;
4666;1031;1.jpg;Saccade;10907,01868;22,4;-;4.8;240.9;;5;;;
4667;1031;1.jpg;Saccade;28777,98932;26,4;-;11.5;1098.9;;5;;;
4668;1031;1.jpg;Fissazione;902,4259005;121,6;-;-;-;;;;;
4669;1031;1.jpg;Fissazione;3079,579789;81,6;-;-;-;;;;;
4670;1031;1.jpg;Saccade;13859,12838;28,8;-;8.8;565.7;;5;;;
4671;1031;1.jpg;Fissazione;4269,082987;1036;-;-;-;;;;;
4672;1031;1.jpg;Saccade;11374,07561;29,6;-;21.5;1887.2;;5;;;
4673;1031;1.jpg;Saccade;14238,13143;44;-;1.4;68.0;;5;;;
4674;1031;1.jpg;Saccade;20814,36969;28,8;-;21.8;2131.8;;5;;;
4675;1031;1.jpg;Saccade;19423,74366;28,8;-;8.1;517.1;;5;;;
4676;1031;1.jpg;Saccade;26653,6164;29,6;-;6.8;506.7;;5;;;
4677;1031;1.jpg;Fissazione;1276,95385;215,2;-;-;-;;;;;
4678;1031;1.jpg;Saccade;7119,960767;22,4;-;3.9;267.1;;5;;;
4679;1031;1.jpg;Saccade;1807,246585;22,4;-;9.3;777.1;;5;;;
4680;1031;1.jpg;Saccade;11484,2838;48,8;-;32.6;1876.7;;5;;;
4681;1031;1.jpg;Fissazione;8202,293189;352;-;-;-;;;;;
4682;1031;1.jpg;Saccade;8726,147374;29,6;-;12.2;951.2;;5;;;
4683;1031;1.jpg;Saccade;10208,36913;32,8;-;16.6;1277.4;;5;;;
4684;1031;1.jpg;Fissazione;1408,962099;117,6;-;-;-;;;;;
4685;1031;1.jpg;Saccade;1779,797543;42,4;-;1.5;65.7;;5;;;
4686;1031;1.jpg;Saccade;14690,64549;32;-;1.3;85.3;;5;;;
4687;1031;1.jpg;Saccade;2554,512547;29,6;-;9.5;631.0;;5;;;
4688;1031;1.jpg;Saccade;1449,238801;29,6;-;1.6;91.3;;5;;;
4689;1031;1.jpg;Saccade;28669,66718;40;-;14.9;1083.8;;5;;;
4690;1031;1.jpg;Saccade;6164,785881;62,4;-;19.5;1628.1;;5;;;
4691;1031;1.jpg;Saccade;5725,286867;25,6;-;12.4;705.1;;5;;;
4692;1031;1.jpg;Saccade;704,6658586;44;-;6.0;368.7;;5;;;
4693;1031;1.jpg;Saccade;14140,92104;87,2;-;55.5;1952.3;;5;;;
4694;1031;1.jpg;Saccade;8112,967329;60,8;-;20.7;1330.6;;5;;;
4695;1031;1.jpg;Saccade;10512,62719;39,2;-;23.4;1505.0;;5;;;
4696;1031;1.jpg;Saccade;781,1242317;24;-;6.9;732.0;;5;;;
4697;1031;1.jpg;Saccade;27155,99842;45,6;-;11.7;623.4;;5;;;
4698;1031;1.jpg;Saccade;30646,22037;90,4;-;4.4;148.5;;5;;;
4699;1031;1.jpg;Fissazione;8383,096838;203,2;-;-;-;;;;;
4700;1031;1.jpg;Saccade;11685,01963;24,8;-;16.3;1662.5;;5;;;
4701;1031;1.jpg;Saccade;2194,837835;51,2;-;1.4;40.7;;5;;;
4702;1031;1.jpg;Saccade;2611,118521;36;-;32.4;2009.2;;5;;;
4703;1031;1.jpg;Saccade;8924,873696;49,6;-;42.6;2043.6;;5;;;
4704;1031;1.jpg;Saccade;18480,28783;24;-;6.9;707.3;;5;;;
4705;1031;1.jpg;Saccade;29689,29084;32;-;3.3;108.3;;5;;;
4706;1031;1.jpg;Saccade;17631,26135;44;-;19.1;1329.9;;5;;;
4707;1031;1.jpg;Saccade;16859,87863;44,8;-;33.3;1772.5;;5;;;
4708;1031;1.jpg;Saccade;11186,11606;26,4;-;17.7;1300.4;;5;;;
4709;1031;1.jpg;Fissazione;28924,15525;175,2;-;-;-;;;;;
4710;1031;1.jpg;Fissazione;19171,32555;128;-;-;-;;;;;
4711;1031;1.jpg;Saccade;3127,58151;27,2;-;7.1;650.4;;5;;;
4712;1031;1.jpg;Fissazione;6760,477437;658,4;-;-;-;;;;;
4713;1031;1.jpg;Saccade;11850,58732;58,4;-;8.2;378.7;;5;;;
4714;1031;1.jpg;Saccade;6524,705004;70,4;-;25.2;977.4;;5;;;
4715;1031;1.jpg;Saccade;10752,97837;32,8;-;13.3;1072.5;;5;;;
4716;1031;1.jpg;Saccade;10476,96448;53,6;-;24.1;1367.1;;5;;;
4717;1031;1.jpg;Fissazione;13507,4833;148,8;-;-;-;;;;;
4718;1031;1.jpg;Saccade;21988,54665;38,4;-;22.4;1287.3;;5;;;
4719;1031;1.jpg;Saccade;443,3389724;34,4;-;14.4;1205.6;;5;;;
4720;1031;1.jpg;Saccade;14840,60317;24;-;7.6;557.5;;5;;;
4721;1031;1.jpg;Saccade;5629,204254;41,6;-;15.7;878.6;;5;;;
4722;1031;1.jpg;Saccade;1975,742037;39,2;-;7.9;536.1;;5;;;
4723;1031;1.jpg;Saccade;296,3837476;24,8;-;14.7;1053.0;;5;;;
4724;1031;1.jpg;Fissazione;16495,3474;112;-;-;-;;;;;
4725;1031;1.jpg;Saccade;4559,406961;25,6;-;9.4;575.7;;5;;;
4726;1031;1.jpg;Fissazione;15068,98412;91,2;-;-;-;;;;;
4727;1031;1.jpg;Fissazione;20683,50524;140;-;-;-;;;;;
4728;1031;1.jpg;Saccade;6245,158306;30,4;-;26.5;1699.7;;5;;;
4729;1031;1.jpg;Saccade;19145,01543;22,4;-;6.1;396.4;;5;;;
4730;1031;1.jpg;Saccade;5944,724756;67,2;-;17.3;833.4;;5;;;
4731;1031;1.jpg;Fissazione;15366,43714;120,8;-;-;-;;;;;
4732;1031;1.jpg;Saccade;11446,39565;39,2;-;23.0;1652.6;;5;;;
4733;1031;1.jpg;Fissazione;24676,11214;102,4;-;-;-;;;;;
4734;1031;1.jpg;Saccade;5836,858864;24,8;-;10.3;1190.2;;5;;;
4735;1031;1.jpg;Saccade;12070,03461;92;-;50.7;1483.9;;5;;;
4736;1031;1.jpg;Saccade;10351,88817;29,6;-;15.1;1262.8;;5;;;
4737;1031;1.jpg;Saccade;2799,709533;63,2;-;23.3;1289.9;;5;;;
4738;1031;1.jpg;Saccade;4212,51004;25,6;-;8.3;601.6;;5;;;
4739;1031;1.jpg;Saccade;624,3603302;45,6;-;14.9;887.0;;5;;;
4740;1031;1.jpg;Fissazione;29715,94703;818,4;-;-;-;;;;;
4741;1031;1.jpg;Saccade;8846,634164;36;-;20.9;1601.4;;5;;;
4742;1031;1.jpg;Saccade;28521,42272;52;-;19.6;1348.3;;5;;;
4743;1031;1.jpg;Saccade;10096,04732;23,2;-;12.2;973.2;;5;;;
4744;1031;1.jpg;Saccade;5971,718465;28;-;9.9;806.9;;5;;;
4745;1031;1.jpg;Saccade;9647,955372;27,2;-;10.6;755.5;;5;;;
4746;1031;1.jpg;Saccade;25925,37538;32;-;1.5;89.0;;5;;;
4747;1031;1.jpg;Fissazione;10421,2881;63,2;-;-;-;;;;;
4748;1031;1.jpg;Saccade;10240,25329;25,6;-;6.3;627.6;;5;;;
4749;1031;1.jpg;Saccade;1763,916914;49,6;-;5.3;207.5;;5;;;
4750;1031;2.jpg;Saccade;20204,5229;52,8;-;3.4;109.8;;5;;;
4751;1031;2.jpg;Fissazione;12227,83412;63,2;-;-;-;;;;;
4752;1031;2.jpg;Fissazione;8732,677727;203,2;-;-;-;;;;;
4753;1031;2.jpg;Saccade;20653,46218;24;-;10.9;1075.9;;5;;;
4754;1031;2.jpg;Saccade;328,0723566;24,8;-;14.7;1053.0;;5;;;
4755;1031;2.jpg;Fissazione;8759,749267;340;-;-;-;;;;;
4756;1031;2.jpg;Saccade;11869,28544;58,4;-;8.2;378.7;;5;;;
4757;1031;2.jpg;Saccade;17984,74493;22,4;-;7.7;692.6;;5;;;
4758;1031;2.jpg;Saccade;13655,13753;32;-;1.3;85.3;;5;;;
4759;1031;2.jpg;Saccade;17981,72432;24;-;6.9;707.3;;5;;;
4760;1031;2.jpg;Fissazione;3408,25118;1036;-;-;-;;;;;
4761;1031;2.jpg;Saccade;16216,0335;24;-;7.6;557.5;;5;;;
4762;1031;2.jpg;Fissazione;11371,00192;264,8;-;-;-;;;;;
4763;1031;2.jpg;Saccade;16425,1128;25,6;-;20.4;2027.7;;5;;;
4764;1031;2.jpg;Saccade;11392,29327;26,4;-;10.3;914.0;;5;;;
4765;1031;2.jpg;Saccade;5360,695809;24;-;11.0;710.5;;5;;;
4766;1031;2.jpg;Fissazione;20275,4509;112;-;-;-;;;;;
4767;1031;2.jpg;Saccade;13087,97645;44;-;1.4;68.0;;5;;;
4768;1031;2.jpg;Saccade;12420,52244;23,2;-;7.2;613.7;;5;;;
4769;1031;2.jpg;Saccade;13150,23927;29,6;-;21.5;1887.2;;5;;;
4770;1031;2.jpg;Saccade;20037,57717;43,2;-;7.3;404.4;;5;;;
4771;1031;2.jpg;Fissazione;12316,70876;360,8;-;-;-;;;;;
4772;1031;2.jpg;Saccade;29470,1639;28;-;11.6;884.4;;5;;;
4773;1031;2.jpg;Saccade;25367,99798;27,2;-;12.9;1033.0;;5;;;
4774;1031;2.jpg;Saccade;2198,933798;51,2;-;1.4;40.7;;5;;;
4775;1031;2.jpg;Saccade;606,7083183;45,6;-;14.9;887.0;;5;;;
4776;1031;2.jpg;Saccade;8238,444083;32,8;-;21.7;1388.6;;5;;;
4777;1031;2.jpg;Fissazione;776,6926717;121,6;-;-;-;;;;;
4778;1031;2.jpg;Fissazione;7527,399806;369,6;-;-;-;;;;;
4779;1031;2.jpg;Fissazione;2717,778829;81,6;-;-;-;;;;;
4780;1031;2.jpg;Fissazione;16773,82844;128;-;-;-;;;;;
4781;1031;2.jpg;Saccade;9635,121801;48,8;-;32.6;1876.7;;5;;;
4782;1031;2.jpg;Saccade;18642,48022;22,4;-;6.1;396.4;;5;;;
4783;1031;2.jpg;Saccade;6573,14849;70,4;-;25.2;977.4;;5;;;
4784;1031;2.jpg;Saccade;508,5859407;34,4;-;14.4;1205.6;;5;;;
4785;1031;2.jpg;Saccade;28947,28266;27,2;-;20.0;1688.6;;5;;;
4786;1031;2.jpg;Saccade;772,9507104;24;-;6.9;732.0;;5;;;
4787;1031;3.jpg;Saccade;10480,98332;24;-;12.9;1275.2;;5;;;
4788;1031;3.jpg;Saccade;9530,425799;36;-;20.9;1601.4;;5;;;
4789;1031;3.jpg;Saccade;7477,078071;60,8;-;20.7;1330.6;;5;;;
4790;1031;3.jpg;Saccade;742,7872303;24;-;6.9;732.0;;5;;;
4791;1031;3.jpg;Saccade;9962,107058;26,4;-;10.3;914.0;;5;;;
4792;1031;3.jpg;Saccade;18598,58665;25,6;-;20.4;2027.7;;5;;;
4793;1031;3.jpg;Saccade;13100,16261;44;-;1.4;68.0;;5;;;
4794;1031;3.jpg;Saccade;588,3075202;45,6;-;14.9;887.0;;5;;;
4795;1031;3.jpg;Saccade;7286,698274;22,4;-;7.8;672.6;;5;;;
4796;1031;3.jpg;Fissazione;11234,28536;360,8;-;-;-;;;;;
4797;1031;3.jpg;Saccade;14276,19784;24;-;6.9;707.3;;5;;;
4798;1031;3.jpg;Fissazione;30096,5546;209,6;-;-;-;;;;;
4799;1031;3.jpg;Saccade;8883,374039;75,2;-;70.9;2061.7;;5;;;
4800;1031;3.jpg;Saccade;1054,666265;54,4;-;16.9;1056.0;;5;;;
4801;1031;3.jpg;Fissazione;13774,96567;148,8;-;-;-;;;;;
4802;1031;3.jpg;Fissazione;19292,70619;112;-;-;-;;;;;
4803;1031;3.jpg;Saccade;13895,94697;24;-;7.6;557.5;;5;;;
4804;1031;3.jpg;Saccade;28042,93046;40;-;14.9;1083.8;;5;;;
4805;1031;3.jpg;Saccade;4218,414816;23,2;-;13.2;721.6;;5;;;
4806;1031;3.jpg;Saccade;8540,774612;30,4;-;14.6;1012.8;;5;;;
4807;1031;3.jpg;Fissazione;11241,80214;143,2;-;-;-;;;;;
4808;1031;3.jpg;Fissazione;7312,759363;340;-;-;-;;;;;
4809;1032;1.jpg;Saccade;945,9253817;54,4;-;16.9;1056.0;;5;;;
4810;1032;1.jpg;Fissazione;8635,486187;340;-;-;-;;;;;
4811;1032;1.jpg;Saccade;1623,691509;49,6;-;5.3;207.5;;5;;;
4812;1032;1.jpg;Saccade;11373,05515;22,4;-;10.2;968.7;;5;;;
4813;1032;1.jpg;Saccade;6988,298626;22,4;-;7.8;672.6;;5;;;
4814;1032;1.jpg;Fissazione;5564,720847;63,2;-;-;-;;;;;
4815;1032;1.jpg;Fissazione;6585,973616;352;-;-;-;;;;;
4816;1032;1.jpg;Saccade;10297,4228;32,8;-;9.0;642.7;;5;;;
4817;1032;1.jpg;Saccade;11896,44685;58,4;-;8.2;378.7;;5;;;
4818;1032;1.jpg;Fissazione;35092,45208;209,6;-;-;-;;;;;
4819;1032;1.jpg;Fissazione;13438,90961;101,6;-;-;-;;;;;
4820;1032;1.jpg;Saccade;21098,16506;24;-;10.9;1075.9;;5;;;
4821;1032;1.jpg;Saccade;23137,44805;29,6;-;6.8;506.7;;5;;;
4822;1032;1.jpg;Saccade;24682,25723;45,6;-;11.7;623.4;;5;;;
4823;1032;1.jpg;Saccade;15434,22916;32;-;1.3;85.3;;5;;;
4824;1032;1.jpg;Saccade;10743,38531;49,6;-;42.6;2043.6;;5;;;
4825;1032;1.jpg;Saccade;12187,03108;32,8;-;13.3;1072.5;;5;;;
4826;1032;1.jpg;Saccade;12811,1154;24,8;-;16.3;1662.5;;5;;;
4827;1032;1.jpg;Saccade;15071,42675;87,2;-;55.5;1952.3;;5;;;
4828;1032;1.jpg;Saccade;12878,84924;44;-;1.4;68.0;;5;;;
4829;1032;1.jpg;Saccade;14174,50573;39,2;-;23.5;1731.4;;5;;;
4830;1032;1.jpg;Saccade;23529,7727;23,2;-;21.2;1938.5;;5;;;
4831;1032;1.jpg;Saccade;2195,109705;51,2;-;1.4;40.7;;5;;;
4832;1032;1.jpg;Saccade;15709,18123;24;-;6.9;707.3;;5;;;
4833;1032;1.jpg;Saccade;8399,2978;58,4;-;20.8;1006.5;;5;;;
4834;1032;1.jpg;Saccade;11020,43386;26,4;-;10.3;914.0;;5;;;
4835;1032;1.jpg;Saccade;6665,473469;70,4;-;25.2;977.4;;5;;;
4836;1032;1.jpg;Saccade;2840,838297;36;-;32.4;2009.2;;5;;;
4837;1032;1.jpg;Fissazione;6446,314935;369,6;-;-;-;;;;;
4838;1032;1.jpg;Saccade;6311,461767;24,8;-;10.3;1190.2;;5;;;
4839;1032;1.jpg;Saccade;5559,356238;25,6;-;9.4;575.7;;5;;;
4840;1032;1.jpg;Saccade;2574,190728;32,8;-;14.3;1019.5;;5;;;
4841;1032;1.jpg;Saccade;10696,10345;24;-;12.9;1275.2;;5;;;
4842;1032;1.jpg;Saccade;23020,90924;22,4;-;4.0;197.1;;5;;;
4843;1032;1.jpg;Saccade;12545,01882;59,2;-;22.9;1454.1;;5;;;
4844;1032;1.jpg;Saccade;1511,063684;42,4;-;1.5;65.7;;5;;;
4845;1032;1.jpg;Saccade;32428,73667;52;-;19.6;1348.3;;5;;;
4846;1032;1.jpg;Saccade;496,350973;34,4;-;14.4;1205.6;;5;;;
4847;1032;1.jpg;Saccade;4814,126423;28;-;9.9;806.9;;5;;;
4848;1032;1.jpg;Saccade;6083,389328;25,6;-;12.4;705.1;;5;;;
4849;1032;1.jpg;Saccade;6106,96866;28,8;-;15.6;1161.7;;5;;;
4850;1032;1.jpg;Fissazione;19364,54348;294,4;-;-;-;;;;;
4851;1032;1.jpg;Fissazione;14116,62863;257,6;-;-;-;;;;;
4852;1032;1.jpg;Fissazione;29737,69977;175,2;-;-;-;;;;;
4853;1032;1.jpg;Saccade;20810,77267;28,8;-;21.8;2131.8;;5;;;
4854;1032;1.jpg;Saccade;2559,191024;63,2;-;23.3;1289.9;;5;;;
4855;1032;1.jpg;Saccade;19152,51318;22,4;-;6.1;396.4;;5;;;
4856;1032;1.jpg;Saccade;7183,415875;67,2;-;17.3;833.4;;5;;;
4857;1032;1.jpg;Saccade;7667,427513;30,4;-;14.6;1012.8;;5;;;
4858;1032;1.jpg;Saccade;22464,37451;24;-;8.4;573.9;;5;;;
4859;1032;1.jpg;Saccade;4164,53207;25,6;-;9.9;723.3;;5;;;
4860;1032;1.jpg;Fissazione;644,4214854;51,2;-;-;-;;;;;
4861;1032;1.jpg;Saccade;10667,01635;39,2;-;23.0;1652.6;;5;;;
4862;1032;1.jpg;Fissazione;17978,71328;140;-;-;-;;;;;
4863;1032;1.jpg;Fissazione;13276,86864;143,2;-;-;-;;;;;
4864;1032;1.jpg;Saccade;11244,25147;22,4;-;4.8;240.9;;5;;;
4865;1032;1.jpg;Fissazione;750,5944567;121,6;-;-;-;;;;;
4866;1032;1.jpg;Saccade;7213,825845;62,4;-;19.5;1628.1;;5;;;
4867;1032;1.jpg;Saccade;13044,14948;92;-;50.7;1483.9;;5;;;
4868;1032;1.jpg;Saccade;7268,375168;32,8;-;1.1;79.5;;5;;;
4869;1032;1.jpg;Saccade;19576,2397;22,4;-;6.8;675.8;;5;;;
4870;1032;1.jpg;Fissazione;1406,876021;117,6;-;-;-;;;;;
4871;1032;1.jpg;Saccade;20914,60905;43,2;-;7.3;404.4;;5;;;
4872;1032;1.jpg;Saccade;4905,129109;22,4;-;6.6;569.1;;5;;;
4873;1032;1.jpg;Saccade;6620,444718;28;-;9.0;675.6;;5;;;
4874;1032;1.jpg;Saccade;3274,75804;29,6;-;9.5;631.0;;5;;;
4875;1032;1.jpg;Saccade;23055,21877;27,2;-;20.0;1688.6;;5;;;
4876;1032;1.jpg;Saccade;7021,803423;60,8;-;20.7;1330.6;;5;;;
4877;1032;1.jpg;Saccade;21250,75697;23,2;-;9.5;976.9;;5;;;
4878;1032;1.jpg;Saccade;9211,048883;29,6;-;12.2;951.2;;5;;;
4879;1032;1.jpg;Saccade;19466,31933;44,8;-;33.3;1772.5;;5;;;
4880;1032;1.jpg;Saccade;2465,101599;22,4;-;9.3;777.1;;5;;;
4881;1032;1.jpg;Saccade;698,2013032;44;-;6.0;368.7;;5;;;
4882;1032;1.jpg;Saccade;3052,804318;25,6;-;8.3;601.6;;5;;;
4883;1032;1.jpg;Fissazione;13033,19469;91,2;-;-;-;;;;;
4884;1032;1.jpg;Saccade;13533,48371;24;-;7.6;557.5;;5;;;
4885;1032;1.jpg;Saccade;27800,14527;38,4;-;22.4;1287.3;;5;;;
4886;1032;1.jpg;Saccade;10372,09687;32,8;-;16.6;1277.4;;5;;;
4887;1032;1.jpg;Saccade;10822,95139;39,2;-;23.4;1505.0;;5;;;
4888;1032;1.jpg;Saccade;17920,43744;36,8;-;15.2;699.5;;5;;;
4889;1032;1.jpg;Saccade;5209,156434;41,6;-;15.7;878.6;;5;;;
4890;1032;1.jpg;Saccade;17814,28173;44;-;19.1;1329.9;;5;;;
4891;1032;1.jpg;Fissazione;14175,6699;166,4;-;-;-;;;;;
4892;1032;1.jpg;Fissazione;25537,01671;128;-;-;-;;;;;
4893;1032;1.jpg;Saccade;24147,96171;32;-;3.3;108.3;;5;;;
4894;1032;1.jpg;Saccade;20765,9107;27,2;-;12.9;1033.0;;5;;;
4895;1032;1.jpg;Saccade;18195,21505;44,8;-;2.4;129.0;;5;;;
4896;1032;1.jpg;Saccade;5355,050756;24;-;11.0;710.5;;5;;;
4897;1032;1.jpg;Saccade;8787,759173;32,8;-;9.9;587.8;;5;;;
4898;1032;1.jpg;Saccade;7361,492328;50,4;-;20.7;1398.1;;5;;;
4899;1032;1.jpg;Saccade;8347,458441;23,2;-;12.2;973.2;;5;;;
4900;1032;1.jpg;Fissazione;12058,04412;63,2;-;-;-;;;;;
4901;1032;1.jpg;Saccade;29090,01056;40;-;14.9;1083.8;;5;;;
4902;1032;1.jpg;Saccade;32979,54197;26,4;-;11.5;1098.9;;5;;;
4903;1032;1.jpg;Fissazione;1383,117788;215,2;-;-;-;;;;;
4904;1032;1.jpg;Saccade;13012,63378;28;-;6.9;637.2;;5;;;
4905;1032;1.jpg;Saccade;6862,185383;30,4;-;26.5;1699.7;;5;;;
4906;1032;1.jpg;Fissazione;8212,291354;203,2;-;-;-;;;;;
4907;1032;1.jpg;Fissazione;1752,067371;460,8;-;-;-;;;;;
4908;1032;2.jpg;Saccade;2177,925437;22,4;-;9.3;777.1;;5;;;
4909;1032;2.jpg;Saccade;6263,228026;41,6;-;15.7;878.6;;5;;;
4910;1032;2.jpg;Saccade;30066,66016;31,2;-;11.8;1263.2;;5;;;
4911;1032;2.jpg;Saccade;12766,6608;92;-;50.7;1483.9;;5;;;
4912;1032;2.jpg;Saccade;12617,72978;39,2;-;23.4;1505.0;;5;;;
4913;1032;2.jpg;Saccade;20966,34637;23,2;-;9.5;976.9;;5;;;
4914;1032;2.jpg;Fissazione;1505,981183;215,2;-;-;-;;;;;
4915;1032;2.jpg;Saccade;8007,151853;45,6;-;17.4;954.0;;5;;;
4916;1032;2.jpg;Saccade;5773,403361;24,8;-;10.3;1190.2;;5;;;
4917;1032;2.jpg;Fissazione;26687,59878;128;-;-;-;;;;;
4918;1032;2.jpg;Saccade;10402,94615;49,6;-;42.6;2043.6;;5;;;
4919;1032;2.jpg;Saccade;26930,38675;40;-;14.9;1083.8;;5;;;
4920;1032;2.jpg;Fissazione;831,8328398;121,6;-;-;-;;;;;
4921;1032;2.jpg;Saccade;7390,50209;28;-;9.0;675.6;;5;;;
4922;1032;2.jpg;Fissazione;32416,24325;818,4;-;-;-;;;;;
4923;1032;2.jpg;Saccade;15375,1393;35,2;-;15.5;935.0;;5;;;
4924;1032;2.jpg;Saccade;18673,08237;24;-;0.9;73.8;;5;;;
4925;1032;2.jpg;Saccade;6988,133594;28,8;-;15.6;1161.7;;5;;;
4926;1032;2.jpg;Fissazione;10744,62126;360,8;-;-;-;;;;;
4927;1032;2.jpg;Saccade;16728,81565;22,4;-;7.7;692.6;;5;;;
4928;1032;2.jpg;Saccade;3843,751719;25,6;-;8.3;601.6;;5;;;
4929;1032;2.jpg;Saccade;11884,42805;32;-;1.3;85.3;;5;;;
4930;1032;2.jpg;Fissazione;575,724907;51,2;-;-;-;;;;;
4931;1032;2.jpg;Saccade;6233,680064;32,8;-;21.7;1388.6;;5;;;
4932;1032;2.jpg;Saccade;6734,634343;22,4;-;3.9;267.1;;5;;;
4933;1032;2.jpg;Saccade;791,5687186;24;-;6.9;732.0;;5;;;
4934;1032;2.jpg;Saccade;11475,46524;26,4;-;17.7;1300.4;;5;;;
4935;1032;2.jpg;Saccade;1778,514163;49,6;-;5.3;207.5;;5;;;
4936;1032;2.jpg;Fissazione;14601,0829;91,2;-;-;-;;;;;
4937;1032;2.jpg;Saccade;334,3294831;24,8;-;14.7;1053.0;;5;;;
4938;1032;2.jpg;Saccade;532,6320381;34,4;-;14.4;1205.6;;5;;;
4939;1032;2.jpg;Saccade;26996,39184;38,4;-;22.4;1287.3;;5;;;
4940;1032;2.jpg;Saccade;481,1014773;45,6;-;14.9;887.0;;5;;;
4941;1032;2.jpg;Saccade;9426,733946;48,8;-;32.6;1876.7;;5;;;
4942;1032;2.jpg;Saccade;18494,98982;43,2;-;7.3;404.4;;5;;;
4943;1032;2.jpg;Fissazione;14550,82843;120,8;-;-;-;;;;;
4944;1032;2.jpg;Fissazione;12354,57287;101,6;-;-;-;;;;;
4945;1032;2.jpg;Saccade;9976,994664;36;-;20.9;1601.4;;5;;;
4946;1032;2.jpg;Saccade;20301,93813;51,2;-;4.5;153.7;;5;;;
4947;1032;2.jpg;Saccade;8440,150637;32,8;-;1.1;79.5;;5;;;
4948;1032;2.jpg;Saccade;3560,072317;27,2;-;7.1;650.4;;5;;;
4949;1032;3.jpg;Fissazione;11699,40343;264,8;-;-;-;;;;;
4950;1032;3.jpg;Saccade;28021,01374;31,2;-;11.8;1263.2;;5;;;
4951;1032;3.jpg;Fissazione;31606,80919;209,6;-;-;-;;;;;
4952;1032;3.jpg;Saccade;7833,487236;32,8;-;9.9;587.8;;5;;;
4953;1032;3.jpg;Fissazione;28033,10832;128;-;-;-;;;;;
4954;1032;3.jpg;Saccade;14307,81955;32;-;1.3;85.3;;5;;;
4955;1032;3.jpg;Saccade;1579,821425;29,6;-;1.6;91.3;;5;;;
4956;1032;3.jpg;Saccade;12055,04601;35,2;-;15.5;935.0;;5;;;
4957;1032;3.jpg;Fissazione;7852,874333;658,4;-;-;-;;;;;
4958;1032;3.jpg;Saccade;10668,24231;32,8;-;16.6;1277.4;;5;;;
4959;1032;3.jpg;Saccade;25679,33006;27,2;-;20.0;1688.6;;5;;;
4960;1032;3.jpg;Saccade;10548,48586;39,2;-;23.0;1652.6;;5;;;
4961;1032;3.jpg;Fissazione;1713,630622;460,8;-;-;-;;;;;
4962;1032;3.jpg;Saccade;14307,42319;24,8;-;16.3;1662.5;;5;;;
4963;1032;3.jpg;Saccade;12918,53725;25,6;-;6.3;627.6;;5;;;
4964;1032;3.jpg;Fissazione;12043,19533;63,2;-;-;-;;;;;
4965;1032;3.jpg;Fissazione;797,9004232;121,6;-;-;-;;;;;
4966;1032;3.jpg;Saccade;8628,396803;29,6;-;12.2;951.2;;5;;;
4967;1032;3.jpg;Saccade;34629,83125;28;-;11.6;884.4;;5;;;
4968;1032;3.jpg;Saccade;11287,50063;24;-;12.9;1275.2;;5;;;
4969;1032;3.jpg;Saccade;1914,889361;39,2;-;7.9;536.1;;5;;;
4970;1032;3.jpg;Saccade;27924,62455;29,6;-;6.8;506.7;;5;;;
4971;1032;3.jpg;Saccade;7401,053237;58,4;-;20.8;1006.5;;5;;;
4972;1032;3.jpg;Saccade;8994,152699;49,6;-;42.6;2043.6;;5;;;
4973;1032;3.jpg;Fissazione;12163,33888;91,2;-;-;-;;;;;
4974;1032;3.jpg;Saccade;21884,88915;24;-;10.9;1075.9;;5;;;
4975;1032;3.jpg;Saccade;5872,415142;30,4;-;26.5;1699.7;;5;;;
4976;1032;3.jpg;Saccade;3530,726426;25,6;-;9.9;723.3;;5;;;
4977;1033;1.jpg;Saccade;13903,13516;59,2;-;22.9;1454.1;;5;;;
4978;1033;1.jpg;Saccade;18208,6427;22,4;-;7.7;692.6;;5;;;
4979;1033;1.jpg;Saccade;29451,16614;51,2;-;5.2;293.5;;5;;;
4980;1033;1.jpg;Saccade;7965,447262;45,6;-;17.4;954.0;;5;;;
4981;1033;1.jpg;Fissazione;29992,77681;209,6;-;-;-;;;;;
4982;1033;1.jpg;Saccade;27456,53388;32;-;1.5;89.0;;5;;;
4983;1033;1.jpg;Saccade;25981,69401;45,6;-;11.7;623.4;;5;;;
4984;1033;1.jpg;Fissazione;14027,68287;148,8;-;-;-;;;;;
4985;1033;1.jpg;Saccade;4503,234815;23,2;-;13.2;721.6;;5;;;
4986;1033;1.jpg;Saccade;5937,580517;28;-;9.9;806.9;;5;;;
4987;1033;1.jpg;Saccade;9802,955038;30,4;-;14.6;1012.8;;5;;;
4988;1033;1.jpg;Saccade;7466,656002;32,8;-;1.1;79.5;;5;;;
4989;1033;1.jpg;Saccade;20401,71786;44,8;-;2.4;129.0;;5;;;
4990;1033;1.jpg;Saccade;37472,18542;52;-;19.6;1348.3;;5;;;
4991;1033;1.jpg;Saccade;11409,11677;39,2;-;23.4;1505.0;;5;;;
4992;1033;1.jpg;Fissazione;7604,150324;154,4;-;-;-;;;;;
4993;1033;1.jpg;Saccade;13897,92412;44;-;1.4;68.0;;5;;;
4994;1033;1.jpg;Saccade;10368,50708;24;-;12.9;1275.2;;5;;;
4995;1033;1.jpg;Saccade;17520,41477;22,4;-;6.1;396.4;;5;;;
4996;1033;1.jpg;Saccade;6320,842704;30,4;-;26.5;1699.7;;5;;;
4997;1033;1.jpg;Saccade;30550,30893;32;-;3.3;108.3;;5;;;
4998;1033;1.jpg;Saccade;19394,88145;28;-;7.5;664.5;;5;;;
4999;1033;1.jpg;Saccade;10602,45348;32,8;-;16.6;1277.4;;5;;;
5000;1033;1.jpg;Saccade;24783,33791;24;-;8.4;573.9;;5;;;
5001;1033;1.jpg;Saccade;16054,06941;24;-;6.9;707.3;;5;;;
5002;1033;1.jpg;Saccade;3199,564771;25,6;-;8.3;601.6;;5;;;
5003;1033;1.jpg;Saccade;5842,035411;22,4;-;6.6;569.1;;5;;;
5004;1033;1.jpg;Saccade;10411,16641;22,4;-;10.2;968.7;;5;;;
5005;1033;1.jpg;Fissazione;20134,27381;294,4;-;-;-;;;;;
5006;1033;1.jpg;Fissazione;13544,84311;143,2;-;-;-;;;;;
5007;1033;1.jpg;Saccade;29003,3276;26,4;-;11.5;1098.9;;5;;;
5008;1033;1.jpg;Saccade;684,1088909;44;-;6.0;368.7;;5;;;
5009;1033;1.jpg;Saccade;353,9408984;24,8;-;14.7;1053.0;;5;;;
5010;1033;1.jpg;Fissazione;1167,094729;117,6;-;-;-;;;;;
5011;1033;1.jpg;Fissazione;22706,02563;128;-;-;-;;;;;
5012;1033;1.jpg;Saccade;13078,63353;32;-;1.3;85.3;;5;;;
5013;1033;1.jpg;Fissazione;12688,25178;120,8;-;-;-;;;;;
5014;1033;1.jpg;Saccade;12373,50973;25,6;-;6.3;627.6;;5;;;
5015;1033;1.jpg;Saccade;11435,07626;48,8;-;32.6;1876.7;;5;;;
5016;1033;1.jpg;Saccade;10085,82237;26,4;-;10.3;914.0;;5;;;
5017;1033;1.jpg;Fissazione;12561,39203;91,2;-;-;-;;;;;
5018;1033;1.jpg;Saccade;9215,525324;23,2;-;12.2;973.2;;5;;;
5019;1033;1.jpg;Fissazione;10962,03693;166,4;-;-;-;;;;;
5020;1033;1.jpg;Saccade;30751,31513;31,2;-;11.8;1263.2;;5;;;
5021;1033;1.jpg;Fissazione;1854,703564;460,8;-;-;-;;;;;
5022;1033;1.jpg;Saccade;6353,946648;24;-;11.0;710.5;;5;;;
5023;1033;1.jpg;Saccade;605,4977264;45,6;-;14.9;887.0;;5;;;
5024;1033;1.jpg;Saccade;8303,514088;32,8;-;21.7;1388.6;;5;;;
5025;1033;1.jpg;Saccade;5669,708363;41,6;-;15.7;878.6;;5;;;
5026;1033;1.jpg;Saccade;8994,443327;49,6;-;42.6;2043.6;;5;;;
5027;1033;1.jpg;Saccade;3089,248977;29,6;-;9.5;631.0;;5;;;
5028;1033;1.jpg;Saccade;3004,36818;36;-;32.4;2009.2;;5;;;
5029;1033;1.jpg;Saccade;12709,65275;22,4;-;4.8;240.9;;5;;;
5030;1033;1.jpg;Saccade;2341,851738;51,2;-;1.4;40.7;;5;;;
5031;1033;1.jpg;Saccade;20806,27027;44,8;-;33.3;1772.5;;5;;;
5032;1033;1.jpg;Saccade;5449,779488;25,6;-;12.4;705.1;;5;;;
5033;1033;1.jpg;Fissazione;7509,582328;369,6;-;-;-;;;;;
5034;1033;1.jpg;Fissazione;1259,302499;215,2;-;-;-;;;;;
5035;1033;1.jpg;Saccade;3374,671644;27,2;-;7.1;650.4;;5;;;
5036;1033;1.jpg;Saccade;18249,69794;28,8;-;8.1;517.1;;5;;;
5037;1033;1.jpg;Fissazione;28355,23879;818,4;-;-;-;;;;;
5038;1033;1.jpg;Saccade;13908,16788;87,2;-;55.5;1952.3;;5;;;
5039;1033;1.jpg;Saccade;4619,539125;25,6;-;9.9;723.3;;5;;;
5040;1033;1.jpg;Saccade;8892,678483;59,2;-;23.8;956.2;;5;;;
5041;1033;1.jpg;Fissazione;7646,245265;203,2;-;-;-;;;;;
5042;1033;1.jpg;Saccade;11531,83836;29,6;-;21.5;1887.2;;5;;;
5043;1033;1.jpg;Saccade;11819,27571;32,8;-;13.3;1072.5;;5;;;
5044;1033;1.jpg;Fissazione;3842,440862;1036;-;-;-;;;;;
5045;1033;1.jpg;Saccade;8746,046792;36;-;20.9;1601.4;;5;;;
5046;1033;1.jpg;Saccade;17433,05406;44;-;19.1;1329.9;;5;;;
5047;1033;1.jpg;Saccade;31462,20227;90,4;-;4.4;148.5;;5;;;
5048;1033;1.jpg;Saccade;22106,76325;38,4;-;22.4;1287.3;;5;;;
5049;1033;1.jpg;Fissazione;2882,584645;81,6;-;-;-;;;;;
5050;1033;1.jpg;Saccade;26237,18377;23,2;-;21.2;1938.5;;5;;;
5051;1033;1.jpg;Saccade;29197,13178;27,2;-;12.9;1033.0;;5;;;
5052;1033;1.jpg;Fissazione;21274,73314;128;-;-;-;;;;;
5053;1033;1.jpg;Saccade;23790,85977;27,2;-;20.0;1688.6;;5;;;
5054;1033;1.jpg;Saccade;22994,22671;22,4;-;6.8;675.8;;5;;;
5055;1033;1.jpg;Fissazione;8081,869225;340;-;-;-;;;;;
5056;1033;1.jpg;Fissazione;605,1501322;51,2;-;-;-;;;;;
5057;1033;1.jpg;Fissazione;27129,17143;102,4;-;-;-;;;;;
5058;1033;1.jpg;Saccade;13853,08436;24,8;-;16.3;1662.5;;5;;;
5059;1033;1.jpg;Saccade;7556,281397;62,4;-;19.5;1628.1;;5;;;
5060;1033;1.jpg;Saccade;17467,04655;36,8;-;15.2;699.5;;5;;;
5061;1033;1.jpg;Saccade;1454,535309;29,6;-;1.6;91.3;;5;;;
5062;1033;1.jpg;Saccade;10469,26941;39,2;-;23.0;1652.6;;5;;;
5063;1033;1.jpg;Saccade;7564,47676;42,4;-;18.1;1156.9;;5;;;
5064;1033;1.jpg;Saccade;472,6209257;34,4;-;14.4;1205.6;;5;;;
5065;1033;1.jpg;Saccade;8207,2627;58,4;-;20.8;1006.5;;5;;;
5066;1033;1.jpg;Saccade;2884,043825;63,2;-;23.3;1289.9;;5;;;
5067;1033;1.jpg;Saccade;9319,75745;26,4;-;17.7;1300.4;;5;;;
5068;1033;1.jpg;Saccade;27788,24442;29,6;-;6.8;506.7;;5;;;
5069;1033;1.jpg;Saccade;27431,41833;28;-;11.6;884.4;;5;;;
5070;1033;1.jpg;Saccade;2803,555248;32;-;10.6;1054.0;;5;;;
5071;1033;2.jpg;Saccade;13075,03017;22,4;-;4.8;240.9;;5;;;
5072;1033;2.jpg;Saccade;13552,37098;87,2;-;55.5;1952.3;;5;;;
5073;1033;2.jpg;Saccade;11162,84961;39,2;-;23.4;1505.0;;5;;;
5074;1033;2.jpg;Fissazione;17624,80757;294,4;-;-;-;;;;;
5075;1033;2.jpg;Saccade;7477,170123;60,8;-;20.7;1330.6;;5;;;
5076;1033;2.jpg;Saccade;10008,17995;58,4;-;20.8;1006.5;;5;;;
5077;1033;2.jpg;Saccade;2864,210748;63,2;-;23.3;1289.9;;5;;;
5078;1033;2.jpg;Saccade;2228,398443;51,2;-;1.4;40.7;;5;;;
5079;1033;2.jpg;Saccade;33067,02359;40;-;14.9;1083.8;;5;;;
5080;1033;2.jpg;Saccade;1583,557242;49,6;-;5.3;207.5;;5;;;
5081;1033;2.jpg;Saccade;18310,14339;24;-;0.9;73.8;;5;;;
5082;1033;2.jpg;Saccade;8903,789936;32,8;-;1.1;79.5;;5;;;
5083;1033;2.jpg;Saccade;771,4515101;44;-;6.0;368.7;;5;;;
5084;1033;2.jpg;Saccade;2682,486099;36;-;32.4;2009.2;;5;;;
5085;1033;2.jpg;Fissazione;26904,3824;128;-;-;-;;;;;
5086;1033;2.jpg;Saccade;2958,24614;29,6;-;9.5;631.0;;5;;;
5087;1033;2.jpg;Saccade;21731,26927;28,8;-;8.1;517.1;;5;;;
5088;1033;2.jpg;Saccade;804,4144087;24;-;6.9;732.0;;5;;;
5089;1033;2.jpg;Saccade;28155,43348;51,2;-;5.2;293.5;;5;;;
5090;1033;2.jpg;Saccade;21866,05439;44;-;19.1;1329.9;;5;;;
5091;1033;2.jpg;Saccade;9871,789319;22,4;-;10.2;968.7;;5;;;
5092;1033;2.jpg;Fissazione;2619,774932;81,6;-;-;-;;;;;
5093;1033;2.jpg;Saccade;10822,83514;28,8;-;8.8;565.7;;5;;;
5094;1033;2.jpg;Saccade;21135,67614;43,2;-;7.3;404.4;;5;;;
5095;1033;2.jpg;Saccade;17412,66569;22,4;-;6.1;396.4;;5;;;
5096;1033;2.jpg;Saccade;15757,94024;24;-;6.9;707.3;;5;;;
5097;1033;2.jpg;Saccade;6388,162486;22,4;-;7.8;672.6;;5;;;
5098;1033;2.jpg;Fissazione;15942,23934;120,8;-;-;-;;;;;
5099;1033;2.jpg;Saccade;1704,021126;29,6;-;1.6;91.3;;5;;;
5100;1033;2.jpg;Saccade;2241,981745;32;-;10.6;1054.0;;5;;;
5101;1033;3.jpg;Saccade;1436,913022;29,6;-;1.6;91.3;;5;;;
5102;1033;3.jpg;Saccade;17440,97583;22,4;-;6.1;396.4;;5;;;
5103;1033;3.jpg;Saccade;4640,650666;25,6;-;9.4;575.7;;5;;;
5104;1033;3.jpg;Fissazione;12965,00376;143,2;-;-;-;;;;;
5105;1033;3.jpg;Fissazione;13086,75198;148,8;-;-;-;;;;;
5106;1033;3.jpg;Saccade;8906,036012;26,4;-;17.7;1300.4;;5;;;
5107;1033;3.jpg;Saccade;6074,693551;24,8;-;10.3;1190.2;;5;;;
5108;1033;3.jpg;Saccade;30460,73759;51,2;-;5.2;293.5;;5;;;
5109;1033;3.jpg;Saccade;9453,722387;39,2;-;23.4;1505.0;;5;;;
5110;1033;3.jpg;Saccade;25476,65597;45,6;-;11.7;623.4;;5;;;
5111;1033;3.jpg;Saccade;13488,14703;28,8;-;8.8;565.7;;5;;;
5112;1033;3.jpg;Fissazione;12207,9557;63,2;-;-;-;;;;;
5113;1033;3.jpg;Saccade;11226,29264;32,8;-;9.0;642.7;;5;;;
5114;1033;3.jpg;Saccade;12723,44756;23,2;-;7.2;613.7;;5;;;
5115;1033;3.jpg;Saccade;17651,62948;44,8;-;2.4;129.0;;5;;;
5116;1033;3.jpg;Saccade;10631,63974;32,8;-;16.6;1277.4;;5;;;
5117;1033;3.jpg;Saccade;3204,853169;29,6;-;9.5;631.0;;5;;;
5118;1033;3.jpg;Saccade;1586,188308;49,6;-;5.3;207.5;;5;;;
5119;1033;3.jpg;Fissazione;2975,656565;81,6;-;-;-;;;;;
5120;1033;3.jpg;Fissazione;12117,35001;166,4;-;-;-;;;;;
5121;1033;3.jpg;Saccade;6667,889156;50,4;-;20.7;1398.1;;5;;;
5122;1033;3.jpg;Fissazione;18790,91015;128;-;-;-;;;;;
5123;1033;3.jpg;Saccade;20399,99983;23,2;-;9.5;976.9;;5;;;
5124;1033;3.jpg;Saccade;20410,87353;51,2;-;4.5;153.7;;5;;;
5125;1033;3.jpg;Saccade;22565,05332;24;-;8.4;573.9;;5;;;
5126;1033;3.jpg;Saccade;11797,67819;58,4;-;8.2;378.7;;5;;;
5127;1034;1.jpg;Saccade;7469,089295;60,8;-;20.7;1330.6;;5;;;
5128;1034;1.jpg;Saccade;19225,90098;52,8;-;3.4;109.8;;5;;;
5129;1034;1.jpg;Saccade;19233,83831;43,2;-;7.3;404.4;;5;;;
5130;1034;1.jpg;Saccade;10478,46728;32,8;-;16.6;1277.4;;5;;;
5131;1034;1.jpg;Saccade;19365,92878;28,8;-;8.1;517.1;;5;;;
5132;1034;1.jpg;Fissazione;30265,3972;209,6;-;-;-;;;;;
5133;1034;1.jpg;Saccade;11206,98656;28,8;-;8.8;565.7;;5;;;
5134;1034;1.jpg;Saccade;2064,953689;22,4;-;9.3;777.1;;5;;;
5135;1034;1.jpg;Saccade;25070,53653;23,2;-;21.2;1938.5;;5;;;
5136;1034;1.jpg;Saccade;7293,29308;22,4;-;3.9;267.1;;5;;;
5137;1034;1.jpg;Fissazione;18064,105;112;-;-;-;;;;;
5138;1034;1.jpg;Saccade;27933,60164;40;-;14.9;1083.8;;5;;;
5139;1034;1.jpg;Saccade;5515,125444;25,6;-;9.4;575.7;;5;;;
5140;1034;1.jpg;Saccade;12199,16594;24;-;12.9;1275.2;;5;;;
5141;1034;1.jpg;Saccade;28385,60098;27,2;-;12.9;1033.0;;5;;;
5142;1034;1.jpg;Saccade;14749,00024;39,2;-;23.5;1731.4;;5;;;
5143;1034;1.jpg;Fissazione;18301,42975;128;-;-;-;;;;;
5144;1034;1.jpg;Fissazione;12145,95425;360,8;-;-;-;;;;;
5145;1034;1.jpg;Saccade;11313,01923;48,8;-;32.6;1876.7;;5;;;
5146;1034;1.jpg;Saccade;8037,001865;30,4;-;14.6;1012.8;;5;;;
5147;1034;1.jpg;Saccade;17068,24878;36,8;-;15.2;699.5;;5;;;
5148;1034;1.jpg;Saccade;20796,18084;44,8;-;2.4;129.0;;5;;;
5149;1034;1.jpg;Saccade;7871,9185;58,4;-;20.8;1006.5;;5;;;
5150;1034;1.jpg;Saccade;30277,84209;90,4;-;4.4;148.5;;5;;;
5151;1034;1.jpg;Saccade;10980,17528;44;-;1.4;68.0;;5;;;
5152;1034;1.jpg;Saccade;18811,08346;44;-;19.1;1329.9;;5;;;
5153;1034;1.jpg;Saccade;9610,24728;59,2;-;23.8;956.2;;5;;;
5154;1034;1.jpg;Saccade;13499,58394;23,2;-;7.2;613.7;;5;;;
5155;1034;1.jpg;Saccade;11816,92996;32,8;-;9.0;642.7;;5;;;
5156;1034;1.jpg;Saccade;8977,305275;29,6;-;12.2;951.2;;5;;;
5157;1034;1.jpg;Saccade;4787,772882;28;-;9.9;806.9;;5;;;
5158;1034;1.jpg;Saccade;6809,997645;30,4;-;26.5;1699.7;;5;;;
5159;1034;1.jpg;Saccade;18431,02249;28;-;7.5;664.5;;5;;;
5160;1034;1.jpg;Saccade;7947,430046;36;-;20.9;1601.4;;5;;;
5161;1034;1.jpg;Saccade;11086,63721;26,4;-;10.3;914.0;;5;;;
5162;1034;1.jpg;Saccade;31051,4053;26,4;-;11.5;1098.9;;5;;;
5163;1034;1.jpg;Saccade;7434,068196;32,8;-;9.9;587.8;;5;;;
5164;1034;1.jpg;Saccade;19934,53108;28,8;-;21.8;2131.8;;5;;;
5165;1034;1.jpg;Saccade;3250,920755;63,2;-;23.3;1289.9;;5;;;
5166;1034;1.jpg;Saccade;10315,62002;29,6;-;15.1;1262.8;;5;;;
5167;1034;1.jpg;Saccade;23039,01536;24;-;8.4;573.9;;5;;;
5168;1034;1.jpg;Saccade;2675,046398;32,8;-;14.3;1019.5;;5;;;
5169;1034;1.jpg;Saccade;12642,35783;24;-;7.6;557.5;;5;;;
5170;1034;1.jpg;Fissazione;16008,50164;148,8;-;-;-;;;;;
5171;1034;1.jpg;Saccade;7618,480741;42,4;-;18.1;1156.9;;5;;;
5172;1034;1.jpg;Saccade;14042,48572;24,8;-;16.3;1662.5;;5;;;
5173;1034;1.jpg;Fissazione;1367,496043;215,2;-;-;-;;;;;
5174;1034;1.jpg;Saccade;5686,578486;22,4;-;7.8;672.6;;5;;;
5175;1034;1.jpg;Fissazione;14391,86387;264,8;-;-;-;;;;;
5176;1034;1.jpg;Fissazione;1586,026552;117,6;-;-;-;;;;;
5177;1034;1.jpg;Fissazione;11820,05615;63,2;-;-;-;;;;;
5178;1034;1.jpg;Saccade;8905,844242;27,2;-;10.6;755.5;;5;;;
5179;1034;1.jpg;Fissazione;4280,319066;1036;-;-;-;;;;;
5180;1034;1.jpg;Saccade;5811,447048;25,6;-;12.4;705.1;;5;;;
5181;1034;1.jpg;Fissazione;34528,54826;175,2;-;-;-;;;;;
5182;1034;1.jpg;Saccade;6803,922968;24,8;-;10.3;1190.2;;5;;;
5183;1034;1.jpg;Saccade;32249,3406;52;-;19.6;1348.3;;5;;;
5184;1034;1.jpg;Saccade;737,2637038;24;-;6.9;732.0;;5;;;
5185;1034;1.jpg;Saccade;24812,56519;32;-;1.5;89.0;;5;;;
5186;1034;1.jpg;Saccade;7238,494944;32,8;-;1.1;79.5;;5;;;
5187;1034;1.jpg;Fissazione;12193,0263;257,6;-;-;-;;;;;
5188;1034;1.jpg;Saccade;10277,48576;22,4;-;10.2;968.7;;5;;;
5189;1034;1.jpg;Saccade;25346,78945;29,6;-;6.8;506.7;;5;;;
5190;1034;1.jpg;Saccade;18328,64525;22,4;-;7.7;692.6;;5;;;
5191;1034;1.jpg;Saccade;712,8418169;44;-;6.0;368.7;;5;;;
5192;1034;1.jpg;Saccade;5810,886432;41,6;-;15.7;878.6;;5;;;
5193;1034;1.jpg;Saccade;6715,274285;58,4;-;26.1;1165.6;;5;;;
5194;1034;1.jpg;Fissazione;11303,58944;91,2;-;-;-;;;;;
5195;1034;1.jpg;Fissazione;5895,38356;63,2;-;-;-;;;;;
5196;1034;1.jpg;Saccade;12367,08015;28;-;6.9;637.2;;5;;;
5197;1034;1.jpg;Saccade;28727,55271;22,4;-;4.0;197.1;;5;;;
5198;1034;1.jpg;Saccade;21706,56898;44,8;-;33.3;1772.5;;5;;;
5199;1034;1.jpg;Saccade;2774,91695;32;-;10.6;1054.0;;5;;;
5200;1034;1.jpg;Saccade;9187,639786;75,2;-;70.9;2061.7;;5;;;
5201;1034;1.jpg;Saccade;7750,727382;28,8;-;15.6;1161.7;;5;;;
5202;1034;1.jpg;Saccade;9537,399194;53,6;-;24.1;1367.1;;5;;;
5203;1034;1.jpg;Fissazione;20859,55983;140;-;-;-;;;;;
5204;1034;1.jpg;Fissazione;7640,928921;340;-;-;-;;;;;
5205;1034;1.jpg;Saccade;1447,339159;29,6;-;1.6;91.3;;5;;;
5206;1034;1.jpg;Saccade;4493,53914;25,6;-;9.9;723.3;;5;;;
5207;1034;1.jpg;Saccade;13340,81754;92;-;50.7;1483.9;;5;;;
5208;1034;1.jpg;Saccade;510,6510875;34,4;-;14.4;1205.6;;5;;;
5209;1034;1.jpg;Saccade;29408,43136;45,6;-;11.7;623.4;;5;;;
5210;1034;1.jpg;Fissazione;8585,882528;352;-;-;-;;;;;
5211;1034;1.jpg;Fissazione;1662,652098;460,8;-;-;-;;;;;
5212;1034;1.jpg;Saccade;5343,536048;23,2;-;13.2;721.6;;5;;;
5213;1034;1.jpg;Saccade;13316,40158;35,2;-;15.5;935.0;;5;;;
5214;1034;1.jpg;Saccade;6358,654877;70,4;-;25.2;977.4;;5;;;
5215;1034;2.jpg;Saccade;31255,92407;26,4;-;11.5;1098.9;;5;;;
5216;1034;2.jpg;Saccade;13467,13485;24,8;-;16.3;1662.5;;5;;;
5217;1034;2.jpg;Fissazione;11522,60344;166,4;-;-;-;;;;;
5218;1034;2.jpg;Saccade;29066,16481;31,2;-;11.8;1263.2;;5;;;
5219;1034;2.jpg;Saccade;8788,531892;53,6;-;24.1;1367.1;;5;;;
5220;1034;2.jpg;Saccade;9432,419766;32,8;-;16.6;1277.4;;5;;;
5221;1034;2.jpg;Saccade;18660,30932;24;-;0.9;73.8;;5;;;
5222;1034;2.jpg;Saccade;6975,718074;28,8;-;15.6;1161.7;;5;;;
5223;1034;2.jpg;Fissazione;12470,8832;143,2;-;-;-;;;;;
5224;1034;2.jpg;Saccade;7978,217297;30,4;-;14.6;1012.8;;5;;;
5225;1034;2.jpg;Saccade;2880,749262;63,2;-;23.3;1289.9;;5;;;
5226;1034;2.jpg;Saccade;18053,11372;36,8;-;15.2;699.5;;5;;;
5227;1034;2.jpg;Saccade;32619,63324;51,2;-;5.2;293.5;;5;;;
5228;1034;2.jpg;Saccade;7390,785334;60,8;-;20.7;1330.6;;5;;;
5229;1034;2.jpg;Saccade;15363,79405;24;-;7.6;557.5;;5;;;
5230;1034;2.jpg;Saccade;10237,97061;22,4;-;4.8;240.9;;5;;;
5231;1034;2.jpg;Saccade;5154,126782;25,6;-;9.9;723.3;;5;;;
5232;1034;2.jpg;Saccade;7965,990526;32,8;-;21.7;1388.6;;5;;;
5233;1034;2.jpg;Saccade;13843,03396;92;-;50.7;1483.9;;5;;;
5234;1034;2.jpg;Saccade;10929,34247;39,2;-;23.0;1652.6;;5;;;
5235;1034;2.jpg;Saccade;26556,91114;27,2;-;20.0;1688.6;;5;;;
5236;1034;2.jpg;Saccade;11792,03223;28,8;-;8.8;565.7;;5;;;
5237;1034;2.jpg;Fissazione;7149,784055;340;-;-;-;;;;;
5238;1034;2.jpg;Fissazione;6859,803712;658,4;-;-;-;;;;;
5239;1034;2.jpg;Fissazione;13101,64389;120,8;-;-;-;;;;;
5240;1034;2.jpg;Saccade;20296,98388;24;-;8.4;573.9;;5;;;
5241;1034;2.jpg;Fissazione;13834,19421;148,8;-;-;-;;;;;
5242;1034;2.jpg;Saccade;7435,894278;58,4;-;20.8;1006.5;;5;;;
5243;1034;2.jpg;Fissazione;18001,51563;128;-;-;-;;;;;
5244;1034;2.jpg;Saccade;24760,51852;32;-;1.5;89.0;;5;;;
5245;1034;2.jpg;Saccade;20518,93093;25,6;-;20.4;2027.7;;5;;;
5246;1034;2.jpg;Saccade;3431,193445;25,6;-;8.3;601.6;;5;;;
5247;1034;2.jpg;Saccade;1013,215301;54,4;-;16.9;1056.0;;5;;;
5248;1034;2.jpg;Saccade;11424,61889;48,8;-;32.6;1876.7;;5;;;
5249;1034;2.jpg;Saccade;35056,6005;28;-;11.6;884.4;;5;;;
5250;1034;2.jpg;Saccade;523,7209737;45,6;-;14.9;887.0;;5;;;
5251;1034;2.jpg;Fissazione;7679,774708;352;-;-;-;;;;;
5252;1034;2.jpg;Saccade;6089,28352;25,6;-;12.4;705.1;;5;;;
5253;1034;2.jpg;Fissazione;645,409166;51,2;-;-;-;;;;;
5254;1034;3.jpg;Saccade;26944,67464;26,4;-;11.5;1098.9;;5;;;
5255;1034;3.jpg;Saccade;26266,39606;29,6;-;6.8;506.7;;5;;;
5256;1034;3.jpg;Fissazione;12360,9751;143,2;-;-;-;;;;;
5257;1034;3.jpg;Saccade;19705,69011;28,8;-;21.8;2131.8;;5;;;
5258;1034;3.jpg;Fissazione;4592,814688;1036;-;-;-;;;;;
5259;1034;3.jpg;Saccade;8892,948704;32,8;-;21.7;1388.6;;5;;;
5260;1034;3.jpg;Saccade;13430,88018;28;-;6.9;637.2;;5;;;
5261;1034;3.jpg;Saccade;11251,70114;39,2;-;23.0;1652.6;;5;;;
5262;1034;3.jpg;Saccade;7770,11793;58,4;-;20.8;1006.5;;5;;;
5263;1034;3.jpg;Saccade;32289,54029;40;-;14.9;1083.8;;5;;;
5264;1034;3.jpg;Saccade;7008,947892;22,4;-;3.9;267.1;;5;;;
5265;1034;3.jpg;Saccade;8363,226516;30,4;-;14.6;1012.8;;5;;;
5266;1034;3.jpg;Fissazione;2770,024931;81,6;-;-;-;;;;;
5267;1034;3.jpg;Saccade;13114,56526;23,2;-;7.2;613.7;;5;;;
5268;1034;3.jpg;Saccade;10562,85407;22,4;-;10.2;968.7;;5;;;
5269;1034;3.jpg;Saccade;3290,517301;29,6;-;9.5;631.0;;5;;;
5270;1034;3.jpg;Fissazione;13817,51735;257,6;-;-;-;;;;;
5271;1034;3.jpg;Fissazione;21385,12216;112;-;-;-;;;;;
5272;1034;3.jpg;Saccade;26269,92507;32;-;3.3;108.3;;5;;;
5273;1034;3.jpg;Fissazione;11693,04265;101,6;-;-;-;;;;;
5274;1034;3.jpg;Saccade;6279,762113;70,4;-;25.2;977.4;;5;;;
5275;1034;3.jpg;Saccade;595,8173536;34,4;-;14.4;1205.6;;5;;;
5276;1034;3.jpg;Fissazione;6791,982437;369,6;-;-;-;;;;;
5277;1034;3.jpg;Saccade;21247,44042;44,8;-;33.3;1772.5;;5;;;
5278;1035;1.jpg;Saccade;29542,02395;26,4;-;11.5;1098.9;;5;;;
5279;1035;1.jpg;Fissazione;12722,50401;143,2;-;-;-;;;;;
5280;1035;1.jpg;Fissazione;6741,806916;154,4;-;-;-;;;;;
5281;1035;1.jpg;Saccade;17840,3621;28,8;-;8.1;517.1;;5;;;
5282;1035;1.jpg;Saccade;11598,88154;39,2;-;23.4;1505.0;;5;;;
5283;1035;1.jpg;Saccade;13423,04333;23,2;-;7.2;613.7;;5;;;
5284;1035;1.jpg;Saccade;14738,96419;92;-;50.7;1483.9;;5;;;
5285;1035;1.jpg;Fissazione;20643,63552;140;-;-;-;;;;;
5286;1035;1.jpg;Saccade;23574,5146;32;-;3.3;108.3;;5;;;
5287;1035;1.jpg;Saccade;2462,360144;22,4;-;9.3;777.1;;5;;;
5288;1035;1.jpg;Fissazione;12240,29526;91,2;-;-;-;;;;;
5289;1035;1.jpg;Saccade;11551,75336;28,8;-;8.8;565.7;;5;;;
5290;1035;1.jpg;Saccade;19112,47671;24;-;6.9;707.3;;5;;;
5291;1035;1.jpg;Fissazione;20812,86453;112;-;-;-;;;;;
5292;1035;1.jpg;Saccade;3161,294034;63,2;-;23.3;1289.9;;5;;;
5293;1035;1.jpg;Saccade;16657,3401;22,4;-;7.7;692.6;;5;;;
5294;1035;1.jpg;Saccade;6702,992005;50,4;-;20.7;1398.1;;5;;;
5295;1035;1.jpg;Saccade;6266,965555;30,4;-;26.5;1699.7;;5;;;
5296;1035;1.jpg;Saccade;17603,62491;28;-;7.5;664.5;;5;;;
5297;1035;1.jpg;Fissazione;11368,62542;264,8;-;-;-;;;;;
5298;1035;1.jpg;Saccade;1792,057284;39,2;-;7.9;536.1;;5;;;
5299;1035;1.jpg;Saccade;521,2275283;34,4;-;14.4;1205.6;;5;;;
5300;1035;1.jpg;Fissazione;4086,687415;1036;-;-;-;;;;;
5301;1035;1.jpg;Saccade;7033,0993;70,4;-;25.2;977.4;;5;;;
5302;1035;1.jpg;Saccade;18457,16698;24;-;10.9;1075.9;;5;;;
5303;1035;1.jpg;Saccade;10651,78688;22,4;-;4.8;240.9;;5;;;
5304;1035;1.jpg;Saccade;6518,66246;53,6;-;24.1;1367.1;;5;;;
5305;1035;1.jpg;Saccade;12622,3044;29,6;-;21.5;1887.2;;5;;;
5306;1035;1.jpg;Saccade;19896,75984;22,4;-;6.8;675.8;;5;;;
5307;1035;1.jpg;Saccade;8742,244127;75,2;-;70.9;2061.7;;5;;;
5308;1035;1.jpg;Fissazione;776,8164199;121,6;-;-;-;;;;;
5309;1035;1.jpg;Saccade;13046,36637;58,4;-;8.2;378.7;;5;;;
5310;1035;1.jpg;Saccade;19686,26495;52,8;-;3.4;109.8;;5;;;
5311;1035;1.jpg;Saccade;12021,3094;59,2;-;22.9;1454.1;;5;;;
5312;1035;1.jpg;Fissazione;12899,09747;148,8;-;-;-;;;;;
5313;1035;1.jpg;Saccade;27475,75121;27,2;-;20.0;1688.6;;5;;;
5314;1035;1.jpg;Saccade;3022,803347;32;-;10.6;1054.0;;5;;;
5315;1035;1.jpg;Saccade;5665,25712;24;-;11.0;710.5;;5;;;
5316;1035;1.jpg;Saccade;11146,10371;32,8;-;13.3;1072.5;;5;;;
5317;1035;1.jpg;Saccade;7530,094428;58,4;-;20.8;1006.5;;5;;;
5318;1035;1.jpg;Saccade;27294,81426;45,6;-;11.7;623.4;;5;;;
5319;1035;1.jpg;Saccade;7412,312295;62,4;-;19.5;1628.1;;5;;;
5320;1035;1.jpg;Fissazione;6033,845501;63,2;-;-;-;;;;;
5321;1035;1.jpg;Saccade;8933,911751;27,2;-;10.6;755.5;;5;;;
5322;1035;1.jpg;Saccade;1464,282131;29,6;-;1.6;91.3;;5;;;
5323;1035;1.jpg;Saccade;11509,84806;25,6;-;6.3;627.6;;5;;;
5324;1035;1.jpg;Saccade;8944,504514;36;-;20.9;1601.4;;5;;;
5325;1035;1.jpg;Saccade;16032,43464;44,8;-;2.4;129.0;;5;;;
5326;1035;1.jpg;Saccade;7123,940232;58,4;-;26.1;1165.6;;5;;;
5327;1035;1.jpg;Saccade;11789,75435;28;-;6.9;637.2;;5;;;
5328;1035;1.jpg;Saccade;14138,64014;24;-;7.6;557.5;;5;;;
5329;1035;1.jpg;Fissazione;1328,274448;215,2;-;-;-;;;;;
5330;1035;1.jpg;Fissazione;2352,372889;81,6;-;-;-;;;;;
5331;1035;1.jpg;Saccade;5627,130143;22,4;-;6.6;569.1;;5;;;
5332;1035;1.jpg;Saccade;19757,49616;28,8;-;21.8;2131.8;;5;;;
5333;1035;1.jpg;Fissazione;13556,85773;120,8;-;-;-;;;;;
5334;1035;1.jpg;Saccade;3956,959036;23,2;-;13.2;721.6;;5;;;
5335;1035;1.jpg;Saccade;27096,08876;28;-;11.6;884.4;;5;;;
5336;1035;1.jpg;Saccade;22382,88567;44,8;-;33.3;1772.5;;5;;;
5337;1035;1.jpg;Fissazione;25486,27934;128;-;-;-;;;;;
5338;1035;1.jpg;Fissazione;12825,60582;101,6;-;-;-;;;;;
5339;1035;1.jpg;Saccade;18341,33495;22,4;-;6.1;396.4;;5;;;
5340;1035;1.jpg;Saccade;1627,826232;49,6;-;5.3;207.5;;5;;;
5341;1035;1.jpg;Saccade;11605,92399;48,8;-;32.6;1876.7;;5;;;
5342;1035;1.jpg;Fissazione;30000,23588;175,2;-;-;-;;;;;
5343;1035;1.jpg;Saccade;9474,551989;32,8;-;21.7;1388.6;;5;;;
5344;1035;1.jpg;Saccade;12390,34068;32,8;-;9.0;642.7;;5;;;
5345;1035;1.jpg;Saccade;2695,140548;29,6;-;9.5;631.0;;5;;;
5346;1035;1.jpg;Saccade;6297,549776;41,6;-;15.7;878.6;;5;;;
5347;1035;1.jpg;Fissazione;31516,64273;209,6;-;-;-;;;;;
5348;1035;1.jpg;Saccade;15215,32525;44;-;1.4;68.0;;5;;;
5349;1035;1.jpg;Saccade;19982,09099;43,2;-;7.3;404.4;;5;;;
5350;1035;1.jpg;Fissazione;34213,90211;818,4;-;-;-;;;;;
5351;1035;1.jpg;Fissazione;20690,98274;128;-;-;-;;;;;
5352;1035;1.jpg;Saccade;6789,263607;22,4;-;7.8;672.6;;5;;;
5353;1035;1.jpg;Saccade;11022,15604;24;-;12.9;1275.2;;5;;;
5354;1035;1.jpg;Fissazione;27298,05069;102,4;-;-;-;;;;;
5355;1035;1.jpg;Saccade;13992,93652;32;-;1.3;85.3;;5;;;
5356;1035;1.jpg;Saccade;10226,24669;59,2;-;23.8;956.2;;5;;;
5357;1035;1.jpg;Saccade;5804,318531;25,6;-;12.4;705.1;;5;;;
5358;1035;1.jpg;Saccade;10199,32177;29,6;-;12.2;951.2;;5;;;
5359;1035;1.jpg;Fissazione;20323,7725;294,4;-;-;-;;;;;
5360;1035;2.jpg;Saccade;7687,018029;32,8;-;21.7;1388.6;;5;;;
5361;1035;2.jpg;Saccade;29198,88107;31,2;-;11.8;1263.2;;5;;;
5362;1035;2.jpg;Saccade;19556,45329;22,4;-;6.1;396.4;;5;;;
5363;1035;2.jpg;Saccade;8193,7302;60,8;-;20.7;1330.6;;5;;;
5364;1035;2.jpg;Saccade;19294,02276;52,8;-;3.4;109.8;;5;;;
5365;1035;2.jpg;Saccade;5035,565813;25,6;-;9.4;575.7;;5;;;
5366;1035;2.jpg;Saccade;8729,266021;53,6;-;24.1;1367.1;;5;;;
5367;1035;2.jpg;Saccade;1741,316583;39,2;-;7.9;536.1;;5;;;
5368;1035;2.jpg;Fissazione;27132,55306;128;-;-;-;;;;;
5369;1035;2.jpg;Saccade;3551,57701;25,6;-;8.3;601.6;;5;;;
5370;1035;2.jpg;Fissazione;6843,99011;340;-;-;-;;;;;
5371;1035;2.jpg;Saccade;23018,58679;23,2;-;21.2;1938.5;;5;;;
5372;1035;2.jpg;Saccade;19907,43843;28;-;7.5;664.5;;5;;;
5373;1035;2.jpg;Saccade;18541,09208;28,8;-;8.1;517.1;;5;;;
5374;1035;2.jpg;Saccade;8586,588012;45,6;-;17.4;954.0;;5;;;
5375;1035;2.jpg;Saccade;2941,945908;25,6;-;6.8;495.1;;5;;;
5376;1035;2.jpg;Fissazione;3900,935941;1036;-;-;-;;;;;
5377;1035;2.jpg;Saccade;8679,538219;36;-;20.9;1601.4;;5;;;
5378;1035;2.jpg;Saccade;2647,508242;36;-;32.4;2009.2;;5;;;
5379;1035;2.jpg;Saccade;6437,919309;67,2;-;17.3;833.4;;5;;;
5380;1035;2.jpg;Fissazione;5439,721331;369,6;-;-;-;;;;;
5381;1035;2.jpg;Saccade;4931,187865;23,2;-;13.2;721.6;;5;;;
5382;1035;2.jpg;Saccade;2163,716774;51,2;-;1.4;40.7;;5;;;
5383;1035;2.jpg;Saccade;11923,85749;22,4;-;4.8;240.9;;5;;;
5384;1035;2.jpg;Saccade;14648,6641;24,8;-;16.3;1662.5;;5;;;
5385;1035;2.jpg;Fissazione;11855,94545;101,6;-;-;-;;;;;
5386;1035;2.jpg;Fissazione;20064,98631;294,4;-;-;-;;;;;
5387;1035;2.jpg;Saccade;8401,470527;29,6;-;12.2;951.2;;5;;;
5388;1035;3.jpg;Fissazione;6555,715766;369,6;-;-;-;;;;;
5389;1035;3.jpg;Saccade;2825,843545;36;-;32.4;2009.2;;5;;;
5390;1035;3.jpg;Saccade;10048,56637;28;-;6.9;637.2;;5;;;
5391;1035;3.jpg;Saccade;9355,078794;29,6;-;15.1;1262.8;;5;;;
5392;1035;3.jpg;Fissazione;30227,36545;128;-;-;-;;;;;
5393;1035;3.jpg;Saccade;7866,807294;45,6;-;17.4;954.0;;5;;;
5394;1035;3.jpg;Fissazione;19413,59968;112;-;-;-;;;;;
5395;1035;3.jpg;Saccade;2747,942438;32,8;-;14.3;1019.5;;5;;;
5396;1035;3.jpg;Saccade;18545,37891;52,8;-;3.4;109.8;;5;;;
5397;1035;3.jpg;Fissazione;29520,53286;175,2;-;-;-;;;;;
5398;1035;3.jpg;Saccade;27397,38893;26,4;-;11.5;1098.9;;5;;;
5399;1035;3.jpg;Saccade;11678,62427;26,4;-;17.7;1300.4;;5;;;
5400;1035;3.jpg;Saccade;9628,404826;49,6;-;42.6;2043.6;;5;;;
5401;1035;3.jpg;Saccade;28242,95147;40;-;14.9;1083.8;;5;;;
5402;1035;3.jpg;Saccade;9400,836984;59,2;-;23.8;956.2;;5;;;
5403;1035;3.jpg;Fissazione;9040,525226;352;-;-;-;;;;;
5404;1035;3.jpg;Saccade;2424,256431;22,4;-;9.3;777.1;;5;;;
5405;1035;3.jpg;Saccade;13989,51774;24,8;-;16.3;1662.5;;5;;;
5406;1035;3.jpg;Saccade;26727,64221;27,2;-;12.9;1033.0;;5;;;
5407;1035;3.jpg;Saccade;13518,46092;92;-;50.7;1483.9;;5;;;
5408;1035;3.jpg;Saccade;19705,63627;44,8;-;2.4;129.0;;5;;;
5409;1035;3.jpg;Fissazione;7487,115057;340;-;-;-;;;;;
5410;1035;3.jpg;Saccade;10816,21718;39,2;-;23.4;1505.0;;5;;;
5411;1035;3.jpg;Saccade;31740,15314;31,2;-;11.8;1263.2;;5;;;
5412;1036;1.jpg;Saccade;9851,916806;48,8;-;32.6;1876.7;;5;;;
5413;1036;1.jpg;Saccade;2611,704315;32,8;-;14.3;1019.5;;5;;;
5414;1036;1.jpg;Saccade;30720,0319;32;-;3.3;108.3;;5;;;
5415;1036;1.jpg;Saccade;9190,963566;42,4;-;18.1;1156.9;;5;;;
5416;1036;1.jpg;Saccade;5212,066195;41,6;-;15.7;878.6;;5;;;
5417;1036;1.jpg;Saccade;2811,298911;36;-;32.4;2009.2;;5;;;
5418;1036;1.jpg;Fissazione;7209,383843;658,4;-;-;-;;;;;
5419;1036;1.jpg;Fissazione;14650,37073;143,2;-;-;-;;;;;
5420;1036;1.jpg;Fissazione;7372,812701;203,2;-;-;-;;;;;
5421;1036;1.jpg;Saccade;6768,559716;22,4;-;3.9;267.1;;5;;;
5422;1036;1.jpg;Saccade;28179,06558;28;-;11.6;884.4;;5;;;
5423;1036;1.jpg;Saccade;5027,793364;23,2;-;13.2;721.6;;5;;;
5424;1036;1.jpg;Saccade;5449,940598;28;-;9.9;806.9;;5;;;
5425;1036;1.jpg;Saccade;10854,74879;32,8;-;9.0;642.7;;5;;;
5426;1036;1.jpg;Saccade;6931,022664;24;-;11.0;710.5;;5;;;
5427;1036;1.jpg;Saccade;2347,923072;22,4;-;9.3;777.1;;5;;;
5428;1036;1.jpg;Saccade;30954,79394;52;-;19.6;1348.3;;5;;;
5429;1036;1.jpg;Fissazione;12919,07858;257,6;-;-;-;;;;;
5430;1036;1.jpg;Saccade;9743,252307;32,8;-;13.3;1072.5;;5;;;
5431;1036;1.jpg;Saccade;26561,67236;22,4;-;4.0;197.1;;5;;;
5432;1036;1.jpg;Saccade;9128,584384;23,2;-;12.2;973.2;;5;;;
5433;1036;1.jpg;Saccade;13746,92696;58,4;-;8.2;378.7;;5;;;
5434;1036;1.jpg;Saccade;18480,52537;24;-;6.9;707.3;;5;;;
5435;1036;1.jpg;Saccade;30667,79431;51,2;-;5.2;293.5;;5;;;
5436;1036;1.jpg;Saccade;12670,47938;44;-;1.4;68.0;;5;;;
5437;1036;1.jpg;Saccade;20747,03894;43,2;-;7.3;404.4;;5;;;
5438;1036;1.jpg;Saccade;1711,106034;42,4;-;1.5;65.7;;5;;;
5439;1036;1.jpg;Saccade;8061,576754;60,8;-;20.7;1330.6;;5;;;
5440;1036;1.jpg;Saccade;10188,96739;29,6;-;21.5;1887.2;;5;;;
5441;1036;1.jpg;Saccade;22951,69378;52,8;-;3.4;109.8;;5;;;
5442;1036;1.jpg;Saccade;9490,941684;75,2;-;70.9;2061.7;;5;;;
5443;1036;1.jpg;Saccade;1011,731962;54,4;-;16.9;1056.0;;5;;;
5444;1036;1.jpg;Fissazione;1549,092978;117,6;-;-;-;;;;;
5445;1036;1.jpg;Saccade;11589,9409;22,4;-;4.8;240.9;;5;;;
5446;1036;1.jpg;Saccade;2781,078482;25,6;-;6.8;495.1;;5;;;
5447;1036;1.jpg;Saccade;26127,51404;27,2;-;12.9;1033.0;;5;;;
5448;1036;1.jpg;Fissazione;30628,38802;209,6;-;-;-;;;;;
5449;1036;1.jpg;Saccade;23410,82963;32;-;1.5;89.0;;5;;;
5450;1036;1.jpg;Saccade;7238,476883;32,8;-;1.1;79.5;;5;;;
5451;1036;1.jpg;Saccade;20246,89977;28,8;-;21.8;2131.8;;5;;;
5452;1036;1.jpg;Saccade;2982,728076;63,2;-;23.3;1289.9;;5;;;
5453;1036;1.jpg;Saccade;6923,831507;22,4;-;7.8;672.6;;5;;;
5454;1036;1.jpg;Saccade;31315,41217;45,6;-;11.7;623.4;;5;;;
5455;1036;1.jpg;Fissazione;12182,28633;101,6;-;-;-;;;;;
5456;1036;1.jpg;Saccade;17828,30054;44,8;-;2.4;129.0;;5;;;
5457;1036;1.jpg;Saccade;6761,352455;22,4;-;6.6;569.1;;5;;;
5458;1036;1.jpg;Saccade;7270,200491;45,6;-;17.4;954.0;;5;;;
5459;1036;1.jpg;Saccade;19405,34429;24;-;10.9;1075.9;;5;;;
5460;1036;1.jpg;Saccade;17758,01257;44;-;19.1;1329.9;;5;;;
5461;1036;1.jpg;Saccade;10347,2947;28,8;-;8.8;565.7;;5;;;
5462;1036;1.jpg;Saccade;429,2399399;34,4;-;14.4;1205.6;;5;;;
5463;1036;1.jpg;Saccade;6740,657616;28,8;-;15.6;1161.7;;5;;;
5464;1036;1.jpg;Fissazione;26685,24403;102,4;-;-;-;;;;;
5465;1036;1.jpg;Fissazione;11479,45111;264,8;-;-;-;;;;;
5466;1036;1.jpg;Saccade;11328,97157;24;-;12.9;1275.2;;5;;;
5467;1036;1.jpg;Saccade;29393,76713;26,4;-;11.5;1098.9;;5;;;
5468;1036;1.jpg;Saccade;10279,28706;29,6;-;15.1;1262.8;;5;;;
5469;1036;1.jpg;Saccade;3018,003623;32;-;10.6;1054.0;;5;;;
5470;1036;1.jpg;Fissazione;23803,81055;128;-;-;-;;;;;
5471;1036;1.jpg;Fissazione;17763,50017;112;-;-;-;;;;;
5472;1036;1.jpg;Saccade;374,1330104;24,8;-;14.7;1053.0;;5;;;
5473;1036;1.jpg;Saccade;12518,49244;92;-;50.7;1483.9;;5;;;
5474;1036;1.jpg;Saccade;10672,11232;39,2;-;23.0;1652.6;;5;;;
5475;1036;1.jpg;Saccade;32995,52873;90,4;-;4.4;148.5;;5;;;
5476;1036;1.jpg;Fissazione;6808,086631;154,4;-;-;-;;;;;
5477;1036;1.jpg;Saccade;14443,57456;59,2;-;22.9;1454.1;;5;;;
5478;1036;1.jpg;Saccade;13141,17403;39,2;-;23.5;1731.4;;5;;;
5479;1036;1.jpg;Fissazione;22150,74548;294,4;-;-;-;;;;;
5480;1036;1.jpg;Saccade;13394,06868;87,2;-;55.5;1952.3;;5;;;
5481;1036;1.jpg;Saccade;838,4007654;24;-;6.9;732.0;;5;;;
5482;1036;1.jpg;Saccade;6459,097053;70,4;-;25.2;977.4;;5;;;
5483;1036;1.jpg;Saccade;24097,20052;27,2;-;20.0;1688.6;;5;;;
5484;1036;1.jpg;Saccade;2757,301511;29,6;-;9.5;631.0;;5;;;
5485;1036;1.jpg;Fissazione;13455,56895;91,2;-;-;-;;;;;
5486;1036;1.jpg;Saccade;29752,3411;40;-;14.9;1083.8;;5;;;
5487;1036;1.jpg;Saccade;12583,45186;25,6;-;6.3;627.6;;5;;;
5488;1036;1.jpg;Saccade;8214,918781;58,4;-;20.8;1006.5;;5;;;
5489;1036;1.jpg;Saccade;21484,65199;25,6;-;20.4;2027.7;;5;;;
5490;1036;1.jpg;Saccade;11132,43345;39,2;-;23.4;1505.0;;5;;;
5491;1036;1.jpg;Fissazione;13666,075;166,4;-;-;-;;;;;
5492;1036;1.jpg;Saccade;9780,354499;27,2;-;10.6;755.5;;5;;;
5493;1036;1.jpg;Saccade;9534,481641;36;-;20.9;1601.4;;5;;;
5494;1036;1.jpg;Saccade;9459,455189;26,4;-;17.7;1300.4;;5;;;
5495;1036;1.jpg;Saccade;3269,822449;27,2;-;7.1;650.4;;5;;;
5496;1036;1.jpg;Saccade;8336,347707;30,4;-;14.6;1012.8;;5;;;
5497;1036;1.jpg;Saccade;13939,45215;24,8;-;16.3;1662.5;;5;;;
5498;1036;1.jpg;Saccade;17175,59497;51,2;-;4.5;153.7;;5;;;
5499;1036;1.jpg;Fissazione;517,1435603;51,2;-;-;-;;;;;
5500;1036;1.jpg;Saccade;13098,60645;24;-;7.6;557.5;;5;;;
5501;1036;1.jpg;Fissazione;28829,62109;818,4;-;-;-;;;;;
5502;1036;1.jpg;Saccade;9395,200846;22,4;-;10.2;968.7;;5;;;
5503;1036;1.jpg;Fissazione;12102,20634;63,2;-;-;-;;;;;
5504;1036;1.jpg;Saccade;19489,98709;44,8;-;33.3;1772.5;;5;;;
5505;1036;1.jpg;Saccade;5846,692366;30,4;-;26.5;1699.7;;5;;;
5506;1036;1.jpg;Saccade;7113,688013;32,8;-;9.9;587.8;;5;;;
5507;1036;2.jpg;Saccade;2407,876661;22,4;-;9.3;777.1;;5;;;
5508;1036;2.jpg;Saccade;6218,232725;30,4;-;26.5;1699.7;;5;;;
5509;1036;2.jpg;Saccade;1831,499307;39,2;-;7.9;536.1;;5;;;
5510;1036;2.jpg;Saccade;4787,528474;28;-;9.9;806.9;;5;;;
5511;1036;2.jpg;Saccade;676,8180719;44;-;6.0;368.7;;5;;;
5512;1036;2.jpg;Saccade;10329,39693;26,4;-;17.7;1300.4;;5;;;
5513;1036;2.jpg;Saccade;11885,95532;23,2;-;7.2;613.7;;5;;;
5514;1036;2.jpg;Fissazione;14783,50926;148,8;-;-;-;;;;;
5515;1036;2.jpg;Fissazione;11105,19102;91,2;-;-;-;;;;;
5516;1036;2.jpg;Saccade;13203,12476;25,6;-;6.3;627.6;;5;;;
5517;1036;2.jpg;Fissazione;7401,618372;369,6;-;-;-;;;;;
5518;1036;2.jpg;Fissazione;11632,01546;264,8;-;-;-;;;;;
5519;1036;2.jpg;Saccade;29852,63742;29,6;-;6.8;506.7;;5;;;
5520;1036;2.jpg;Saccade;32368,26808;90,4;-;4.4;148.5;;5;;;
5521;1036;2.jpg;Saccade;2993,40329;27,2;-;7.1;650.4;;5;;;
5522;1036;2.jpg;Saccade;23145,49899;32;-;3.3;108.3;;5;;;
5523;1036;2.jpg;Saccade;26783,46817;23,2;-;21.2;1938.5;;5;;;
5524;1036;2.jpg;Saccade;18331,0828;52,8;-;3.4;109.8;;5;;;
5525;1036;2.jpg;Fissazione;825,3205188;121,6;-;-;-;;;;;
5526;1036;2.jpg;Fissazione;14878,03948;101,6;-;-;-;;;;;
5527;1036;2.jpg;Saccade;15303,63868;24,8;-;16.3;1662.5;;5;;;
5528;1036;2.jpg;Saccade;6584,619637;22,4;-;3.9;267.1;;5;;;
5529;1036;2.jpg;Fissazione;18097,47984;112;-;-;-;;;;;
5530;1036;2.jpg;Saccade;17319,8048;28;-;7.5;664.5;;5;;;
5531;1036;2.jpg;Saccade;2284,36289;51,2;-;1.4;40.7;;5;;;
5532;1036;2.jpg;Saccade;25001,0651;45,6;-;11.7;623.4;;5;;;
5533;1036;2.jpg;Saccade;5218,288315;25,6;-;12.4;705.1;;5;;;
5534;1036;2.jpg;Saccade;20421,00271;22,4;-;7.7;692.6;;5;;;
5535;1036;2.jpg;Saccade;7614,346241;32,8;-;21.7;1388.6;;5;;;
5536;1036;2.jpg;Saccade;12102,46609;28,8;-;8.8;565.7;;5;;;
5537;1036;2.jpg;Saccade;14608,44628;32;-;1.3;85.3;;5;;;
5538;1036;2.jpg;Saccade;21179,79615;23,2;-;9.5;976.9;;5;;;
5539;1036;2.jpg;Saccade;7176,852986;32,8;-;9.9;587.8;;5;;;
5540;1036;2.jpg;Saccade;2887,163758;25,6;-;6.8;495.1;;5;;;
5541;1036;2.jpg;Saccade;20609,07686;51,2;-;4.5;153.7;;5;;;
5542;1036;2.jpg;Saccade;10586,5576;39,2;-;23.4;1505.0;;5;;;
5543;1036;2.jpg;Saccade;9166,662385;59,2;-;23.8;956.2;;5;;;
5544;1036;3.jpg;Saccade;26524,73182;29,6;-;6.8;506.7;;5;;;
5545;1036;3.jpg;Saccade;32382,77869;52;-;19.6;1348.3;;5;;;
5546;1036;3.jpg;Saccade;15368,19919;22,4;-;7.7;692.6;;5;;;
5547;1036;3.jpg;Fissazione;16316,81036;112;-;-;-;;;;;
5548;1036;3.jpg;Saccade;27217,50835;45,6;-;11.7;623.4;;5;;;
5549;1036;3.jpg;Saccade;817,2254534;44;-;6.0;368.7;;5;;;
5550;1036;3.jpg;Saccade;8642,599642;27,2;-;10.6;755.5;;5;;;
5551;1036;3.jpg;Saccade;7358,741088;22,4;-;3.9;267.1;;5;;;
5552;1036;3.jpg;Saccade;2108,223222;51,2;-;1.4;40.7;;5;;;
5553;1036;3.jpg;Saccade;5749,962324;25,6;-;12.4;705.1;;5;;;
5554;1036;3.jpg;Saccade;7483,358196;32,8;-;1.1;79.5;;5;;;
5555;1036;3.jpg;Saccade;6965,767921;50,4;-;20.7;1398.1;;5;;;
5556;1036;3.jpg;Fissazione;27827,68378;128;-;-;-;;;;;
5557;1036;3.jpg;Fissazione;3014,434702;81,6;-;-;-;;;;;
5558;1036;3.jpg;Saccade;9458,131329;24;-;3.7;346.5;;5;;;
5559;1036;3.jpg;Fissazione;13217,83083;264,8;-;-;-;;;;;
5560;1036;3.jpg;Saccade;1403,042633;29,6;-;1.6;91.3;;5;;;
5561;1036;3.jpg;Saccade;7977,749032;23,2;-;12.2;973.2;;5;;;
5562;1036;3.jpg;Fissazione;21204,12361;140;-;-;-;;;;;
5563;1036;3.jpg;Saccade;7294,12921;45,6;-;17.4;954.0;;5;;;
5564;1036;3.jpg;Saccade;12745,54171;24,8;-;16.3;1662.5;;5;;;
5565;1036;3.jpg;Saccade;506,5071971;34,4;-;14.4;1205.6;;5;;;
5566;1036;3.jpg;Saccade;6806,28704;58,4;-;26.1;1165.6;;5;;;
5567;1036;3.jpg;Fissazione;4037,915422;1036;-;-;-;;;;;
5568;1036;3.jpg;Saccade;21645,57163;44,8;-;2.4;129.0;;5;;;
5569;1037;1.jpg;Saccade;11481,07159;24,8;-;16.3;1662.5;;5;;;
5570;1037;1.jpg;Saccade;26962,32355;28;-;11.6;884.4;;5;;;
5571;1037;1.jpg;Saccade;13419,82751;39,2;-;23.5;1731.4;;5;;;
5572;1037;1.jpg;Saccade;24616,80324;45,6;-;11.7;623.4;;5;;;
5573;1037;1.jpg;Saccade;2956,261757;32;-;10.6;1054.0;;5;;;
5574;1037;1.jpg;Saccade;34053,59601;51,2;-;5.2;293.5;;5;;;
5575;1037;1.jpg;Fissazione;12431,77732;166,4;-;-;-;;;;;
5576;1037;1.jpg;Fissazione;33787,70577;818,4;-;-;-;;;;;
5577;1037;1.jpg;Saccade;20513,92407;22,4;-;6.1;396.4;;5;;;
5578;1037;1.jpg;Fissazione;1637,516319;460,8;-;-;-;;;;;
5579;1037;1.jpg;Saccade;21271,62719;51,2;-;4.5;153.7;;5;;;
5580;1037;1.jpg;Saccade;13236,06489;28;-;6.9;637.2;;5;;;
5581;1037;1.jpg;Fissazione;12543,21447;257,6;-;-;-;;;;;
5582;1037;1.jpg;Saccade;1595,380656;42,4;-;1.5;65.7;;5;;;
5583;1037;1.jpg;Fissazione;13439,53802;120,8;-;-;-;;;;;
5584;1037;1.jpg;Saccade;15450,72248;87,2;-;55.5;1952.3;;5;;;
5585;1037;1.jpg;Fissazione;2793,9556;81,6;-;-;-;;;;;
5586;1037;1.jpg;Saccade;19448,97424;24;-;6.9;707.3;;5;;;
5587;1037;1.jpg;Saccade;27789,22555;40;-;14.9;1083.8;;5;;;
5588;1037;1.jpg;Saccade;26099,45949;27,2;-;12.9;1033.0;;5;;;
5589;1037;1.jpg;Saccade;9042,852101;29,6;-;12.2;951.2;;5;;;
5590;1037;1.jpg;Saccade;11073,62825;39,2;-;23.0;1652.6;;5;;;
5591;1037;1.jpg;Saccade;13182,65445;25,6;-;6.3;627.6;;5;;;
5592;1037;1.jpg;Saccade;2540,620723;25,6;-;6.8;495.1;;5;;;
5593;1037;1.jpg;Saccade;9342,640633;29,6;-;15.1;1262.8;;5;;;
5594;1037;1.jpg;Saccade;21823,16033;44,8;-;2.4;129.0;;5;;;
5595;1037;1.jpg;Saccade;7546,343529;36;-;20.9;1601.4;;5;;;
5596;1037;1.jpg;Fissazione;532,781882;51,2;-;-;-;;;;;
5597;1037;1.jpg;Saccade;6810,708042;30,4;-;26.5;1699.7;;5;;;
5598;1037;1.jpg;Saccade;2761,821621;63,2;-;23.3;1289.9;;5;;;
5599;1037;1.jpg;Saccade;27859,30506;23,2;-;21.2;1938.5;;5;;;
5600;1037;1.jpg;Saccade;8409,345853;53,6;-;24.1;1367.1;;5;;;
5601;1037;1.jpg;Saccade;1200,86054;29,6;-;1.6;91.3;;5;;;
5602;1037;1.jpg;Fissazione;9987,196593;360,8;-;-;-;;;;;
5603;1037;1.jpg;Saccade;29962,1188;31,2;-;11.8;1263.2;;5;;;
5604;1037;1.jpg;Saccade;7312,682413;70,4;-;25.2;977.4;;5;;;
5605;1037;1.jpg;Saccade;6832,765825;50,4;-;20.7;1398.1;;5;;;
5606;1037;1.jpg;Saccade;24760,8209;38,4;-;22.4;1287.3;;5;;;
5607;1037;1.jpg;Saccade;17064,93447;44;-;19.1;1329.9;;5;;;
5608;1037;1.jpg;Saccade;4959,753776;28;-;9.9;806.9;;5;;;
5609;1037;1.jpg;Fissazione;1481,746398;117,6;-;-;-;;;;;
5610;1037;1.jpg;Fissazione;12784,16722;101,6;-;-;-;;;;;
5611;1037;1.jpg;Saccade;23746,07493;22,4;-;4.0;197.1;;5;;;
5612;1037;1.jpg;Saccade;19466,1294;28,8;-;21.8;2131.8;;5;;;
5613;1037;1.jpg;Fissazione;8055,967273;203,2;-;-;-;;;;;
5614;1037;1.jpg;Saccade;4301,576851;23,2;-;13.2;721.6;;5;;;
5615;1037;1.jpg;Saccade;11548,38879;32,8;-;9.0;642.7;;5;;;
5616;1037;1.jpg;Fissazione;17831,79144;112;-;-;-;;;;;
5617;1037;1.jpg;Saccade;5590,021815;41,6;-;15.7;878.6;;5;;;
5618;1037;1.jpg;Saccade;3272,042208;29,6;-;9.5;631.0;;5;;;
5619;1037;1.jpg;Saccade;5405,401738;25,6;-;9.4;575.7;;5;;;
5620;1037;1.jpg;Saccade;13026,90669;28,8;-;8.8;565.7;;5;;;
5621;1037;1.jpg;Saccade;603,1941701;45,6;-;14.9;887.0;;5;;;
5622;1037;1.jpg;Saccade;5973,980865;22,4;-;6.6;569.1;;5;;;
5623;1037;1.jpg;Saccade;12856,65561;92;-;50.7;1483.9;;5;;;
5624;1037;1.jpg;Saccade;6457,852962;22,4;-;7.8;672.6;;5;;;
5625;1037;1.jpg;Saccade;5801,243479;24;-;11.0;710.5;;5;;;
5626;1037;1.jpg;Saccade;343,5501355;24,8;-;14.7;1053.0;;5;;;
5627;1037;1.jpg;Saccade;21335,22789;24;-;8.4;573.9;;5;;;
5628;1037;1.jpg;Fissazione;9518,975544;63,2;-;-;-;;;;;
5629;1037;1.jpg;Saccade;13660,51859;36,8;-;15.2;699.5;;5;;;
5630;1037;1.jpg;Fissazione;6849,889448;658,4;-;-;-;;;;;
5631;1037;1.jpg;Fissazione;16558,98369;128;-;-;-;;;;;
5632;1037;1.jpg;Saccade;6505,936557;28;-;9.0;675.6;;5;;;
5633;1037;1.jpg;Saccade;505,3754908;34,4;-;14.4;1205.6;;5;;;
5634;1037;1.jpg;Saccade;8903,518285;32,8;-;1.1;79.5;;5;;;
5635;1037;1.jpg;Saccade;18515,19163;23,2;-;9.5;976.9;;5;;;
5636;1037;1.jpg;Fissazione;11882,73111;264,8;-;-;-;;;;;
5637;1037;1.jpg;Saccade;7893,388635;58,4;-;20.8;1006.5;;5;;;
5638;1037;1.jpg;Saccade;11949,80401;32,8;-;16.6;1277.4;;5;;;
5639;1037;1.jpg;Saccade;6579,547546;58,4;-;26.1;1165.6;;5;;;
5640;1037;1.jpg;Fissazione;7522,007195;369,6;-;-;-;;;;;
5641;1037;1.jpg;Saccade;1173,154294;54,4;-;16.9;1056.0;;5;;;
5642;1037;1.jpg;Saccade;19944,66995;43,2;-;7.3;404.4;;5;;;
5643;1037;1.jpg;Saccade;5808,309552;25,6;-;12.4;705.1;;5;;;
5644;1037;1.jpg;Fissazione;19833,32041;294,4;-;-;-;;;;;
5645;1037;1.jpg;Saccade;2320,761027;22,4;-;9.3;777.1;;5;;;
5646;1037;1.jpg;Saccade;14291,90941;24;-;7.6;557.5;;5;;;
5647;1037;1.jpg;Saccade;13489,64001;44;-;1.4;68.0;;5;;;
5648;1037;1.jpg;Saccade;12858,51844;58,4;-;8.2;378.7;;5;;;
5649;1037;1.jpg;Saccade;26270,20062;32;-;1.5;89.0;;5;;;
5650;1037;2.jpg;Saccade;11522,55831;29,6;-;21.5;1887.2;;5;;;
5651;1037;2.jpg;Saccade;8896,114192;29,6;-;12.2;951.2;;5;;;
5652;1037;2.jpg;Saccade;30529,66477;51,2;-;5.2;293.5;;5;;;
5653;1037;2.jpg;Saccade;14070,19665;28;-;6.9;637.2;;5;;;
5654;1037;2.jpg;Saccade;5989,882856;70,4;-;25.2;977.4;;5;;;
5655;1037;2.jpg;Fissazione;13095,60394;166,4;-;-;-;;;;;
5656;1037;2.jpg;Saccade;4732,255898;25,6;-;9.4;575.7;;5;;;
5657;1037;2.jpg;Saccade;4665,366747;23,2;-;13.2;721.6;;5;;;
5658;1037;2.jpg;Saccade;11308,31326;58,4;-;8.2;378.7;;5;;;
5659;1037;2.jpg;Fissazione;30230,25998;175,2;-;-;-;;;;;
5660;1037;2.jpg;Saccade;25071,53435;27,2;-;12.9;1033.0;;5;;;
5661;1037;2.jpg;Fissazione;8355,488698;658,4;-;-;-;;;;;
5662;1037;2.jpg;Saccade;10498,85926;29,6;-;15.1;1262.8;;5;;;
5663;1037;2.jpg;Fissazione;17705,38297;140;-;-;-;;;;;
5664;1037;2.jpg;Saccade;1398,973656;29,6;-;1.6;91.3;;5;;;
5665;1037;2.jpg;Saccade;1848,368191;39,2;-;7.9;536.1;;5;;;
5666;1037;2.jpg;Saccade;14362,17365;59,2;-;22.9;1454.1;;5;;;
5667;1037;2.jpg;Saccade;10816,56508;22,4;-;10.2;968.7;;5;;;
5668;1037;2.jpg;Saccade;352,9246611;24,8;-;14.7;1053.0;;5;;;
5669;1037;2.jpg;Saccade;18379,35963;22,4;-;6.1;396.4;;5;;;
5670;1037;2.jpg;Saccade;9297,83274;59,2;-;23.8;956.2;;5;;;
5671;1037;2.jpg;Saccade;18433,60238;24;-;10.9;1075.9;;5;;;
5672;1037;2.jpg;Fissazione;30242,02921;209,6;-;-;-;;;;;
5673;1037;2.jpg;Saccade;2946,151521;63,2;-;23.3;1289.9;;5;;;
5674;1037;2.jpg;Saccade;12624,41529;35,2;-;15.5;935.0;;5;;;
5675;1037;2.jpg;Fissazione;18488,19344;294,4;-;-;-;;;;;
5676;1037;2.jpg;Saccade;19338,89988;51,2;-;4.5;153.7;;5;;;
5677;1037;2.jpg;Fissazione;8058,154515;340;-;-;-;;;;;
5678;1037;2.jpg;Saccade;6755,638442;32,8;-;1.1;79.5;;5;;;
5679;1037;2.jpg;Saccade;26115,99832;23,2;-;21.2;1938.5;;5;;;
5680;1037;2.jpg;Fissazione;2860,741434;81,6;-;-;-;;;;;
5681;1037;2.jpg;Saccade;30260,55427;31,2;-;11.8;1263.2;;5;;;
5682;1037;2.jpg;Saccade;21045,17288;23,2;-;9.5;976.9;;5;;;
5683;1037;2.jpg;Fissazione;11525,886;264,8;-;-;-;;;;;
5684;1037;2.jpg;Saccade;8251,947588;32,8;-;21.7;1388.6;;5;;;
5685;1037;2.jpg;Saccade;17211,82858;28,8;-;8.1;517.1;;5;;;
5686;1037;2.jpg;Fissazione;20531,58164;128;-;-;-;;;;;
5687;1037;2.jpg;Saccade;27670,65744;45,6;-;11.7;623.4;;5;;;
5688;1037;2.jpg;Saccade;936,4533239;54,4;-;16.9;1056.0;;5;;;
5689;1037;2.jpg;Saccade;27847,28081;40;-;14.9;1083.8;;5;;;
5690;1037;2.jpg;Saccade;5230,406301;28;-;9.9;806.9;;5;;;
5691;1037;2.jpg;Saccade;8150,437502;23,2;-;12.2;973.2;;5;;;
5692;1037;3.jpg;Saccade;10077,87899;39,2;-;23.4;1505.0;;5;;;
5693;1037;3.jpg;Fissazione;1187,197076;215,2;-;-;-;;;;;
5694;1037;3.jpg;Saccade;20314,1264;28;-;7.5;664.5;;5;;;
5695;1037;3.jpg;Saccade;7126,036023;50,4;-;20.7;1398.1;;5;;;
5696;1037;3.jpg;Saccade;23957,90249;23,2;-;21.2;1938.5;;5;;;
5697;1037;3.jpg;Saccade;13195,59564;32;-;1.3;85.3;;5;;;
5698;1037;3.jpg;Saccade;8849,436095;27,2;-;10.6;755.5;;5;;;
5699;1037;3.jpg;Fissazione;13355,90717;91,2;-;-;-;;;;;
5700;1037;3.jpg;Fissazione;1891,382533;460,8;-;-;-;;;;;
5701;1037;3.jpg;Saccade;10510,37722;39,2;-;23.0;1652.6;;5;;;
5702;1037;3.jpg;Saccade;32118,05628;51,2;-;5.2;293.5;;5;;;
5703;1037;3.jpg;Fissazione;13580,50813;166,4;-;-;-;;;;;
5704;1037;3.jpg;Saccade;8824,693728;49,6;-;42.6;2043.6;;5;;;
5705;1037;3.jpg;Saccade;7906,325784;30,4;-;14.6;1012.8;;5;;;
5706;1037;3.jpg;Saccade;597,7929607;45,6;-;14.9;887.0;;5;;;
5707;1037;3.jpg;Saccade;3050,014339;63,2;-;23.3;1289.9;;5;;;
5708;1037;3.jpg;Saccade;14761,01473;87,2;-;55.5;1952.3;;5;;;
5709;1037;3.jpg;Saccade;8207,141205;32,8;-;9.9;587.8;;5;;;
5710;1037;3.jpg;Saccade;9368,770008;59,2;-;23.8;956.2;;5;;;
5711;1037;3.jpg;Saccade;17103,39595;36,8;-;15.2;699.5;;5;;;
5712;1037;3.jpg;Fissazione;1234,682142;117,6;-;-;-;;;;;
5713;1037;3.jpg;Saccade;18072,8883;25,6;-;20.4;2027.7;;5;;;
5714;1037;3.jpg;Fissazione;6409,052659;369,6;-;-;-;;;;;
5715;1037;3.jpg;Fissazione;642,3338009;51,2;-;-;-;;;;;
5716;1037;3.jpg;Saccade;7821,522166;32,8;-;21.7;1388.6;;5;;;
5717;1037;3.jpg;Saccade;8101,150391;22,4;-;3.9;267.1;;5;;;
5718;1037;3.jpg;Saccade;10522,88102;48,8;-;32.6;1876.7;;5;;;
5719;1037;3.jpg;Saccade;8375,333456;75,2;-;70.9;2061.7;;5;;;
5720;1037;3.jpg;Saccade;5658,421178;58,4;-;26.1;1165.6;;5;;;
5721;1037;3.jpg;Saccade;7063,258686;70,4;-;25.2;977.4;;5;;;
5722;1037;3.jpg;Saccade;5190,56448;24;-;11.0;710.5;;5;;;
5723;1038;1.jpg;Saccade;10254,19763;26,4;-;17.7;1300.4;;5;;;
5724;1038;1.jpg;Saccade;16382,28535;24,8;-;16.3;1662.5;;5;;;
5725;1038;1.jpg;Saccade;19819,91165;28,8;-;8.1;517.1;;5;;;
5726;1038;1.jpg;Saccade;8579,817578;23,2;-;12.2;973.2;;5;;;
5727;1038;1.jpg;Fissazione;1557,430899;117,6;-;-;-;;;;;
5728;1038;1.jpg;Saccade;21948,71573;43,2;-;7.3;404.4;;5;;;
5729;1038;1.jpg;Fissazione;13047,15102;166,4;-;-;-;;;;;
5730;1038;1.jpg;Saccade;29967,38307;40;-;14.9;1083.8;;5;;;
5731;1038;1.jpg;Saccade;7398,451691;58,4;-;20.8;1006.5;;5;;;
5732;1038;1.jpg;Saccade;5981,168511;41,6;-;15.7;878.6;;5;;;
5733;1038;1.jpg;Saccade;21266,31979;44,8;-;2.4;129.0;;5;;;
5734;1038;1.jpg;Saccade;14468,33655;58,4;-;8.2;378.7;;5;;;
5735;1038;1.jpg;Saccade;5511,61693;25,6;-;12.4;705.1;;5;;;
5736;1038;1.jpg;Saccade;30550,43258;31,2;-;11.8;1263.2;;5;;;
5737;1038;1.jpg;Saccade;12226,8937;28;-;6.9;637.2;;5;;;
5738;1038;1.jpg;Saccade;13013,94771;59,2;-;22.9;1454.1;;5;;;
5739;1038;1.jpg;Saccade;6595,575351;45,6;-;17.4;954.0;;5;;;
5740;1038;1.jpg;Saccade;1063,722081;54,4;-;16.9;1056.0;;5;;;
5741;1038;1.jpg;Saccade;9746,812603;29,6;-;15.1;1262.8;;5;;;
5742;1038;1.jpg;Saccade;18254,54724;24;-;6.9;707.3;;5;;;
5743;1038;1.jpg;Saccade;2935,736312;63,2;-;23.3;1289.9;;5;;;
5744;1038;1.jpg;Saccade;5022,742204;28;-;9.9;806.9;;5;;;
5745;1038;1.jpg;Saccade;12822,02232;24;-;7.6;557.5;;5;;;
5746;1038;1.jpg;Fissazione;19123,6867;128;-;-;-;;;;;
5747;1038;1.jpg;Saccade;11127,30573;32,8;-;16.6;1277.4;;5;;;
5748;1038;1.jpg;Saccade;2415,147862;22,4;-;9.3;777.1;;5;;;
5749;1038;1.jpg;Saccade;11843,70067;39,2;-;23.0;1652.6;;5;;;
5750;1038;1.jpg;Fissazione;2378,34774;81,6;-;-;-;;;;;
5751;1038;1.jpg;Fissazione;8174,159725;352;-;-;-;;;;;
5752;1038;1.jpg;Saccade;1685,194526;29,6;-;1.6;91.3;;5;;;
5753;1038;1.jpg;Fissazione;14290,66956;148,8;-;-;-;;;;;
5754;1038;1.jpg;Saccade;6586,058741;60,8;-;20.7;1330.6;;5;;;
5755;1038;1.jpg;Saccade;27054,12142;22,4;-;4.0;197.1;;5;;;
5756;1038;1.jpg;Saccade;21876,73753;27,2;-;20.0;1688.6;;5;;;
5757;1038;1.jpg;Saccade;24282,50916;24;-;8.4;573.9;;5;;;
5758;1038;1.jpg;Saccade;11147,24837;48,8;-;32.6;1876.7;;5;;;
5759;1038;1.jpg;Saccade;305,1947195;24,8;-;14.7;1053.0;;5;;;
5760;1038;1.jpg;Saccade;19855,46475;24;-;10.9;1075.9;;5;;;
5761;1038;1.jpg;Saccade;9660,912489;59,2;-;23.8;956.2;;5;;;
5762;1038;1.jpg;Saccade;13085,79607;28,8;-;8.8;565.7;;5;;;
5763;1038;1.jpg;Fissazione;27722,71558;128;-;-;-;;;;;
5764;1038;1.jpg;Fissazione;11950,68032;264,8;-;-;-;;;;;
5765;1038;1.jpg;Saccade;8427,446954;32,8;-;21.7;1388.6;;5;;;
5766;1038;1.jpg;Saccade;11467,72105;29,6;-;21.5;1887.2;;5;;;
5767;1038;1.jpg;Saccade;20387,14757;44,8;-;33.3;1772.5;;5;;;
5768;1038;1.jpg;Saccade;11289,79165;25,6;-;6.3;627.6;;5;;;
5769;1038;1.jpg;Fissazione;6454,027431;369,6;-;-;-;;;;;
5770;1038;1.jpg;Saccade;5393,90045;25,6;-;9.4;575.7;;5;;;
5771;1038;1.jpg;Saccade;20835,70521;23,2;-;9.5;976.9;;5;;;
5772;1038;1.jpg;Saccade;6901,961962;50,4;-;20.7;1398.1;;5;;;
5773;1038;1.jpg;Saccade;12125,36517;23,2;-;7.2;613.7;;5;;;
5774;1038;1.jpg;Saccade;12582,40126;32,8;-;13.3;1072.5;;5;;;
5775;1038;1.jpg;Saccade;1412,396349;49,6;-;5.3;207.5;;5;;;
5776;1038;1.jpg;Saccade;16978,82626;22,4;-;6.1;396.4;;5;;;
5777;1038;1.jpg;Saccade;28812,51129;45,6;-;11.7;623.4;;5;;;
5778;1038;1.jpg;Saccade;22161,51982;51,2;-;4.5;153.7;;5;;;
5779;1038;1.jpg;Saccade;2739,861285;32,8;-;14.3;1019.5;;5;;;
5780;1038;1.jpg;Saccade;8500,341521;75,2;-;70.9;2061.7;;5;;;
5781;1038;1.jpg;Saccade;8500,112006;36;-;20.9;1601.4;;5;;;
5782;1038;1.jpg;Saccade;15290,28426;22,4;-;7.7;692.6;;5;;;
5783;1038;1.jpg;Fissazione;5410,027316;63,2;-;-;-;;;;;
5784;1038;1.jpg;Saccade;6643,411148;62,4;-;19.5;1628.1;;5;;;
5785;1038;1.jpg;Saccade;7038,106581;28;-;9.0;675.6;;5;;;
5786;1038;1.jpg;Fissazione;11503,3614;360,8;-;-;-;;;;;
5787;1038;1.jpg;Saccade;10461,08351;39,2;-;23.4;1505.0;;5;;;
5788;1038;1.jpg;Saccade;10987,31245;32,8;-;9.0;642.7;;5;;;
5789;1038;1.jpg;Fissazione;13760,3604;257,6;-;-;-;;;;;
5790;1038;1.jpg;Saccade;2929,736878;29,6;-;9.5;631.0;;5;;;
5791;1038;1.jpg;Saccade;3598,94873;27,2;-;7.1;650.4;;5;;;
5792;1038;1.jpg;Fissazione;7675,966052;203,2;-;-;-;;;;;
5793;1038;1.jpg;Fissazione;675,1621354;51,2;-;-;-;;;;;
5794;1038;1.jpg;Fissazione;18133,26683;112;-;-;-;;;;;
5795;1038;1.jpg;Saccade;6818,349595;58,4;-;26.1;1165.6;;5;;;
5796;1038;1.jpg;Saccade;5829,7431;22,4;-;3.9;267.1;;5;;;
5797;1038;1.jpg;Saccade;22418,05039;22,4;-;6.8;675.8;;5;;;
5798;1038;1.jpg;Fissazione;18228,69612;140;-;-;-;;;;;
5799;1038;1.jpg;Saccade;4325,776347;23,2;-;13.2;721.6;;5;;;
5800;1038;1.jpg;Saccade;26016,89092;32;-;3.3;108.3;;5;;;
5801;1038;1.jpg;Saccade;2066,563422;51,2;-;1.4;40.7;;5;;;
5802;1038;1.jpg;Saccade;11335,85163;44;-;1.4;68.0;;5;;;
5803;1038;1.jpg;Saccade;5586,69866;70,4;-;25.2;977.4;;5;;;
5804;1038;1.jpg;Fissazione;7433,901703;340;-;-;-;;;;;
5805;1038;1.jpg;Saccade;26225,70927;23,2;-;21.2;1938.5;;5;;;
5806;1038;1.jpg;Saccade;14339,6877;87,2;-;55.5;1952.3;;5;;;
5807;1038;1.jpg;Saccade;31590,92932;51,2;-;5.2;293.5;;5;;;
5808;1038;1.jpg;Saccade;23989,14553;38,4;-;22.4;1287.3;;5;;;
5809;1038;1.jpg;Saccade;20351,05074;25,6;-;20.4;2027.7;;5;;;
5810;1038;1.jpg;Saccade;29371,64009;90,4;-;4.4;148.5;;5;;;
5811;1038;1.jpg;Fissazione;33045,07064;818,4;-;-;-;;;;;
5812;1038;1.jpg;Saccade;7021,945247;28,8;-;15.6;1161.7;;5;;;
5813;1038;1.jpg;Saccade;11021,99309;24;-;12.9;1275.2;;5;;;
5814;1038;1.jpg;Saccade;6125,943032;24,8;-;10.3;1190.2;;5;;;
5815;1038;1.jpg;Saccade;14382,03193;92;-;50.7;1483.9;;5;;;
5816;1038;1.jpg;Fissazione;24388,51722;102,4;-;-;-;;;;;
5817;1038;1.jpg;Saccade;475,6307049;34,4;-;14.4;1205.6;;5;;;
5818;1038;1.jpg;Saccade;24046,92247;32;-;1.5;89.0;;5;;;
5819;1038;1.jpg;Saccade;5561,042321;24;-;11.0;710.5;;5;;;
5820;1038;1.jpg;Fissazione;26581,87798;209,6;-;-;-;;;;;
5821;1038;1.jpg;Saccade;12333,31652;22,4;-;10.2;968.7;;5;;;
5822;1038;2.jpg;Fissazione;2198,649706;81,6;-;-;-;;;;;
5823;1038;2.jpg;Fissazione;7137,193962;658,4;-;-;-;;;;;
5824;1038;2.jpg;Fissazione;12679,61746;360,8;-;-;-;;;;;
5825;1038;2.jpg;Fissazione;1618,588995;460,8;-;-;-;;;;;
5826;1038;2.jpg;Saccade;22613,83897;24;-;8.4;573.9;;5;;;
5827;1038;2.jpg;Fissazione;7472,962988;340;-;-;-;;;;;
5828;1038;2.jpg;Saccade;3287,195714;29,6;-;9.5;631.0;;5;;;
5829;1038;2.jpg;Saccade;14547,88999;24,8;-;16.3;1662.5;;5;;;
5830;1038;2.jpg;Saccade;27260,27454;31,2;-;11.8;1263.2;;5;;;
5831;1038;2.jpg;Fissazione;14297,61705;120,8;-;-;-;;;;;
5832;1038;2.jpg;Saccade;9134,351;27,2;-;10.6;755.5;;5;;;
5833;1038;2.jpg;Saccade;10669,28169;39,2;-;23.0;1652.6;;5;;;
5834;1038;2.jpg;Saccade;6601,994164;67,2;-;17.3;833.4;;5;;;
5835;1038;2.jpg;Saccade;28396,76237;29,6;-;6.8;506.7;;5;;;
5836;1038;2.jpg;Saccade;3826,873483;27,2;-;7.1;650.4;;5;;;
5837;1038;2.jpg;Saccade;13869,59393;25,6;-;6.3;627.6;;5;;;
5838;1038;2.jpg;Fissazione;13675,31303;143,2;-;-;-;;;;;
5839;1038;2.jpg;Saccade;8135,270561;58,4;-;20.8;1006.5;;5;;;
5840;1038;2.jpg;Fissazione;32735,61393;175,2;-;-;-;;;;;
5841;1038;2.jpg;Saccade;553,3334748;45,6;-;14.9;887.0;;5;;;
5842;1038;2.jpg;Saccade;8114,086548;59,2;-;23.8;956.2;;5;;;
5843;1038;2.jpg;Saccade;9411,29171;75,2;-;70.9;2061.7;;5;;;
5844;1038;2.jpg;Saccade;3320,496172;25,6;-;8.3;601.6;;5;;;
5845;1038;2.jpg;Saccade;11070,13116;32,8;-;16.6;1277.4;;5;;;
5846;1038;2.jpg;Saccade;353,1900112;24,8;-;14.7;1053.0;;5;;;
5847;1038;2.jpg;Fissazione;17717,0906;128;-;-;-;;;;;
5848;1038;2.jpg;Saccade;9950,22428;29,6;-;15.1;1262.8;;5;;;
5849;1038;2.jpg;Fissazione;23113,63961;140;-;-;-;;;;;
5850;1038;2.jpg;Saccade;1599,460139;29,6;-;1.6;91.3;;5;;;
5851;1038;2.jpg;Saccade;2710,634794;32,8;-;14.3;1019.5;;5;;;
5852;1038;2.jpg;Saccade;2574,595882;22,4;-;9.3;777.1;;5;;;
5853;1038;2.jpg;Saccade;26480,911;32;-;3.3;108.3;;5;;;
5854;1038;2.jpg;Saccade;6598,389745;41,6;-;15.7;878.6;;5;;;
5855;1038;2.jpg;Fissazione;14334,48483;91,2;-;-;-;;;;;
5856;1038;2.jpg;Saccade;6523,683504;62,4;-;19.5;1628.1;;5;;;
5857;1038;2.jpg;Saccade;28853,19444;51,2;-;5.2;293.5;;5;;;
5858;1038;2.jpg;Fissazione;10388,31331;264,8;-;-;-;;;;;
5859;1038;2.jpg;Saccade;18438,17451;24;-;6.9;707.3;;5;;;
5860;1038;2.jpg;Saccade;1533,137485;49,6;-;5.3;207.5;;5;;;
5861;1038;2.jpg;Fissazione;14221,96721;166,4;-;-;-;;;;;
5862;1038;2.jpg;Saccade;22540,46945;32;-;1.5;89.0;;5;;;
5863;1038;2.jpg;Fissazione;1491,279908;117,6;-;-;-;;;;;
5864;1038;2.jpg;Saccade;1662,781033;42,4;-;1.5;65.7;;5;;;
5865;1038;3.jpg;Saccade;15811,00741;87,2;-;55.5;1952.3;;5;;;
5866;1038;3.jpg;Saccade;20165,56211;28;-;7.5;664.5;;5;;;
5867;1038;3.jpg;Fissazione;7714,064493;340;-;-;-;;;;;
5868;1038;3.jpg;Saccade;727,6849741;44;-;6.0;368.7;;5;;;
5869;1038;3.jpg;Saccade;20066,60546;25,6;-;20.4;2027.7;;5;;;
5870;1038;3.jpg;Saccade;7618,55308;32,8;-;9.9;587.8;;5;;;
5871;1038;3.jpg;Saccade;10788,49108;39,2;-;23.4;1505.0;;5;;;
5872;1038;3.jpg;Saccade;35551,02967;31,2;-;11.8;1263.2;;5;;;
5873;1038;3.jpg;Saccade;7122,346126;32,8;-;1.1;79.5;;5;;;
5874;1038;3.jpg;Saccade;9740,674641;39,2;-;23.0;1652.6;;5;;;
5875;1038;3.jpg;Fissazione;9683,35454;63,2;-;-;-;;;;;
5876;1038;3.jpg;Saccade;17170,37352;23,2;-;9.5;976.9;;5;;;
5877;1038;3.jpg;Saccade;10140,98409;53,6;-;24.1;1367.1;;5;;;
5878;1038;3.jpg;Saccade;8863,350852;59,2;-;23.8;956.2;;5;;;
5879;1038;3.jpg;Saccade;2047,808093;22,4;-;9.3;777.1;;5;;;
5880;1038;3.jpg;Saccade;11289,52658;26,4;-;10.3;914.0;;5;;;
5881;1038;3.jpg;Saccade;11582,88026;28,8;-;8.8;565.7;;5;;;
5882;1038;3.jpg;Fissazione;1851,947011;460,8;-;-;-;;;;;
5883;1038;3.jpg;Fissazione;28684,23396;818,4;-;-;-;;;;;
5884;1038;3.jpg;Fissazione;21191,75537;102,4;-;-;-;;;;;
5885;1038;3.jpg;Fissazione;29592,13556;209,6;-;-;-;;;;;
5886;1038;3.jpg;Saccade;20380,43102;52,8;-;3.4;109.8;;5;;;
5887;1039;1.jpg;Saccade;20819,55757;23,2;-;9.5;976.9;;5;;;
5888;1039;1.jpg;Saccade;9213,241204;23,2;-;12.2;973.2;;5;;;
5889;1039;1.jpg;Saccade;29081,0942;40;-;14.9;1083.8;;5;;;
5890;1039;1.jpg;Saccade;26738,20878;27,2;-;12.9;1033.0;;5;;;
5891;1039;1.jpg;Saccade;15267,97727;22,4;-;7.7;692.6;;5;;;
5892;1039;1.jpg;Fissazione;23827,62742;102,4;-;-;-;;;;;
5893;1039;1.jpg;Saccade;9148,612334;29,6;-;12.2;951.2;;5;;;
5894;1039;1.jpg;Saccade;1878,835067;39,2;-;7.9;536.1;;5;;;
5895;1039;1.jpg;Saccade;10157,72112;32,8;-;9.0;642.7;;5;;;
5896;1039;1.jpg;Saccade;7742,839993;30,4;-;14.6;1012.8;;5;;;
5897;1039;1.jpg;Saccade;3396,112919;27,2;-;7.1;650.4;;5;;;
5898;1039;1.jpg;Fissazione;7361,234444;340;-;-;-;;;;;
5899;1039;1.jpg;Saccade;10252,95713;75,2;-;70.9;2061.7;;5;;;
5900;1039;1.jpg;Fissazione;29799,55611;818,4;-;-;-;;;;;
5901;1039;1.jpg;Fissazione;1168,884126;215,2;-;-;-;;;;;
5902;1039;1.jpg;Saccade;5175,740351;25,6;-;9.4;575.7;;5;;;
5903;1039;1.jpg;Saccade;8689,661295;45,6;-;17.4;954.0;;5;;;
5904;1039;1.jpg;Saccade;5149,002374;24;-;11.0;710.5;;5;;;
5905;1039;1.jpg;Fissazione;11800,99661;360,8;-;-;-;;;;;
5906;1039;1.jpg;Fissazione;8515,433367;352;-;-;-;;;;;
5907;1039;1.jpg;Saccade;12425,55278;28,8;-;8.8;565.7;;5;;;
5908;1039;1.jpg;Saccade;3846,94656;23,2;-;13.2;721.6;;5;;;
5909;1039;1.jpg;Fissazione;14260,30313;257,6;-;-;-;;;;;
5910;1039;1.jpg;Fissazione;767,7019651;121,6;-;-;-;;;;;
5911;1039;1.jpg;Saccade;6706,481374;67,2;-;17.3;833.4;;5;;;
5912;1039;1.jpg;Saccade;565,057039;44;-;6.0;368.7;;5;;;
5913;1039;1.jpg;Saccade;19041,13155;25,6;-;20.4;2027.7;;5;;;
5914;1039;1.jpg;Saccade;14758,48109;32;-;1.3;85.3;;5;;;
5915;1039;1.jpg;Saccade;18771,9855;24;-;6.9;707.3;;5;;;
5916;1039;1.jpg;Saccade;33991,0585;52;-;19.6;1348.3;;5;;;
5917;1039;1.jpg;Saccade;17739,00799;36,8;-;15.2;699.5;;5;;;
5918;1039;1.jpg;Saccade;8526,795806;58,4;-;20.8;1006.5;;5;;;
5919;1039;1.jpg;Saccade;19055,53348;24;-;10.9;1075.9;;5;;;
5920;1039;1.jpg;Saccade;24214,29474;27,2;-;20.0;1688.6;;5;;;
5921;1039;1.jpg;Fissazione;7180,710907;369,6;-;-;-;;;;;
5922;1039;1.jpg;Saccade;21235,27555;44;-;19.1;1329.9;;5;;;
5923;1039;1.jpg;Saccade;5125,178983;28;-;9.9;806.9;;5;;;
5924;1039;1.jpg;Saccade;6901,462768;62,4;-;19.5;1628.1;;5;;;
5925;1039;1.jpg;Fissazione;22742,57101;128;-;-;-;;;;;
5926;1039;1.jpg;Saccade;7842,747329;42,4;-;18.1;1156.9;;5;;;
5927;1039;1.jpg;Saccade;11170,78838;39,2;-;23.0;1652.6;;5;;;
5928;1039;1.jpg;Saccade;25810,56081;29,6;-;6.8;506.7;;5;;;
5929;1039;1.jpg;Saccade;11404,58221;29,6;-;21.5;1887.2;;5;;;
5930;1039;1.jpg;Fissazione;11510,48943;166,4;-;-;-;;;;;
5931;1039;1.jpg;Saccade;2942,540617;29,6;-;9.5;631.0;;5;;;
5932;1039;1.jpg;Fissazione;14501,30756;148,8;-;-;-;;;;;
5933;1039;1.jpg;Fissazione;25734,39502;209,6;-;-;-;;;;;
5934;1039;1.jpg;Saccade;10536,45179;27,2;-;10.6;755.5;;5;;;
5935;1039;1.jpg;Saccade;16903,09313;24;-;0.9;73.8;;5;;;
5936;1039;1.jpg;Saccade;20776,212;51,2;-;4.5;153.7;;5;;;
5937;1039;1.jpg;Saccade;12460,04109;25,6;-;6.3;627.6;;5;;;
5938;1039;1.jpg;Saccade;8808,807794;24;-;3.7;346.5;;5;;;
5939;1039;1.jpg;Saccade;11106,99487;32,8;-;13.3;1072.5;;5;;;
5940;1039;1.jpg;Saccade;7760,915357;28;-;9.0;675.6;;5;;;
5941;1039;1.jpg;Fissazione;6190,980351;63,2;-;-;-;;;;;
5942;1039;1.jpg;Saccade;777,4182188;24;-;6.9;732.0;;5;;;
5943;1039;1.jpg;Saccade;13752,10204;35,2;-;15.5;935.0;;5;;;
5944;1039;1.jpg;Saccade;3123,447665;63,2;-;23.3;1289.9;;5;;;
5945;1039;1.jpg;Saccade;19705,91293;28,8;-;8.1;517.1;;5;;;
5946;1039;1.jpg;Fissazione;5972,809842;154,4;-;-;-;;;;;
5947;1039;1.jpg;Saccade;4905,975372;22,4;-;6.6;569.1;;5;;;
5948;1039;1.jpg;Saccade;7029,092472;30,4;-;26.5;1699.7;;5;;;
5949;1039;1.jpg;Fissazione;1806,456384;460,8;-;-;-;;;;;
5950;1039;1.jpg;Fissazione;10493,33619;264,8;-;-;-;;;;;
5951;1039;1.jpg;Saccade;1293,295378;42,4;-;1.5;65.7;;5;;;
5952;1039;1.jpg;Saccade;14610,04347;24;-;7.6;557.5;;5;;;
5953;1039;1.jpg;Saccade;21917,9986;44,8;-;33.3;1772.5;;5;;;
5954;1039;1.jpg;Saccade;10709,27866;22,4;-;10.2;968.7;;5;;;
5955;1039;1.jpg;Fissazione;12952,82142;143,2;-;-;-;;;;;
5956;1039;1.jpg;Saccade;15919,31243;22,4;-;6.1;396.4;;5;;;
5957;1039;1.jpg;Fissazione;19358,50495;294,4;-;-;-;;;;;
5958;1039;1.jpg;Saccade;1487,727109;49,6;-;5.3;207.5;;5;;;
5959;1039;1.jpg;Saccade;11471,23426;32,8;-;16.6;1277.4;;5;;;
5960;1039;1.jpg;Saccade;13580,46911;58,4;-;8.2;378.7;;5;;;
5961;1039;1.jpg;Saccade;13140,636;39,2;-;23.5;1731.4;;5;;;
5962;1039;1.jpg;Saccade;11474,15727;48,8;-;32.6;1876.7;;5;;;
5963;1039;1.jpg;Saccade;3408,945481;25,6;-;8.3;601.6;;5;;;
5964;1039;1.jpg;Saccade;6454,674241;22,4;-;3.9;267.1;;5;;;
5965;1039;1.jpg;Fissazione;2933,280607;81,6;-;-;-;;;;;
5966;1039;1.jpg;Saccade;21385,88358;24;-;8.4;573.9;;5;;;
5967;1039;1.jpg;Saccade;534,0686247;34,4;-;14.4;1205.6;;5;;;
5968;1039;1.jpg;Saccade;617,8926691;45,6;-;14.9;887.0;;5;;;
5969;1039;1.jpg;Saccade;904,487207;54,4;-;16.9;1056.0;;5;;;
5970;1039;1.jpg;Saccade;27663,48153;26,4;-;11.5;1098.9;;5;;;
5971;1039;1.jpg;Fissazione;31990,21736;175,2;-;-;-;;;;;
5972;1039;1.jpg;Saccade;2803,659606;36;-;32.4;2009.2;;5;;;
5973;1039;1.jpg;Saccade;21364,47399;22,4;-;6.8;675.8;;5;;;
5974;1039;1.jpg;Saccade;12377,70202;26,4;-;10.3;914.0;;5;;;
5975;1039;1.jpg;Saccade;22264,77947;22,4;-;4.0;197.1;;5;;;
5976;1039;1.jpg;Saccade;2581,258757;32,8;-;14.3;1019.5;;5;;;
5977;1039;1.jpg;Saccade;2191,440334;22,4;-;9.3;777.1;;5;;;
5978;1039;1.jpg;Fissazione;1492,263643;117,6;-;-;-;;;;;
5979;1039;1.jpg;Saccade;7514,05069;32,8;-;1.1;79.5;;5;;;
5980;1039;1.jpg;Saccade;29343,95959;31,2;-;11.8;1263.2;;5;;;
5981;1039;1.jpg;Saccade;2788,944377;32;-;10.6;1054.0;;5;;;
5982;1039;1.jpg;Saccade;24899,91926;32;-;1.5;89.0;;5;;;
5983;1039;1.jpg;Saccade;23287,55601;38,4;-;22.4;1287.3;;5;;;
5984;1039;1.jpg;Saccade;11220,18817;24;-;12.9;1275.2;;5;;;
5985;1039;1.jpg;Saccade;9195,28296;53,6;-;24.1;1367.1;;5;;;
5986;1039;1.jpg;Saccade;20504,3713;44,8;-;2.4;129.0;;5;;;
5987;1039;1.jpg;Fissazione;13664,72593;120,8;-;-;-;;;;;
5988;1039;1.jpg;Saccade;12848,00529;28;-;6.9;637.2;;5;;;
5989;1039;1.jpg;Saccade;1311,262688;29,6;-;1.6;91.3;;5;;;
5990;1039;1.jpg;Fissazione;18770,55012;128;-;-;-;;;;;
5991;1039;1.jpg;Saccade;17155,75105;43,2;-;7.3;404.4;;5;;;
5992;1039;1.jpg;Saccade;10750,87213;92;-;50.7;1483.9;;5;;;
5993;1039;1.jpg;Saccade;5762,994545;41,6;-;15.7;878.6;;5;;;
5994;1039;1.jpg;Saccade;20046,83694;28;-;7.5;664.5;;5;;;
5995;1039;1.jpg;Saccade;11017,33947;22,4;-;4.8;240.9;;5;;;
5996;1039;1.jpg;Saccade;18257,45719;52,8;-;3.4;109.8;;5;;;
5997;1039;1.jpg;Fissazione;20059,38973;140;-;-;-;;;;;
5998;1039;1.jpg;Saccade;29157,92932;51,2;-;5.2;293.5;;5;;;
5999;1039;1.jpg;Saccade;2225,465978;51,2;-;1.4;40.7;;5;;;
6000;1039;1.jpg;Saccade;14326,8533;59,2;-;22.9;1454.1;;5;;;
6001;1039;2.jpg;Fissazione;13127,43829;120,8;-;-;-;;;;;
6002;1039;2.jpg;Saccade;3783,329832;25,6;-;8.3;601.6;;5;;;
6003;1039;2.jpg;Saccade;9458,066162;53,6;-;24.1;1367.1;;5;;;
6004;1039;2.jpg;Saccade;8301,110595;62,4;-;19.5;1628.1;;5;;;
6005;1039;2.jpg;Saccade;8698,360429;30,4;-;14.6;1012.8;;5;;;
6006;1039;2.jpg;Saccade;10317,42089;39,2;-;23.4;1505.0;;5;;;
6007;1039;2.jpg;Fissazione;19255,86614;128;-;-;-;;;;;
6008;1039;2.jpg;Saccade;18237,22241;23,2;-;9.5;976.9;;5;;;
6009;1039;2.jpg;Fissazione;1239,92581;215,2;-;-;-;;;;;
6010;1039;2.jpg;Saccade;22542,40759;22,4;-;6.8;675.8;;5;;;
6011;1039;2.jpg;Saccade;31636,66303;90,4;-;4.4;148.5;;5;;;
6012;1039;2.jpg;Saccade;13889,02199;58,4;-;8.2;378.7;;5;;;
6013;1039;2.jpg;Fissazione;25279,54433;128;-;-;-;;;;;
6014;1039;2.jpg;Saccade;1613,086974;49,6;-;5.3;207.5;;5;;;
6015;1039;2.jpg;Fissazione;7978,758771;203,2;-;-;-;;;;;
6016;1039;2.jpg;Saccade;13586,75511;28;-;6.9;637.2;;5;;;
6017;1039;2.jpg;Saccade;19282,76346;24;-;0.9;73.8;;5;;;
6018;1039;2.jpg;Saccade;1780,638994;42,4;-;1.5;65.7;;5;;;
6019;1039;2.jpg;Saccade;1595,28882;29,6;-;1.6;91.3;;5;;;
6020;1039;2.jpg;Saccade;3549,491471;27,2;-;7.1;650.4;;5;;;
6021;1039;2.jpg;Saccade;19104,12546;44,8;-;33.3;1772.5;;5;;;
6022;1039;2.jpg;Saccade;8954,77093;22,4;-;4.8;240.9;;5;;;
6023;1039;2.jpg;Saccade;17773,33793;24;-;6.9;707.3;;5;;;
6024;1039;2.jpg;Saccade;25279,62373;32;-;1.5;89.0;;5;;;
6025;1039;2.jpg;Saccade;16451,98397;28,8;-;8.1;517.1;;5;;;
6026;1039;2.jpg;Fissazione;6605,54912;658,4;-;-;-;;;;;
6027;1039;2.jpg;Saccade;10506,89655;32,8;-;9.0;642.7;;5;;;
6028;1039;2.jpg;Saccade;32453,19522;31,2;-;11.8;1263.2;;5;;;
6029;1039;2.jpg;Saccade;32125,72938;52;-;19.6;1348.3;;5;;;
6030;1039;3.jpg;Fissazione;11842,2358;264,8;-;-;-;;;;;
6031;1039;3.jpg;Fissazione;22680,08222;128;-;-;-;;;;;
6032;1039;3.jpg;Saccade;28319,71892;27,2;-;12.9;1033.0;;5;;;
6033;1039;3.jpg;Saccade;20000,89844;24;-;8.4;573.9;;5;;;
6034;1039;3.jpg;Fissazione;6201,312952;154,4;-;-;-;;;;;
6035;1039;3.jpg;Saccade;13443,50947;22,4;-;4.8;240.9;;5;;;
6036;1039;3.jpg;Saccade;25591,46824;32;-;1.5;89.0;;5;;;
6037;1039;3.jpg;Saccade;11570,79675;87,2;-;55.5;1952.3;;5;;;
6038;1039;3.jpg;Saccade;7428,415958;58,4;-;26.1;1165.6;;5;;;
6039;1039;3.jpg;Saccade;26869,92066;22,4;-;4.0;197.1;;5;;;
6040;1039;3.jpg;Saccade;969,1153524;54,4;-;16.9;1056.0;;5;;;
6041;1039;3.jpg;Fissazione;1688,517567;460,8;-;-;-;;;;;
6042;1039;3.jpg;Saccade;1825,566342;42,4;-;1.5;65.7;;5;;;
6043;1039;3.jpg;Saccade;19386,64005;44,8;-;33.3;1772.5;;5;;;
6044;1039;3.jpg;Fissazione;4333,732253;1036;-;-;-;;;;;
6045;1039;3.jpg;Saccade;6499,611024;67,2;-;17.3;833.4;;5;;;
6046;1039;3.jpg;Saccade;7055,563381;70,4;-;25.2;977.4;;5;;;
6047;1039;3.jpg;Saccade;5598,904616;41,6;-;15.7;878.6;;5;;;
6048;1039;3.jpg;Saccade;19910,77992;51,2;-;4.5;153.7;;5;;;
6049;1040;1.jpg;Fissazione;24940,66903;102,4;-;-;-;;;;;
6050;1040;1.jpg;Saccade;837,5902741;24;-;6.9;732.0;;5;;;
6051;1040;1.jpg;Saccade;3978,962103;25,6;-;8.3;601.6;;5;;;
6052;1040;1.jpg;Saccade;15290,97139;32;-;1.3;85.3;;5;;;
6053;1040;1.jpg;Fissazione;745,7406082;121,6;-;-;-;;;;;
6054;1040;1.jpg;Saccade;13828,98324;35,2;-;15.5;935.0;;5;;;
6055;1040;1.jpg;Saccade;18309,79923;44,8;-;2.4;129.0;;5;;;
6056;1040;1.jpg;Saccade;13439,34427;59,2;-;22.9;1454.1;;5;;;
6057;1040;1.jpg;Saccade;28463,70736;40;-;14.9;1083.8;;5;;;
6058;1040;1.jpg;Saccade;6503,434482;67,2;-;17.3;833.4;;5;;;
6059;1040;1.jpg;Fissazione;21286,18297;140;-;-;-;;;;;
6060;1040;1.jpg;Saccade;2258,203032;22,4;-;9.3;777.1;;5;;;
6061;1040;1.jpg;Saccade;17492,79601;28,8;-;8.1;517.1;;5;;;
6062;1040;1.jpg;Saccade;10115,60989;39,2;-;23.0;1652.6;;5;;;
6063;1040;1.jpg;Fissazione;7509,910803;658,4;-;-;-;;;;;
6064;1040;1.jpg;Saccade;13395,45989;44;-;1.4;68.0;;5;;;
6065;1040;1.jpg;Saccade;9703,065985;27,2;-;10.6;755.5;;5;;;
6066;1040;1.jpg;Saccade;5519,395164;25,6;-;9.4;575.7;;5;;;
6067;1040;1.jpg;Saccade;7999,681869;29,6;-;12.2;951.2;;5;;;
6068;1040;1.jpg;Saccade;9558,520446;49,6;-;42.6;2043.6;;5;;;
6069;1040;1.jpg;Saccade;17771,57544;36,8;-;15.2;699.5;;5;;;
6070;1040;1.jpg;Saccade;18506,59826;52,8;-;3.4;109.8;;5;;;
6071;1040;1.jpg;Saccade;10099,81173;32,8;-;13.3;1072.5;;5;;;
6072;1040;1.jpg;Fissazione;10490,21453;264,8;-;-;-;;;;;
6073;1040;1.jpg;Fissazione;20696,33844;112;-;-;-;;;;;
6074;1040;1.jpg;Saccade;18497,92643;22,4;-;6.1;396.4;;5;;;
6075;1040;1.jpg;Saccade;7294,188405;58,4;-;26.1;1165.6;;5;;;
6076;1040;1.jpg;Saccade;18625,68023;28,8;-;21.8;2131.8;;5;;;
6077;1040;1.jpg;Fissazione;2845,221113;81,6;-;-;-;;;;;
6078;1040;1.jpg;Saccade;6645,859107;30,4;-;26.5;1699.7;;5;;;
6079;1040;1.jpg;Fissazione;4620,849638;1036;-;-;-;;;;;
6080;1040;1.jpg;Saccade;6580,094385;70,4;-;25.2;977.4;;5;;;
6081;1040;1.jpg;Saccade;12133,881;23,2;-;7.2;613.7;;5;;;
6082;1040;1.jpg;Fissazione;14943,41615;120,8;-;-;-;;;;;
6083;1040;1.jpg;Saccade;10564,26384;48,8;-;32.6;1876.7;;5;;;
6084;1040;1.jpg;Saccade;290,248772;24,8;-;14.7;1053.0;;5;;;
6085;1040;1.jpg;Saccade;19352,34373;22,4;-;6.8;675.8;;5;;;
6086;1040;1.jpg;Fissazione;25389,75198;128;-;-;-;;;;;
6087;1040;1.jpg;Saccade;14152,68548;87,2;-;55.5;1952.3;;5;;;
6088;1040;1.jpg;Saccade;1622,517319;42,4;-;1.5;65.7;;5;;;
6089;1040;1.jpg;Saccade;8278,467347;23,2;-;12.2;973.2;;5;;;
6090;1040;1.jpg;Saccade;32593,85097;52;-;19.6;1348.3;;5;;;
6091;1040;1.jpg;Saccade;2117,393833;51,2;-;1.4;40.7;;5;;;
6092;1040;1.jpg;Saccade;26414,2731;28;-;11.6;884.4;;5;;;
6093;1040;1.jpg;Saccade;17546,54117;24;-;6.9;707.3;;5;;;
6094;1040;1.jpg;Saccade;18976,41128;24;-;0.9;73.8;;5;;;
6095;1040;1.jpg;Saccade;19649,27451;25,6;-;20.4;2027.7;;5;;;
6096;1040;1.jpg;Fissazione;7368,242695;203,2;-;-;-;;;;;
6097;1040;1.jpg;Saccade;10862,23899;32,8;-;16.6;1277.4;;5;;;
6098;1040;1.jpg;Saccade;29582,77454;32;-;3.3;108.3;;5;;;
6099;1040;1.jpg;Saccade;23641,20094;22,4;-;4.0;197.1;;5;;;
6100;1040;1.jpg;Fissazione;13263,07229;166,4;-;-;-;;;;;
6101;1040;1.jpg;Saccade;10566,10095;24;-;12.9;1275.2;;5;;;
6102;1040;1.jpg;Saccade;15013,36845;24,8;-;16.3;1662.5;;5;;;
6103;1040;1.jpg;Fissazione;12194,14703;360,8;-;-;-;;;;;
6104;1040;1.jpg;Fissazione;5843,989567;369,6;-;-;-;;;;;
6105;1040;1.jpg;Saccade;7514,167711;32,8;-;9.9;587.8;;5;;;
6106;1040;1.jpg;Fissazione;30554,34764;175,2;-;-;-;;;;;
6107;1040;1.jpg;Saccade;5758,020619;28,8;-;15.6;1161.7;;5;;;
6108;1040;1.jpg;Saccade;1564,878577;49,6;-;5.3;207.5;;5;;;
6109;1040;1.jpg;Saccade;7553,481831;32,8;-;1.1;79.5;;5;;;
6110;1040;1.jpg;Saccade;2551,522196;32,8;-;14.3;1019.5;;5;;;
6111;1040;1.jpg;Saccade;8749,148431;75,2;-;70.9;2061.7;;5;;;
6112;1040;1.jpg;Saccade;5804,461803;28;-;9.0;675.6;;5;;;
6113;1040;1.jpg;Saccade;12289,08007;22,4;-;4.8;240.9;;5;;;
6114;1040;1.jpg;Saccade;17338,02198;24;-;10.9;1075.9;;5;;;
6115;1040;1.jpg;Saccade;7328,264098;45,6;-;17.4;954.0;;5;;;
6116;1040;1.jpg;Fissazione;13221,59561;257,6;-;-;-;;;;;
6117;1040;1.jpg;Saccade;5936,322346;22,4;-;6.6;569.1;;5;;;
6118;1040;1.jpg;Saccade;10375,42674;36;-;20.9;1601.4;;5;;;
6119;1040;1.jpg;Saccade;589,7516382;45,6;-;14.9;887.0;;5;;;
6120;1040;1.jpg;Saccade;15283,84833;22,4;-;7.7;692.6;;5;;;
6121;1040;1.jpg;Saccade;16799,00648;28;-;7.5;664.5;;5;;;
6122;1040;1.jpg;Fissazione;6909,118897;154,4;-;-;-;;;;;
6123;1040;1.jpg;Fissazione;1700,434423;460,8;-;-;-;;;;;
6124;1040;1.jpg;Saccade;22824,52367;24;-;8.4;573.9;;5;;;
6125;1040;1.jpg;Saccade;4804,510268;23,2;-;13.2;721.6;;5;;;
6126;1040;1.jpg;Saccade;22895,57144;44,8;-;33.3;1772.5;;5;;;
6127;1040;1.jpg;Saccade;14600,61191;24;-;7.6;557.5;;5;;;
6128;1040;1.jpg;Saccade;25602,87828;23,2;-;21.2;1938.5;;5;;;
6129;1040;1.jpg;Saccade;17740,49869;38,4;-;22.4;1287.3;;5;;;
6130;1040;1.jpg;Fissazione;7496,355807;340;-;-;-;;;;;
6131;1040;1.jpg;Fissazione;10790,52966;143,2;-;-;-;;;;;
6132;1040;2.jpg;Saccade;11630,60211;22,4;-;10.2;968.7;;5;;;
6133;1040;2.jpg;Saccade;10110,58847;53,6;-;24.1;1367.1;;5;;;
6134;1040;2.jpg;Saccade;7953,801325;67,2;-;17.3;833.4;;5;;;
6135;1040;2.jpg;Saccade;2566,996317;27,2;-;7.1;650.4;;5;;;
6136;1040;2.jpg;Saccade;28321,7972;31,2;-;11.8;1263.2;;5;;;
6137;1040;2.jpg;Saccade;11242,17384;29,6;-;21.5;1887.2;;5;;;
6138;1040;2.jpg;Saccade;19379,25286;28,8;-;8.1;517.1;;5;;;
6139;1040;2.jpg;Saccade;8047,509082;60,8;-;20.7;1330.6;;5;;;
6140;1040;2.jpg;Fissazione;20139,12294;112;-;-;-;;;;;
6141;1040;2.jpg;Fissazione;19148,12368;128;-;-;-;;;;;
6142;1040;2.jpg;Fissazione;1576,88175;117,6;-;-;-;;;;;
6143;1040;2.jpg;Saccade;2494,152531;32;-;10.6;1054.0;;5;;;
6144;1040;2.jpg;Saccade;18817,69932;52,8;-;3.4;109.8;;5;;;
6145;1040;2.jpg;Saccade;11173,55835;58,4;-;8.2;378.7;;5;;;
6146;1040;2.jpg;Saccade;8272,373025;32,8;-;9.9;587.8;;5;;;
6147;1040;2.jpg;Saccade;21609,73468;27,2;-;20.0;1688.6;;5;;;
6148;1040;2.jpg;Saccade;32448,38129;52;-;19.6;1348.3;;5;;;
6149;1040;2.jpg;Saccade;1812,322388;39,2;-;7.9;536.1;;5;;;
6150;1040;2.jpg;Saccade;26320,03826;90,4;-;4.4;148.5;;5;;;
6151;1040;2.jpg;Fissazione;23509,30733;102,4;-;-;-;;;;;
6152;1040;2.jpg;Saccade;1580,89262;49,6;-;5.3;207.5;;5;;;
6153;1040;2.jpg;Fissazione;11293,6233;63,2;-;-;-;;;;;
6154;1040;2.jpg;Saccade;30774,67112;40;-;14.9;1083.8;;5;;;
6155;1040;2.jpg;Saccade;14784,65368;87,2;-;55.5;1952.3;;5;;;
6156;1040;2.jpg;Saccade;32323,99437;27,2;-;12.9;1033.0;;5;;;
6157;1040;2.jpg;Saccade;8475,067481;32,8;-;21.7;1388.6;;5;;;
6158;1040;2.jpg;Fissazione;8142,215099;340;-;-;-;;;;;
6159;1040;2.jpg;Fissazione;12195,96783;166,4;-;-;-;;;;;
6160;1040;2.jpg;Fissazione;19777,9835;140;-;-;-;;;;;
6161;1040;2.jpg;Saccade;2955,748149;63,2;-;23.3;1289.9;;5;;;
6162;1040;2.jpg;Saccade;8231,653775;50,4;-;20.7;1398.1;;5;;;
6163;1040;2.jpg;Saccade;9403,026427;39,2;-;23.4;1505.0;;5;;;
6164;1040;2.jpg;Saccade;11532,84505;48,8;-;32.6;1876.7;;5;;;
6165;1040;3.jpg;Saccade;13720,74331;39,2;-;23.5;1731.4;;5;;;
6166;1040;3.jpg;Saccade;16792,30036;28,8;-;21.8;2131.8;;5;;;
6167;1040;3.jpg;Fissazione;31381,36168;209,6;-;-;-;;;;;
6168;1040;3.jpg;Fissazione;1650,65553;460,8;-;-;-;;;;;
6169;1040;3.jpg;Saccade;27773,45931;31,2;-;11.8;1263.2;;5;;;
6170;1040;3.jpg;Saccade;7062,6611;62,4;-;19.5;1628.1;;5;;;
6171;1040;3.jpg;Saccade;6425,523114;28;-;9.0;675.6;;5;;;
6172;1040;3.jpg;Saccade;7156,737446;45,6;-;17.4;954.0;;5;;;
6173;1040;3.jpg;Saccade;2405,178444;32,8;-;14.3;1019.5;;5;;;
6174;1040;3.jpg;Saccade;6472,121827;25,6;-;12.4;705.1;;5;;;
6175;1040;3.jpg;Saccade;1795,149062;39,2;-;7.9;536.1;;5;;;
6176;1040;3.jpg;Fissazione;1451,206992;117,6;-;-;-;;;;;
6177;1040;3.jpg;Saccade;9255,570376;27,2;-;10.6;755.5;;5;;;
6178;1040;3.jpg;Fissazione;7534,218072;658,4;-;-;-;;;;;
6179;1040;3.jpg;Saccade;19971,29207;24;-;0.9;73.8;;5;;;
6180;1040;3.jpg;Saccade;6545,408647;22,4;-;7.8;672.6;;5;;;
6181;1040;3.jpg;Fissazione;22767,31902;140;-;-;-;;;;;
6182;1040;3.jpg;Fissazione;591,1145305;51,2;-;-;-;;;;;
6183;1040;3.jpg;Saccade;6564,861867;28,8;-;15.6;1161.7;;5;;;
6184;1040;3.jpg;Fissazione;17537,51078;294,4;-;-;-;;;;;
6185;1040;3.jpg;Saccade;3084,574978;63,2;-;23.3;1289.9;;5;;;
6186;1040;3.jpg;Fissazione;13064,1844;166,4;-;-;-;;;;;
6187;1040;3.jpg;Saccade;4295,677479;25,6;-;9.9;723.3;;5;;;
6188;1040;3.jpg;Saccade;12063,74812;24;-;12.9;1275.2;;5;;;
6189;1040;3.jpg;Saccade;11005,34755;28,8;-;8.8;565.7;;5;;;
6190;1040;3.jpg;Saccade;13460,86544;24,8;-;16.3;1662.5;;5;;;
6191;1040;3.jpg;Saccade;8983,357899;24;-;3.7;346.5;;5;;;
6192;1040;3.jpg;Saccade;8498,933319;23,2;-;12.2;973.2;;5;;;
6193;1040;3.jpg;Saccade;27181,94099;27,2;-;20.0;1688.6;;5;;;
6194;1040;3.jpg;Fissazione;19751,40456;112;-;-;-;;;;;
6195;1040;3.jpg;Saccade;9063,137901;29,6;-;12.2;951.2;;5;;;
6196;1041;1.jpg;Saccade;6288,159421;28,8;-;15.6;1161.7;;35;;;
6197;1041;1.jpg;Saccade;7763,692833;42,4;-;18.1;1156.9;;35;;;
6198;1041;1.jpg;Saccade;10612,08396;22,4;-;10.2;968.7;;35;;;
6199;1041;1.jpg;Saccade;25556,7529;52;-;19.6;1348.3;;35;;;
6200;1041;1.jpg;Saccade;2396,898192;22,4;-;9.3;777.1;;35;;;
6201;1041;1.jpg;Saccade;18093,26557;28,8;-;21.8;2131.8;;35;;;
6202;1041;1.jpg;Saccade;13510,04363;92;-;50.7;1483.9;;35;;;
6203;1041;1.jpg;Saccade;29135,32089;51,2;-;5.2;293.5;;35;;;
6204;1041;1.jpg;Saccade;13710,13478;58,4;-;8.2;378.7;;35;;;
6205;1041;1.jpg;Saccade;11450,99381;25,6;-;6.3;627.6;;35;;;
6206;1041;1.jpg;Fissazione;8517,701161;552;-;-;-;;;;;
6207;1041;1.jpg;Saccade;7758,485404;228;-;9.0;675.6;;35;;;
6208;1041;1.jpg;Fissazione;18880,9971;328;-;-;-;;;;;
6209;1041;1.jpg;Saccade;33894,29697;228;-;11.6;884.4;;35;;;
6210;1041;1.jpg;Fissazione;11961,08156;320,8;-;-;-;;;;;
6211;1041;1.jpg;Saccade;15990,62399;236,8;-;15.2;699.5;;35;;;
6212;1041;1.jpg;Fissazione;11585,82369;457,6;-;-;-;;;;;
6213;1041;1.jpg;Saccade;21300,76232;244,8;-;33.3;1772.5;;35;;;
6214;1041;1.jpg;Saccade;22830,63988;223,2;-;9.5;976.9;;35;;;
6215;1041;1.jpg;Fissazione;21780,46754;494,4;-;-;-;;;;;
6216;1041;1.jpg;Saccade;10022,27992;229,6;-;12.2;951.2;;35;;;
6217;1041;1.jpg;Fissazione;25227,85293;328;-;-;-;;;;;
6218;1041;1.jpg;Saccade;7058,314053;250,4;-;20.7;1398.1;;35;;;
6219;1041;1.jpg;Saccade;11064,79272;239,2;-;23.0;1652.6;;35;;;
6220;1041;1.jpg;Saccade;6146,178763;225,6;-;12.4;705.1;;35;;;
6221;1041;1.jpg;Saccade;19054,16682;224;-;10.9;1075.9;;35;;;
6222;1041;1.jpg;Saccade;24519,82721;238,4;-;22.4;1287.3;;35;;;
6223;1041;1.jpg;Saccade;6963,07743;222,4;-;3.9;267.1;;35;;;
6224;1041;1.jpg;Saccade;440,3095383;224,8;-;14.7;1053.0;;35;;;
6225;1041;1.jpg;Saccade;27041,55275;231,2;-;11.8;1263.2;;35;;;
6226;1041;1.jpg;Saccade;2781,536157;232,8;-;14.3;1019.5;;35;;;
6227;1041;1.jpg;Saccade;23373,96397;245,6;-;11.7;623.4;;35;;;
6228;1041;1.jpg;Saccade;3875,252909;225,6;-;8.3;601.6;;35;;;
6229;1041;1.jpg;Fissazione;7063,74766;858,4;-;-;-;;;;;
6230;1041;1.jpg;Saccade;11122,22812;226,4;-;17.7;1300.4;;35;;;
6231;1041;1.jpg;Saccade;7799,778757;275,2;-;70.9;2061.7;;35;;;
6232;1041;1.jpg;Saccade;3008,125053;232;-;10.6;1054.0;;35;;;
6233;1041;1.jpg;Saccade;4783,544244;225,6;-;9.9;723.3;;35;;;
6234;1041;1.jpg;Saccade;5684,966959;228;-;9.9;806.9;;35;;;
6235;1041;1.jpg;Saccade;23096,55043;232;-;1.5;89.0;;35;;;
6236;1041;1.jpg;Saccade;5909,598815;222,4;-;6.6;569.1;;35;;;
6237;1041;1.jpg;Saccade;20157,75872;243,2;-;7.3;404.4;;35;;;
6238;1041;1.jpg;Fissazione;4888,855864;1236;-;-;-;;;;;
6239;1041;1.jpg;Saccade;17451,98321;228,8;-;8.1;517.1;;35;;;
6240;1041;1.jpg;Saccade;8790,081961;227,2;-;10.6;755.5;;35;;;
6241;1041;1.jpg;Saccade;12606,04737;235,2;-;15.5;935.0;;35;;;
6242;1041;1.jpg;Saccade;16930,26741;222,4;-;7.7;692.6;;35;;;
6243;1041;1.jpg;Saccade;3679,355516;227,2;-;7.1;650.4;;35;;;
6244;1041;1.jpg;Fissazione;6801,497115;540;-;-;-;;;;;
6245;1041;1.jpg;Saccade;7033,209494;270,4;-;25.2;977.4;;35;;;
6246;1041;1.jpg;Saccade;2317,435761;236;-;32.4;2009.2;;35;;;
6247;1041;1.jpg;Saccade;28669,42257;226,4;-;11.5;1098.9;;35;;;
6248;1041;1.jpg;Saccade;2626,242688;225,6;-;6.8;495.1;;35;;;
6249;1041;1.jpg;Saccade;21655,20024;244;-;19.1;1329.9;;35;;;
6250;1041;1.jpg;Saccade;1789,295106;229,6;-;1.6;91.3;;35;;;
6251;1041;1.jpg;Saccade;15268,81946;287,2;-;55.5;1952.3;;35;;;
6252;1041;1.jpg;Saccade;9716,213292;224;-;3.7;346.5;;35;;;
6253;1041;1.jpg;Saccade;11705,64299;248,8;-;32.6;1876.7;;35;;;
6254;1041;1.jpg;Saccade;20124,28426;225,6;-;20.4;2027.7;;35;;;
6255;1041;1.jpg;Saccade;10316,0844;232,8;-;13.3;1072.5;;35;;;
6256;1041;1.jpg;Saccade;6018,448837;225,6;-;9.4;575.7;;35;;;
6257;1041;1.jpg;Saccade;10678,73964;232,8;-;9.0;642.7;;35;;;
6258;1041;1.jpg;Saccade;25093,37858;224;-;8.4;573.9;;35;;;
6259;1041;1.jpg;Saccade;5667,866384;241,6;-;15.7;878.6;;35;;;
6260;1041;1.jpg;Saccade;22968,64057;227,2;-;20.0;1688.6;;35;;;
6261;1041;1.jpg;Saccade;15120,09478;224,8;-;16.3;1662.5;;35;;;
6262;1041;1.jpg;Fissazione;12486,4792;464,8;-;-;-;;;;;
6263;1041;1.jpg;Fissazione;10590,05585;263,2;-;-;-;;;;;
6264;1041;1.jpg;Saccade;24261,15438;223,2;-;21.2;1938.5;;35;;;
6265;1041;1.jpg;Fissazione;7746,762029;569,6;-;-;-;;;;;
6266;1041;1.jpg;Fissazione;5832,966001;263,2;-;-;-;;;;;
6267;1041;1.jpg;Saccade;9116,551641;232,8;-;9.9;587.8;;35;;;
6268;1041;1.jpg;Saccade;7946,968251;260,8;-;20.7;1330.6;;35;;;
6269;1041;1.jpg;Saccade;20063,94323;244,8;-;2.4;129.0;;35;;;
6270;1041;1.jpg;Saccade;14579,69446;224;-;7.6;557.5;;35;;;
6271;1041;1.jpg;Saccade;11265,60517;232,8;-;16.6;1277.4;;35;;;
6272;1041;1.jpg;Saccade;6968,693736;267,2;-;17.3;833.4;;35;;;
6273;1041;1.jpg;Fissazione;31296,45831;375,2;-;-;-;;;;;
6274;1041;1.jpg;Fissazione;12830,08311;301,6;-;-;-;;;;;
6275;1041;1.jpg;Saccade;9063,562775;223,2;-;12.2;973.2;;35;;;
6276;1041;1.jpg;Fissazione;20096,09137;312;-;-;-;;;;;
6277;1041;1.jpg;Saccade;10054,04206;222,4;-;4.8;240.9;;35;;;
6278;1041;1.jpg;Saccade;9088,479046;236;-;20.9;1601.4;;35;;;
6279;1041;1.jpg;Saccade;11246,0657;239,2;-;23.4;1505.0;;35;;;
6280;1041;1.jpg;Saccade;19604,52045;222,4;-;6.8;675.8;;35;;;
6281;1041;1.jpg;Saccade;13305,76825;244;-;1.4;68.0;;35;;;
6282;1041;1.jpg;Saccade;3190,513533;229,6;-;9.5;631.0;;35;;;
6283;1041;1.jpg;Saccade;975,612124;224;-;6.9;732.0;;35;;;
6284;1041;1.jpg;Fissazione;728,2521917;251,2;-;-;-;;;;;
6285;1041;1.jpg;Saccade;8079,931442;258,4;-;20.8;1006.5;;35;;;
6286;1041;1.jpg;Saccade;6818,511305;222,4;-;7.8;672.6;;35;;;
6287;1041;1.jpg;Saccade;9058,593245;232,8;-;21.7;1388.6;;35;;;
6288;1041;1.jpg;Saccade;8686,376961;232,8;-;1.1;79.5;;35;;;
6289;1041;1.jpg;Saccade;2998,028626;263,2;-;23.3;1289.9;;35;;;
6290;1041;1.jpg;Saccade;25371,39219;227,2;-;12.9;1033.0;;35;;;
6291;1041;1.jpg;Saccade;609,485096;234,4;-;14.4;1205.6;;35;;;
6292;1041;1.jpg;Saccade;689,576185;245,6;-;14.9;887.0;;35;;;
6293;1041;1.jpg;Saccade;17614,33717;251,2;-;4.5;153.7;;35;;;
6294;1041;1.jpg;Saccade;7264,977126;245,6;-;17.4;954.0;;35;;;
6295;1041;2.jpg;Saccade;3233,938768;227,2;-;7.1;650.4;;35;;;
6296;1041;2.jpg;Saccade;877,8255996;224;-;6.9;732.0;;35;;;
6297;1041;2.jpg;Saccade;15881,47413;222,4;-;6.1;396.4;;35;;;
6298;1041;2.jpg;Saccade;6745,369068;222,4;-;7.8;672.6;;35;;;
6299;1041;2.jpg;Saccade;13818,22156;259,2;-;22.9;1454.1;;35;;;
6300;1041;2.jpg;Fissazione;1972,680011;660,8;-;-;-;;;;;
6301;1041;2.jpg;Saccade;6372,600693;228;-;9.0;675.6;;35;;;
6302;1041;2.jpg;Saccade;7451,764339;250,4;-;20.7;1398.1;;35;;;
6303;1041;2.jpg;Fissazione;13825,07635;348,8;-;-;-;;;;;
6304;1041;2.jpg;Saccade;13423,06347;287,2;-;55.5;1952.3;;35;;;
6305;1041;2.jpg;Saccade;7771,702948;270,4;-;25.2;977.4;;35;;;
6306;1041;2.jpg;Saccade;469,4840425;224,8;-;14.7;1053.0;;35;;;
6307;1041;2.jpg;Saccade;1984,24053;239,2;-;7.9;536.1;;35;;;
6308;1041;2.jpg;Fissazione;20944,93401;312;-;-;-;;;;;
6309;1041;2.jpg;Fissazione;8150,490151;403,2;-;-;-;;;;;
6310;1041;2.jpg;Saccade;30931,13893;290,4;-;4.4;148.5;;35;;;
6311;1041;2.jpg;Saccade;33849,01517;228;-;11.6;884.4;;35;;;
6312;1041;2.jpg;Fissazione;8195,935336;540;-;-;-;;;;;
6313;1041;2.jpg;Saccade;5730,665701;230,4;-;26.5;1699.7;;35;;;
6314;1041;2.jpg;Saccade;5255,297187;224,8;-;10.3;1190.2;;35;;;
6315;1041;2.jpg;Fissazione;19317,09727;328;-;-;-;;;;;
6316;1041;2.jpg;Saccade;8723,835696;230,4;-;14.6;1012.8;;35;;;
6317;1041;2.jpg;Fissazione;6365,633043;569,6;-;-;-;;;;;
6318;1041;2.jpg;Saccade;23334,19782;238,4;-;22.4;1287.3;;35;;;
6319;1041;2.jpg;Saccade;27170,66273;245,6;-;11.7;623.4;;35;;;
6320;1041;3.jpg;Saccade;25689,90246;229,6;-;6.8;506.7;;35;;;
6321;1041;3.jpg;Fissazione;13811,90016;291,2;-;-;-;;;;;
6322;1041;3.jpg;Saccade;28664,88749;232;-;3.3;108.3;;35;;;
6323;1041;3.jpg;Saccade;3210,583467;227,2;-;7.1;650.4;;35;;;
6324;1041;3.jpg;Fissazione;1608,627238;317,6;-;-;-;;;;;
6325;1041;3.jpg;Saccade;10339,81455;222,4;-;4.8;240.9;;35;;;
6326;1041;3.jpg;Saccade;12981,8963;235,2;-;15.5;935.0;;35;;;
6327;1041;3.jpg;Saccade;4609,907186;223,2;-;13.2;721.6;;35;;;
6328;1041;3.jpg;Saccade;9975,59342;223,2;-;12.2;973.2;;35;;;
6329;1041;3.jpg;Saccade;18817,55604;228,8;-;8.1;517.1;;35;;;
6330;1041;3.jpg;Saccade;9138,687806;236;-;20.9;1601.4;;35;;;
6331;1041;3.jpg;Saccade;7523,708726;245,6;-;17.4;954.0;;35;;;
6332;1041;3.jpg;Saccade;10419,45767;232,8;-;13.3;1072.5;;35;;;
6333;1041;3.jpg;Saccade;9472,763157;253,6;-;24.1;1367.1;;35;;;
6334;1041;3.jpg;Saccade;18799,47321;244,8;-;2.4;129.0;;35;;;
6335;1041;3.jpg;Saccade;13389,46415;226,4;-;10.3;914.0;;35;;;
6336;1041;3.jpg;Saccade;12883,89928;244;-;1.4;68.0;;35;;;
6337;1041;3.jpg;Saccade;6116,297023;258,4;-;26.1;1165.6;;35;;;
6338;1041;3.jpg;Fissazione;21385,65746;494,4;-;-;-;;;;;
6339;1041;3.jpg;Saccade;19279,88006;236,8;-;15.2;699.5;;35;;;
6340;1041;3.jpg;Saccade;19800,59605;223,2;-;9.5;976.9;;35;;;
6341;1041;3.jpg;Saccade;5161,954158;241,6;-;15.7;878.6;;35;;;
6342;1041;3.jpg;Saccade;28184,30244;251,2;-;5.2;293.5;;35;;;
6343;1041;3.jpg;Saccade;8071,219903;228,8;-;15.6;1161.7;;35;;;
6344;1041;3.jpg;Fissazione;6746,16376;569,6;-;-;-;;;;;
6345;1041;3.jpg;Saccade;18776,11784;251,2;-;4.5;153.7;;35;;;
6346;1041;3.jpg;Saccade;3020,095289;232,8;-;14.3;1019.5;;35;;;
6347;1041;3.jpg;Saccade;23636,85661;222,4;-;4.0;197.1;;35;;;
6348;1041;3.jpg;Fissazione;1324,70625;415,2;-;-;-;;;;;
6349;1041;1.jpg;Saccade;11522,95353;228,9;-;15.7;1161.8;;35;;;
6350;1041;1.jpg;Saccade;11512,91307;242,5;-;18.2;1156.10;;35;;;
6351;1042;1.jpg;Saccade;2829,567239;225,6;-;6.8;495.1;;35;;;
6352;1042;1.jpg;Saccade;10713,31182;228;-;6.9;637.2;;35;;;
6353;1042;1.jpg;Fissazione;14825,96711;348,8;-;-;-;;;;;
6354;1042;1.jpg;Saccade;13753,57886;224,8;-;16.3;1662.5;;35;;;
6355;1042;1.jpg;Saccade;7442,444629;242,4;-;18.1;1156.9;;35;;;
6356;1042;1.jpg;Saccade;18846,69448;224;-;6.9;707.3;;35;;;
6357;1042;1.jpg;Saccade;5821,816322;224;-;11.0;710.5;;35;;;
6358;1042;1.jpg;Saccade;2672,538751;222,4;-;9.3;777.1;;35;;;
6359;1042;1.jpg;Fissazione;3112,674011;281,6;-;-;-;;;;;
6360;1042;1.jpg;Fissazione;706,8389583;251,2;-;-;-;;;;;
6361;1042;1.jpg;Saccade;13837,22612;232;-;1.3;85.3;;35;;;
6362;1042;1.jpg;Saccade;9929,544757;236;-;20.9;1601.4;;35;;;
6363;1042;1.jpg;Saccade;7771,951019;260,8;-;20.7;1330.6;;35;;;
6364;1042;1.jpg;Saccade;1550,136534;229,6;-;1.6;91.3;;35;;;
6365;1042;1.jpg;Saccade;13353,61469;258,4;-;8.2;378.7;;35;;;
6366;1042;1.jpg;Saccade;13365,08298;224;-;7.6;557.5;;35;;;
6367;1042;1.jpg;Saccade;25244,94317;238,4;-;22.4;1287.3;;35;;;
6368;1042;1.jpg;Saccade;19934,23791;224;-;0.9;73.8;;35;;;
6369;1042;1.jpg;Saccade;6960,007705;270,4;-;25.2;977.4;;35;;;
6370;1042;1.jpg;Saccade;26253,21902;223,2;-;21.2;1938.5;;35;;;
6371;1042;1.jpg;Saccade;16744,88435;228;-;7.5;664.5;;35;;;
6372;1042;1.jpg;Saccade;9310,367523;232,8;-;21.7;1388.6;;35;;;
6373;1042;1.jpg;Saccade;27285,90437;240;-;14.9;1083.8;;35;;;
6374;1042;1.jpg;Fissazione;9404,475749;552;-;-;-;;;;;
6375;1042;1.jpg;Saccade;816,0279572;244;-;6.0;368.7;;35;;;
6376;1042;1.jpg;Saccade;8336,841076;232,8;-;9.9;587.8;;35;;;
6377;1042;1.jpg;Saccade;8987,938509;232,8;-;1.1;79.5;;35;;;
6378;1042;1.jpg;Saccade;14653,04714;235,2;-;15.5;935.0;;35;;;
6379;1042;1.jpg;Saccade;9912,914499;275,2;-;70.9;2061.7;;35;;;
6380;1042;1.jpg;Saccade;35124,98787;290,4;-;4.4;148.5;;35;;;
6381;1042;1.jpg;Saccade;775,3832722;224;-;6.9;732.0;;35;;;
6382;1042;1.jpg;Fissazione;27062,67365;375,2;-;-;-;;;;;
6383;1042;1.jpg;Saccade;23280,67835;224;-;8.4;573.9;;35;;;
6384;1042;1.jpg;Fissazione;7103,796857;403,2;-;-;-;;;;;
6385;1042;1.jpg;Saccade;7201,212393;222,4;-;3.9;267.1;;35;;;
6386;1042;1.jpg;Saccade;21327,79539;244,8;-;33.3;1772.5;;35;;;
6387;1042;1.jpg;Saccade;26835,00567;232;-;1.5;89.0;;35;;;
6388;1042;1.jpg;Saccade;678,4023409;245,6;-;14.9;887.0;;35;;;
6389;1042;1.jpg;Saccade;8861,843008;249,6;-;42.6;2043.6;;35;;;
6390;1042;1.jpg;Saccade;11397,37589;222,4;-;4.8;240.9;;35;;;
6391;1042;1.jpg;Saccade;9257,951656;227,2;-;10.6;755.5;;35;;;
6392;1042;1.jpg;Saccade;1089,725054;254,4;-;16.9;1056.0;;35;;;
6393;1042;1.jpg;Saccade;23647,75414;229,6;-;6.8;506.7;;35;;;
6394;1042;1.jpg;Saccade;6166,044448;228;-;9.0;675.6;;35;;;
6395;1042;1.jpg;Fissazione;19720,03145;312;-;-;-;;;;;
6396;1042;1.jpg;Saccade;35840,6651;231,2;-;11.8;1263.2;;35;;;
6397;1042;1.jpg;Saccade;12411,61019;232,8;-;13.3;1072.5;;35;;;
6398;1042;1.jpg;Saccade;22095,21076;236,8;-;15.2;699.5;;35;;;
6399;1042;1.jpg;Saccade;17601,55503;224;-;10.9;1075.9;;35;;;
6400;1042;1.jpg;Saccade;4533,062889;225,6;-;9.9;723.3;;35;;;
6401;1042;1.jpg;Saccade;5275,659752;228;-;9.9;806.9;;35;;;
6402;1042;1.jpg;Fissazione;4543,456838;1236;-;-;-;;;;;
6403;1042;1.jpg;Saccade;22038,82164;228,8;-;21.8;2131.8;;35;;;
6404;1042;1.jpg;Saccade;7547,355902;258,4;-;20.8;1006.5;;35;;;
6405;1042;1.jpg;Saccade;10143,61171;229,6;-;21.5;1887.2;;35;;;
6406;1042;1.jpg;Saccade;21342,00886;243,2;-;7.3;404.4;;35;;;
6407;1042;1.jpg;Saccade;2022,113809;251,2;-;1.4;40.7;;35;;;
6408;1042;1.jpg;Saccade;22085,44021;252,8;-;3.4;109.8;;35;;;
6409;1042;1.jpg;Saccade;31527,74163;228;-;11.6;884.4;;35;;;
6410;1042;1.jpg;Saccade;9599,835429;224;-;3.7;346.5;;35;;;
6411;1042;1.jpg;Saccade;4460,825348;223,2;-;13.2;721.6;;35;;;
6412;1042;1.jpg;Saccade;7759,359628;262,4;-;19.5;1628.1;;35;;;
6413;1042;1.jpg;Saccade;9557,212789;248,8;-;32.6;1876.7;;35;;;
6414;1042;1.jpg;Saccade;6489,121759;245,6;-;17.4;954.0;;35;;;
6415;1042;1.jpg;Saccade;6423,175058;258,4;-;26.1;1165.6;;35;;;
6416;1042;1.jpg;Saccade;13552,55133;259,2;-;22.9;1454.1;;35;;;
6417;1042;1.jpg;Fissazione;932,0455255;321,6;-;-;-;;;;;
6418;1042;1.jpg;Fissazione;7387,915039;858,4;-;-;-;;;;;
6419;1042;2.jpg;Saccade;10177,81824;224;-;3.7;346.5;;35;;;
6420;1042;2.jpg;Fissazione;20376,21374;340;-;-;-;;;;;
6421;1042;2.jpg;Saccade;17126,10271;224;-;6.9;707.3;;35;;;
6422;1042;2.jpg;Saccade;10550,37196;232,8;-;16.6;1277.4;;35;;;
6423;1042;2.jpg;Saccade;20859,76876;244,8;-;33.3;1772.5;;35;;;
6424;1042;2.jpg;Fissazione;13771,23595;343,2;-;-;-;;;;;
6425;1042;2.jpg;Saccade;10387,5767;226,4;-;17.7;1300.4;;35;;;
6426;1042;2.jpg;Saccade;10256,97414;253,6;-;24.1;1367.1;;35;;;
6427;1042;2.jpg;Saccade;20529,51271;244;-;19.1;1329.9;;35;;;
6428;1042;2.jpg;Saccade;7147,724127;222,4;-;3.9;267.1;;35;;;
6429;1042;2.jpg;Saccade;32532,89918;290,4;-;4.4;148.5;;35;;;
6430;1042;2.jpg;Saccade;3036,90181;225,6;-;6.8;495.1;;35;;;
6431;1042;2.jpg;Saccade;19542,54413;244,8;-;2.4;129.0;;35;;;
6432;1042;2.jpg;Saccade;856,2512802;224;-;6.9;732.0;;35;;;
6433;1042;2.jpg;Saccade;24287,81705;240;-;14.9;1083.8;;35;;;
6434;1042;2.jpg;Fissazione;2495,469259;281,6;-;-;-;;;;;
6435;1042;2.jpg;Saccade;5849,733817;224,8;-;10.3;1190.2;;35;;;
6436;1042;2.jpg;Saccade;27277,14312;226,4;-;11.5;1098.9;;35;;;
6437;1042;2.jpg;Saccade;25894,93064;227,2;-;12.9;1033.0;;35;;;
6438;1042;2.jpg;Saccade;32601,14597;228;-;11.6;884.4;;35;;;
6439;1042;2.jpg;Saccade;11310,15546;239,2;-;23.4;1505.0;;35;;;
6440;1042;2.jpg;Fissazione;7597,18657;858,4;-;-;-;;;;;
6441;1042;2.jpg;Saccade;13321,50243;244;-;1.4;68.0;;35;;;
6442;1042;2.jpg;Saccade;2909,93265;263,2;-;23.3;1289.9;;35;;;
6443;1042;2.jpg;Saccade;11478,63493;239,2;-;23.0;1652.6;;35;;;
6444;1042;2.jpg;Fissazione;23450,38284;328;-;-;-;;;;;
6445;1042;2.jpg;Saccade;6539,433021;258,4;-;26.1;1165.6;;35;;;
6446;1042;2.jpg;Fissazione;13864,12054;457,6;-;-;-;;;;;
6447;1042;2.jpg;Saccade;29883,27728;251,2;-;5.2;293.5;;35;;;
6448;1042;2.jpg;Saccade;11624,42072;223,2;-;7.2;613.7;;35;;;
6449;1042;2.jpg;Saccade;16493,59497;228;-;7.5;664.5;;35;;;
6450;1042;2.jpg;Saccade;8558,946881;258,4;-;20.8;1006.5;;35;;;
6451;1042;2.jpg;Saccade;18648,90267;224;-;10.9;1075.9;;35;;;
6452;1042;2.jpg;Fissazione;22998,67187;312;-;-;-;;;;;
6453;1042;2.jpg;Fissazione;12456,59355;291,2;-;-;-;;;;;
6454;1042;2.jpg;Saccade;26829,68196;232;-;3.3;108.3;;35;;;
6455;1042;3.jpg;Saccade;637,4259668;234,4;-;14.4;1205.6;;35;;;
6456;1042;3.jpg;Fissazione;3124,870448;281,6;-;-;-;;;;;
6457;1042;3.jpg;Saccade;17368,39961;222,4;-;7.7;692.6;;35;;;
6458;1042;3.jpg;Saccade;18770,28457;222,4;-;6.8;675.8;;35;;;
6459;1042;3.jpg;Saccade;20480,7141;222,4;-;4.0;197.1;;35;;;
6460;1042;3.jpg;Fissazione;1489,397864;317,6;-;-;-;;;;;
6461;1042;3.jpg;Saccade;6742,539191;222,4;-;7.8;672.6;;35;;;
6462;1042;3.jpg;Saccade;22659,05754;232;-;1.5;89.0;;35;;;
6463;1042;3.jpg;Saccade;11630,45923;226,4;-;17.7;1300.4;;35;;;
6464;1042;3.jpg;Saccade;26154,66629;238,4;-;22.4;1287.3;;35;;;
6465;1042;3.jpg;Saccade;7141,020453;228;-;9.0;675.6;;35;;;
6466;1042;3.jpg;Fissazione;12237,54219;464,8;-;-;-;;;;;
6467;1042;3.jpg;Fissazione;8294,152873;403,2;-;-;-;;;;;
6468;1042;3.jpg;Saccade;12185,55843;229,6;-;21.5;1887.2;;35;;;
6469;1042;3.jpg;Saccade;13265,51794;258,4;-;8.2;378.7;;35;;;
6470;1042;3.jpg;Fissazione;8101,645233;858,4;-;-;-;;;;;
6471;1042;3.jpg;Saccade;19527,1348;222,4;-;6.1;396.4;;35;;;
6472;1042;3.jpg;Saccade;8114,10656;232,8;-;1.1;79.5;;35;;;
6473;1042;3.jpg;Saccade;28768,15355;231,2;-;11.8;1263.2;;35;;;
6474;1042;3.jpg;Saccade;21189,32601;244,8;-;2.4;129.0;;35;;;
6475;1042;3.jpg;Saccade;8129,113962;242,4;-;18.1;1156.9;;35;;;
6476;1042;3.jpg;Saccade;5549,205503;241,6;-;15.7;878.6;;35;;;
6477;1042;3.jpg;Fissazione;17906,37827;328;-;-;-;;;;;
6478;1043;1.jpg;Saccade;964,3309603;244;-;6.0;368.7;;35;;;
6479;1043;1.jpg;Saccade;22386,43165;232;-;3.3;108.3;;35;;;
6480;1043;1.jpg;Saccade;18645,74169;252,8;-;3.4;109.8;;35;;;
6481;1043;1.jpg;Saccade;1849,323835;249,6;-;5.3;207.5;;35;;;
6482;1043;1.jpg;Saccade;19183,75892;243,2;-;7.3;404.4;;35;;;
6483;1043;1.jpg;Fissazione;8876,682151;540;-;-;-;;;;;
6484;1043;1.jpg;Saccade;9732,44645;249,6;-;42.6;2043.6;;35;;;
6485;1043;1.jpg;Saccade;11543,44938;239,2;-;23.4;1505.0;;35;;;
6486;1043;1.jpg;Saccade;6056,994137;224;-;11.0;710.5;;35;;;
6487;1043;1.jpg;Saccade;18979,13542;244;-;19.1;1329.9;;35;;;
6488;1043;1.jpg;Saccade;1585,821775;239,2;-;7.9;536.1;;35;;;
6489;1043;1.jpg;Saccade;13999,7557;239,2;-;23.5;1731.4;;35;;;
6490;1043;1.jpg;Fissazione;3386,168538;281,6;-;-;-;;;;;
6491;1043;1.jpg;Saccade;26177,82921;229,6;-;6.8;506.7;;35;;;
6492;1043;1.jpg;Saccade;8941,942964;275,2;-;70.9;2061.7;;35;;;
6493;1043;1.jpg;Saccade;3349,965663;229,6;-;9.5;631.0;;35;;;
6494;1043;1.jpg;Saccade;9549,581301;224;-;3.7;346.5;;35;;;
6495;1043;1.jpg;Saccade;2589,953918;222,4;-;9.3;777.1;;35;;;
6496;1043;1.jpg;Saccade;4595,014445;222,4;-;6.6;569.1;;35;;;
6497;1043;1.jpg;Fissazione;21473,2019;494,4;-;-;-;;;;;
6498;1043;1.jpg;Saccade;517,7122283;224,8;-;14.7;1053.0;;35;;;
6499;1043;1.jpg;Saccade;7637,030969;222,4;-;3.9;267.1;;35;;;
6500;1043;1.jpg;Saccade;21441,83761;244,8;-;2.4;129.0;;35;;;
6501;1043;1.jpg;Saccade;1805,327515;242,4;-;1.5;65.7;;35;;;
6502;1043;1.jpg;Saccade;9041,475156;232,8;-;21.7;1388.6;;35;;;
6503;1043;1.jpg;Saccade;17763,17075;224;-;0.9;73.8;;35;;;
6504;1043;1.jpg;Saccade;4907,169291;225,6;-;9.9;723.3;;35;;;
6505;1043;1.jpg;Saccade;23480,00216;225,6;-;20.4;2027.7;;35;;;
6506;1043;1.jpg;Saccade;9570,685921;236;-;20.9;1601.4;;35;;;
6507;1043;1.jpg;Saccade;17611,82802;236,8;-;15.2;699.5;;35;;;
6508;1043;1.jpg;Fissazione;32185,17329;409,6;-;-;-;;;;;
6509;1043;1.jpg;Fissazione;11901,50938;343,2;-;-;-;;;;;
6510;1043;1.jpg;Fissazione;5973,150639;858,4;-;-;-;;;;;
6511;1043;1.jpg;Fissazione;13487,2219;560,8;-;-;-;;;;;
6512;1043;1.jpg;Saccade;13636,94793;235,2;-;15.5;935.0;;35;;;
6513;1043;1.jpg;Saccade;6275,2137;270,4;-;25.2;977.4;;35;;;
6514;1043;1.jpg;Fissazione;1725,483967;317,6;-;-;-;;;;;
6515;1043;1.jpg;Saccade;10281,53171;232,8;-;9.0;642.7;;35;;;
6516;1043;1.jpg;Saccade;14395,78797;287,2;-;55.5;1952.3;;35;;;
6517;1043;1.jpg;Saccade;917,8501866;224;-;6.9;732.0;;35;;;
6518;1043;1.jpg;Saccade;6456,433463;262,4;-;19.5;1628.1;;35;;;
6519;1043;1.jpg;Fissazione;13965,59242;291,2;-;-;-;;;;;
6520;1043;1.jpg;Saccade;6124,600921;250,4;-;20.7;1398.1;;35;;;
6521;1043;1.jpg;Fissazione;1982,348847;660,8;-;-;-;;;;;
6522;1043;1.jpg;Saccade;9008,518651;229,6;-;12.2;951.2;;35;;;
6523;1043;1.jpg;Fissazione;12193,50462;263,2;-;-;-;;;;;
6524;1043;1.jpg;Saccade;9682,202011;222,4;-;10.2;968.7;;35;;;
6525;1043;1.jpg;Saccade;10596,00355;239,2;-;23.0;1652.6;;35;;;
6526;1043;1.jpg;Saccade;10419,67154;227,2;-;10.6;755.5;;35;;;
6527;1043;1.jpg;Saccade;16240,07666;224;-;6.9;707.3;;35;;;
6528;1043;1.jpg;Saccade;16026,79535;228,8;-;8.1;517.1;;35;;;
6529;1043;1.jpg;Saccade;18481,76534;228,8;-;21.8;2131.8;;35;;;
6530;1043;1.jpg;Saccade;19835,76357;228;-;7.5;664.5;;35;;;
6531;1043;1.jpg;Saccade;18522,5219;224;-;10.9;1075.9;;35;;;
6532;1043;1.jpg;Saccade;10518,0072;224;-;12.9;1275.2;;35;;;
6533;1043;1.jpg;Fissazione;16895,88317;320,8;-;-;-;;;;;
6534;1043;1.jpg;Saccade;12906,34229;229,6;-;21.5;1887.2;;35;;;
6535;1043;1.jpg;Saccade;18915,4531;244,8;-;33.3;1772.5;;35;;;
6536;1043;1.jpg;Fissazione;5110,091817;263,2;-;-;-;;;;;
6537;1043;1.jpg;Fissazione;4023,600462;1236;-;-;-;;;;;
6538;1043;1.jpg;Saccade;7931,539263;242,4;-;18.1;1156.9;;35;;;
6539;1043;1.jpg;Fissazione;7754,050908;403,2;-;-;-;;;;;
6540;1043;1.jpg;Saccade;11595,40734;222,4;-;4.8;240.9;;35;;;
6541;1043;1.jpg;Saccade;20518,29404;251,2;-;4.5;153.7;;35;;;
6542;1043;1.jpg;Fissazione;33738,17216;1018,4;-;-;-;;;;;
6543;1043;1.jpg;Saccade;9133,504283;259,2;-;23.8;956.2;;35;;;
6544;1043;2.jpg;Saccade;13745,42735;244;-;1.4;68.0;;35;;;
6545;1043;2.jpg;Saccade;6183,957778;230,4;-;26.5;1699.7;;35;;;
6546;1043;2.jpg;Saccade;7076,409395;245,6;-;17.4;954.0;;35;;;
6547;1043;2.jpg;Saccade;9262,596404;224;-;3.7;346.5;;35;;;
6548;1043;2.jpg;Saccade;7926,04647;262,4;-;19.5;1628.1;;35;;;
6549;1043;2.jpg;Fissazione;6971,055165;403,2;-;-;-;;;;;
6550;1043;2.jpg;Fissazione;7944,670897;540;-;-;-;;;;;
6551;1043;2.jpg;Saccade;7496,08849;242,4;-;18.1;1156.9;;35;;;
6552;1043;2.jpg;Fissazione;12288,8192;301,6;-;-;-;;;;;
6553;1043;2.jpg;Saccade;8578,976355;223,2;-;12.2;973.2;;35;;;
6554;1043;2.jpg;Saccade;11467,84929;224;-;12.9;1275.2;;35;;;
6555;1043;2.jpg;Saccade;8309,809782;230,4;-;14.6;1012.8;;35;;;
6556;1043;2.jpg;Saccade;6496,598638;267,2;-;17.3;833.4;;35;;;
6557;1043;2.jpg;Saccade;1879,011577;242,4;-;1.5;65.7;;35;;;
6558;1043;2.jpg;Saccade;10284,6638;222,4;-;4.8;240.9;;35;;;
6559;1043;2.jpg;Saccade;11734,96995;222,4;-;10.2;968.7;;35;;;
6560;1043;2.jpg;Saccade;21252,3143;251,2;-;4.5;153.7;;35;;;
6561;1043;2.jpg;Fissazione;7713,668753;354,4;-;-;-;;;;;
6562;1043;2.jpg;Fissazione;11479,50396;263,2;-;-;-;;;;;
6563;1043;2.jpg;Saccade;14031,11884;287,2;-;55.5;1952.3;;35;;;
6564;1043;2.jpg;Saccade;29732,60321;228;-;11.6;884.4;;35;;;
6565;1043;2.jpg;Saccade;8453,460888;258,4;-;20.8;1006.5;;35;;;
6566;1043;2.jpg;Saccade;1613,802332;249,6;-;5.3;207.5;;35;;;
6567;1043;2.jpg;Fissazione;4844,31822;1236;-;-;-;;;;;
6568;1043;2.jpg;Saccade;3133,591313;225,6;-;6.8;495.1;;35;;;
6569;1043;2.jpg;Saccade;21188,27945;244;-;19.1;1329.9;;35;;;
6570;1043;2.jpg;Saccade;6333,222264;224;-;11.0;710.5;;35;;;
6571;1043;2.jpg;Saccade;20226,05303;222,4;-;6.1;396.4;;35;;;
6572;1043;2.jpg;Saccade;12164,0755;232,8;-;13.3;1072.5;;35;;;
6573;1043;3.jpg;Saccade;1137,459511;254,4;-;16.9;1056.0;;35;;;
6574;1043;3.jpg;Saccade;11533,61839;248,8;-;32.6;1876.7;;35;;;
6575;1043;3.jpg;Saccade;31107,18801;228;-;11.6;884.4;;35;;;
6576;1043;3.jpg;Fissazione;11327,69735;366,4;-;-;-;;;;;
6577;1043;3.jpg;Saccade;25610,70204;227,2;-;20.0;1688.6;;35;;;
6578;1043;3.jpg;Saccade;5094,927384;225,6;-;9.9;723.3;;35;;;
6579;1043;3.jpg;Saccade;909,3597968;224;-;6.9;732.0;;35;;;
6580;1043;3.jpg;Saccade;19415,37531;225,6;-;20.4;2027.7;;35;;;
6581;1043;3.jpg;Saccade;6296,02372;267,2;-;17.3;833.4;;35;;;
6582;1043;3.jpg;Fissazione;6360,320224;354,4;-;-;-;;;;;
6583;1043;3.jpg;Saccade;15264,24695;239,2;-;23.5;1731.4;;35;;;
6584;1043;3.jpg;Fissazione;28811,43332;1018,4;-;-;-;;;;;
6585;1043;3.jpg;Fissazione;14975,26069;348,8;-;-;-;;;;;
6586;1043;3.jpg;Fissazione;18649,03251;340;-;-;-;;;;;
6587;1043;3.jpg;Saccade;10079,17928;224;-;12.9;1275.2;;35;;;
6588;1043;3.jpg;Saccade;21956,2936;224;-;10.9;1075.9;;35;;;
6589;1043;3.jpg;Saccade;6632,703421;258,4;-;26.1;1165.6;;35;;;
6590;1043;3.jpg;Saccade;24067,97992;238,4;-;22.4;1287.3;;35;;;
6591;1043;3.jpg;Saccade;7117,848028;224,8;-;10.3;1190.2;;35;;;
6592;1043;3.jpg;Saccade;12371,77924;229,6;-;21.5;1887.2;;35;;;
6593;1043;3.jpg;Saccade;2005,146113;242,4;-;1.5;65.7;;35;;;
6594;1043;3.jpg;Saccade;2699,354522;225,6;-;6.8;495.1;;35;;;
6595;1044;1.jpg;Saccade;20609,16729;224;-;0.9;73.8;;35;;;
6596;1044;1.jpg;Fissazione;19088,19915;328;-;-;-;;;;;
6597;1044;1.jpg;Saccade;15693,15498;228,8;-;21.8;2131.8;;35;;;
6598;1044;1.jpg;Fissazione;3224,10445;281,6;-;-;-;;;;;
6599;1044;1.jpg;Saccade;8409,272639;258,4;-;20.8;1006.5;;35;;;
6600;1044;1.jpg;Saccade;12390,1928;232,8;-;13.3;1072.5;;35;;;
6601;1044;1.jpg;Saccade;13032,50084;226,4;-;10.3;914.0;;35;;;
6602;1044;1.jpg;Saccade;8818,014583;259,2;-;23.8;956.2;;35;;;
6603;1044;1.jpg;Saccade;657,3893124;245,6;-;14.9;887.0;;35;;;
6604;1044;1.jpg;Saccade;13318,62044;224,8;-;16.3;1662.5;;35;;;
6605;1044;1.jpg;Fissazione;20058,57553;312;-;-;-;;;;;
6606;1044;1.jpg;Saccade;1722,388667;242,4;-;1.5;65.7;;35;;;
6607;1044;1.jpg;Saccade;18727,81408;244,8;-;2.4;129.0;;35;;;
6608;1044;1.jpg;Saccade;14517,72826;232;-;1.3;85.3;;35;;;
6609;1044;1.jpg;Saccade;12112,92601;225,6;-;6.3;627.6;;35;;;
6610;1044;1.jpg;Saccade;6719,196335;228,8;-;15.6;1161.7;;35;;;
6611;1044;1.jpg;Fissazione;14068,35839;291,2;-;-;-;;;;;
6612;1044;1.jpg;Saccade;22491,91061;251,2;-;4.5;153.7;;35;;;
6613;1044;1.jpg;Fissazione;14556,68928;320,8;-;-;-;;;;;
6614;1044;1.jpg;Saccade;12135,71238;239,2;-;23.0;1652.6;;35;;;
6615;1044;1.jpg;Saccade;30422,93087;228;-;11.6;884.4;;35;;;
6616;1044;1.jpg;Saccade;11188,62219;239,2;-;23.4;1505.0;;35;;;
6617;1044;1.jpg;Saccade;6125,699555;228;-;9.0;675.6;;35;;;
6618;1044;1.jpg;Saccade;9430,919797;232,8;-;16.6;1277.4;;35;;;
6619;1044;1.jpg;Saccade;17340,21667;228,8;-;8.1;517.1;;35;;;
6620;1044;1.jpg;Saccade;13639,39824;228;-;6.9;637.2;;35;;;
6621;1044;1.jpg;Saccade;27797,45708;231,2;-;11.8;1263.2;;35;;;
6622;1044;1.jpg;Saccade;23354,9798;229,6;-;6.8;506.7;;35;;;
6623;1044;1.jpg;Saccade;2656,177075;232,8;-;14.3;1019.5;;35;;;
6624;1044;1.jpg;Saccade;17951,78731;222,4;-;7.7;692.6;;35;;;
6625;1044;1.jpg;Saccade;9360,106434;229,6;-;12.2;951.2;;35;;;
6626;1044;1.jpg;Saccade;2857,014197;232;-;10.6;1054.0;;35;;;
6627;1044;1.jpg;Fissazione;877,5081176;251,2;-;-;-;;;;;
6628;1044;1.jpg;Saccade;3464,073714;225,6;-;8.3;601.6;;35;;;
6629;1044;1.jpg;Saccade;7472,307035;232,8;-;21.7;1388.6;;35;;;
6630;1044;1.jpg;Saccade;1610,968663;229,6;-;1.6;91.3;;35;;;
6631;1044;1.jpg;Fissazione;6408,455688;569,6;-;-;-;;;;;
6632;1044;1.jpg;Saccade;9784,336326;275,2;-;70.9;2061.7;;35;;;
6633;1044;1.jpg;Fissazione;33109,50828;1018,4;-;-;-;;;;;
6634;1044;1.jpg;Saccade;7058,17318;262,4;-;19.5;1628.1;;35;;;
6635;1044;1.jpg;Fissazione;12057,58089;366,4;-;-;-;;;;;
6636;1044;1.jpg;Fissazione;19274,21444;340;-;-;-;;;;;
6637;1044;1.jpg;Saccade;5569,028302;225,6;-;9.4;575.7;;35;;;
6638;1044;1.jpg;Saccade;13252,33742;239,2;-;23.5;1731.4;;35;;;
6639;1044;1.jpg;Saccade;5984,238712;224,8;-;10.3;1190.2;;35;;;
6640;1044;1.jpg;Saccade;12318,18089;228,8;-;8.8;565.7;;35;;;
6641;1044;1.jpg;Saccade;26190,78525;232;-;3.3;108.3;;35;;;
6642;1044;1.jpg;Fissazione;4989,933364;354,4;-;-;-;;;;;
6643;1044;1.jpg;Fissazione;6623,029351;858,4;-;-;-;;;;;
6644;1044;1.jpg;Saccade;16926,10274;243,2;-;7.3;404.4;;35;;;
6645;1044;1.jpg;Saccade;17004,74667;224;-;10.9;1075.9;;35;;;
6646;1044;1.jpg;Saccade;28858,57982;226,4;-;11.5;1098.9;;35;;;
6647;1044;1.jpg;Saccade;1956,899069;239,2;-;7.9;536.1;;35;;;
6648;1044;1.jpg;Saccade;585,7961437;234,4;-;14.4;1205.6;;35;;;
6649;1044;1.jpg;Saccade;7015,002009;222,4;-;3.9;267.1;;35;;;
6650;1044;1.jpg;Fissazione;7873,960254;403,2;-;-;-;;;;;
6651;1044;1.jpg;Fissazione;1344,978338;415,2;-;-;-;;;;;
6652;1044;1.jpg;Saccade;27714,39983;240;-;14.9;1083.8;;35;;;
6653;1044;1.jpg;Saccade;27330,62989;222,4;-;4.0;197.1;;35;;;
6654;1044;1.jpg;Saccade;20870,6223;222,4;-;6.8;675.8;;35;;;
6655;1044;1.jpg;Saccade;2285,35289;222,4;-;9.3;777.1;;35;;;
6656;1044;1.jpg;Fissazione;18349,40605;494,4;-;-;-;;;;;
6657;1044;1.jpg;Saccade;28722,70292;290,4;-;4.4;148.5;;35;;;
6658;1044;1.jpg;Saccade;6039,111188;230,4;-;26.5;1699.7;;35;;;
6659;1044;1.jpg;Saccade;10907,67601;223,2;-;7.2;613.7;;35;;;
6660;1044;1.jpg;Saccade;21907,99368;225,6;-;20.4;2027.7;;35;;;
6661;1044;1.jpg;Saccade;12404,98418;224;-;12.9;1275.2;;35;;;
6662;1044;1.jpg;Saccade;34879,70539;252;-;19.6;1348.3;;35;;;
6663;1044;1.jpg;Fissazione;24891,55957;328;-;-;-;;;;;
6664;1044;1.jpg;Saccade;11449,69954;232,8;-;9.0;642.7;;35;;;
6665;1044;1.jpg;Saccade;21451,71873;238,4;-;22.4;1287.3;;35;;;
6666;1044;1.jpg;Saccade;14901,02173;224;-;7.6;557.5;;35;;;
6667;1044;1.jpg;Fissazione;12817,23246;457,6;-;-;-;;;;;
6668;1044;1.jpg;Fissazione;6120,037151;263,2;-;-;-;;;;;
6669;1044;2.jpg;Saccade;13000,80051;225,6;-;6.3;627.6;;35;;;
6670;1044;2.jpg;Saccade;31517,13767;226,4;-;11.5;1098.9;;35;;;
6671;1044;2.jpg;Saccade;26751,89834;223,2;-;21.2;1938.5;;35;;;
6672;1044;2.jpg;Saccade;9680,173948;229,6;-;12.2;951.2;;35;;;
6673;1044;2.jpg;Fissazione;12508,09232;301,6;-;-;-;;;;;
6674;1044;2.jpg;Saccade;2613,353302;232;-;10.6;1054.0;;35;;;
6675;1044;2.jpg;Fissazione;8438,890002;540;-;-;-;;;;;
6676;1044;2.jpg;Saccade;32254,89048;251,2;-;5.2;293.5;;35;;;
6677;1044;2.jpg;Saccade;17220,98517;222,4;-;7.7;692.6;;35;;;
6678;1044;2.jpg;Saccade;11614,36337;226,4;-;10.3;914.0;;35;;;
6679;1044;2.jpg;Fissazione;1779,059779;317,6;-;-;-;;;;;
6680;1044;2.jpg;Saccade;10753,35979;248,8;-;32.6;1876.7;;35;;;
6681;1044;2.jpg;Fissazione;7730,245908;569,6;-;-;-;;;;;
6682;1044;2.jpg;Saccade;22732,64145;227,2;-;12.9;1033.0;;35;;;
6683;1044;2.jpg;Saccade;1183,036815;254,4;-;16.9;1056.0;;35;;;
6684;1044;2.jpg;Saccade;11649,18791;232,8;-;16.6;1277.4;;35;;;
6685;1044;2.jpg;Saccade;12837,2925;287,2;-;55.5;1952.3;;35;;;
6686;1044;2.jpg;Saccade;2624,465925;251,2;-;1.4;40.7;;35;;;
6687;1044;2.jpg;Saccade;19455,2015;224;-;0.9;73.8;;35;;;
6688;1044;2.jpg;Saccade;3501,082769;225,6;-;8.3;601.6;;35;;;
6689;1044;2.jpg;Saccade;7534,145052;223,2;-;12.2;973.2;;35;;;
6690;1044;2.jpg;Saccade;13586,83499;292;-;50.7;1483.9;;35;;;
6691;1044;2.jpg;Saccade;5958,680443;224;-;11.0;710.5;;35;;;
6692;1044;2.jpg;Saccade;6643,616173;267,2;-;17.3;833.4;;35;;;
6693;1044;2.jpg;Saccade;18105,73983;228;-;7.5;664.5;;35;;;
6694;1044;2.jpg;Saccade;9072,575229;227,2;-;10.6;755.5;;35;;;
6695;1044;2.jpg;Fissazione;7736,440349;403,2;-;-;-;;;;;
6696;1044;2.jpg;Saccade;14140,8403;239,2;-;23.5;1731.4;;35;;;
6697;1044;2.jpg;Saccade;4178,148769;225,6;-;9.9;723.3;;35;;;
6698;1044;2.jpg;Fissazione;5940,03334;263,2;-;-;-;;;;;
6699;1044;2.jpg;Saccade;9608,942971;249,6;-;42.6;2043.6;;35;;;
6700;1044;2.jpg;Saccade;2930,630371;232,8;-;14.3;1019.5;;35;;;
6701;1044;2.jpg;Saccade;27708,01163;240;-;14.9;1083.8;;35;;;
6702;1044;2.jpg;Saccade;9834,632004;226,4;-;17.7;1300.4;;35;;;
6703;1044;3.jpg;Saccade;9756,748112;248,8;-;32.6;1876.7;;35;;;
6704;1044;3.jpg;Saccade;7029,004422;250,4;-;20.7;1398.1;;35;;;
6705;1044;3.jpg;Saccade;10833,69265;226,4;-;17.7;1300.4;;35;;;
6706;1044;3.jpg;Saccade;10288,76492;229,6;-;15.1;1262.8;;35;;;
6707;1044;3.jpg;Saccade;9373,764145;223,2;-;12.2;973.2;;35;;;
6708;1044;3.jpg;Fissazione;12336,91699;291,2;-;-;-;;;;;
6709;1044;3.jpg;Fissazione;7000,468087;569,6;-;-;-;;;;;
6710;1044;3.jpg;Saccade;15833,21552;236,8;-;15.2;699.5;;35;;;
6711;1044;3.jpg;Saccade;14151,51638;232;-;1.3;85.3;;35;;;
6712;1044;3.jpg;Fissazione;22177,44689;340;-;-;-;;;;;
6713;1044;3.jpg;Saccade;6353,703343;224,8;-;10.3;1190.2;;35;;;
6714;1044;3.jpg;Saccade;20381,50314;228,8;-;21.8;2131.8;;35;;;
6715;1044;3.jpg;Saccade;8211,014259;232,8;-;1.1;79.5;;35;;;
6716;1044;3.jpg;Fissazione;24864,84946;328;-;-;-;;;;;
6717;1044;3.jpg;Saccade;8433,335955;259,2;-;23.8;956.2;;35;;;
6718;1044;3.jpg;Saccade;16199,93596;224;-;6.9;707.3;;35;;;
6719;1044;3.jpg;Saccade;5599,347639;224;-;11.0;710.5;;35;;;
6720;1044;3.jpg;Saccade;7445,525691;260,8;-;20.7;1330.6;;35;;;
6721;1044;3.jpg;Saccade;11881,46924;224;-;12.9;1275.2;;35;;;
6722;1044;3.jpg;Fissazione;12186,34401;343,2;-;-;-;;;;;
6723;1044;3.jpg;Saccade;3339,411523;229,6;-;9.5;631.0;;35;;;
6724;1044;3.jpg;Saccade;3847,814988;225,6;-;8.3;601.6;;35;;;
6725;1044;3.jpg;Saccade;17838,87015;251,2;-;4.5;153.7;;35;;;
6726;1044;3.jpg;Fissazione;1525,741772;415,2;-;-;-;;;;;
6727;1045;1.jpg;Saccade;18156,21508;228;-;7.5;664.5;;35;;;
6728;1045;1.jpg;Fissazione;20576,01999;340;-;-;-;;;;;
6729;1045;1.jpg;Saccade;21010,39478;228,8;-;21.8;2131.8;;35;;;
6730;1045;1.jpg;Saccade;24069,60521;223,2;-;21.2;1938.5;;35;;;
6731;1045;1.jpg;Saccade;9995,410451;232,8;-;1.1;79.5;;35;;;
6732;1045;1.jpg;Saccade;4676,612105;225,6;-;9.9;723.3;;35;;;
6733;1045;1.jpg;Saccade;8376,131749;242,4;-;18.1;1156.9;;35;;;
6734;1045;1.jpg;Saccade;8618,438318;229,6;-;12.2;951.2;;35;;;
6735;1045;1.jpg;Saccade;13279,73165;239,2;-;23.5;1731.4;;35;;;
6736;1045;1.jpg;Saccade;8673,102028;249,6;-;42.6;2043.6;;35;;;
6737;1045;1.jpg;Saccade;12977,49078;224;-;7.6;557.5;;35;;;
6738;1045;1.jpg;Saccade;3248,926845;263,2;-;23.3;1289.9;;35;;;
6739;1045;1.jpg;Saccade;1004,807941;244;-;6.0;368.7;;35;;;
6740;1045;1.jpg;Saccade;7378,289607;250,4;-;20.7;1398.1;;35;;;
6741;1045;1.jpg;Saccade;19238,60121;228,8;-;8.1;517.1;;35;;;
6742;1045;1.jpg;Saccade;17052,61519;236,8;-;15.2;699.5;;35;;;
6743;1045;1.jpg;Saccade;18845,42006;222,4;-;6.8;675.8;;35;;;
6744;1045;1.jpg;Saccade;19264,85717;244,8;-;33.3;1772.5;;35;;;
6745;1045;1.jpg;Saccade;3775,354149;227,2;-;7.1;650.4;;35;;;
6746;1045;1.jpg;Fissazione;28503,04858;1018,4;-;-;-;;;;;
6747;1045;1.jpg;Saccade;19585,08148;222,4;-;6.1;396.4;;35;;;
6748;1045;1.jpg;Saccade;10598,77471;224;-;3.7;346.5;;35;;;
6749;1045;1.jpg;Fissazione;10872,20647;263,2;-;-;-;;;;;
6750;1045;1.jpg;Saccade;20652,57118;225,6;-;20.4;2027.7;;35;;;
6751;1045;1.jpg;Saccade;446,9776892;224,8;-;14.7;1053.0;;35;;;
6752;1045;1.jpg;Saccade;9092,358533;232,8;-;9.9;587.8;;35;;;
6753;1045;1.jpg;Saccade;18880,15341;224;-;10.9;1075.9;;35;;;
6754;1045;1.jpg;Saccade;22478,1882;244;-;19.1;1329.9;;35;;;
6755;1045;1.jpg;Fissazione;12408,77836;366,4;-;-;-;;;;;
6756;1045;1.jpg;Saccade;10694,03535;239,2;-;23.4;1505.0;;35;;;
6757;1045;1.jpg;Fissazione;806,8762456;251,2;-;-;-;;;;;
6758;1045;1.jpg;Saccade;11038,22865;232,8;-;13.3;1072.5;;35;;;
6759;1045;2.jpg;Saccade;20719,54856;252,8;-;3.4;109.8;;35;;;
6760;1045;2.jpg;Saccade;6128,683778;228,8;-;15.6;1161.7;;35;;;
6761;1045;2.jpg;Saccade;13111,89128;259,2;-;22.9;1454.1;;35;;;
6762;1045;2.jpg;Saccade;32648,33557;228;-;11.6;884.4;;35;;;
6763;1045;2.jpg;Saccade;22662,98527;243,2;-;7.3;404.4;;35;;;
6764;1045;2.jpg;Saccade;2709,771838;232;-;10.6;1054.0;;35;;;
6765;1045;2.jpg;Saccade;2580,273381;222,4;-;9.3;777.1;;35;;;
6766;1045;2.jpg;Saccade;9939,958802;249,6;-;42.6;2043.6;;35;;;
6767;1045;2.jpg;Saccade;32542,17249;252;-;19.6;1348.3;;35;;;
6768;1045;2.jpg;Fissazione;844,4519991;251,2;-;-;-;;;;;
6769;1045;2.jpg;Saccade;16894,42986;228,8;-;8.1;517.1;;35;;;
6770;1045;2.jpg;Fissazione;5628,205141;263,2;-;-;-;;;;;
6771;1045;2.jpg;Saccade;1783,485702;239,2;-;7.9;536.1;;35;;;
6772;1045;2.jpg;Fissazione;1030,491388;321,6;-;-;-;;;;;
6773;1045;2.jpg;Saccade;9216,059997;236;-;20.9;1601.4;;35;;;
6774;1045;2.jpg;Saccade;11195,93709;226,4;-;17.7;1300.4;;35;;;
6775;1045;2.jpg;Saccade;5833,017184;222,4;-;6.6;569.1;;35;;;
6776;1045;2.jpg;Saccade;4783,66198;223,2;-;13.2;721.6;;35;;;
6777;1045;2.jpg;Saccade;8359,030694;242,4;-;18.1;1156.9;;35;;;
6778;1045;2.jpg;Fissazione;14050,69562;560,8;-;-;-;;;;;
6779;1045;2.jpg;Saccade;21585,5784;244;-;19.1;1329.9;;35;;;
6780;1045;2.jpg;Saccade;10440,029;232,8;-;16.6;1277.4;;35;;;
6781;1045;2.jpg;Saccade;8989,495811;223,2;-;12.2;973.2;;35;;;
6782;1045;2.jpg;Fissazione;27102,81946;409,6;-;-;-;;;;;
6783;1045;2.jpg;Saccade;3219,672061;263,2;-;23.3;1289.9;;35;;;
6784;1045;2.jpg;Saccade;7134,125558;232,8;-;1.1;79.5;;35;;;
6785;1045;2.jpg;Saccade;11167,0083;222,4;-;4.8;240.9;;35;;;
6786;1045;2.jpg;Saccade;8847,911899;224;-;3.7;346.5;;35;;;
6787;1045;2.jpg;Saccade;9920,189596;232,8;-;9.0;642.7;;35;;;
6788;1045;2.jpg;Fissazione;15314,61451;457,6;-;-;-;;;;;
6789;1045;2.jpg;Fissazione;19330,30061;494,4;-;-;-;;;;;
6790;1045;2.jpg;Saccade;8561,216154;232,8;-;21.7;1388.6;;35;;;
6791;1045;2.jpg;Saccade;10297,36504;232,8;-;13.3;1072.5;;35;;;
6792;1045;2.jpg;Saccade;14692,74892;232;-;1.3;85.3;;35;;;
6793;1045;2.jpg;Fissazione;14572,59643;366,4;-;-;-;;;;;
6794;1045;2.jpg;Saccade;10447,04778;229,6;-;15.1;1262.8;;35;;;
6795;1045;2.jpg;Saccade;6719,675748;230,4;-;26.5;1699.7;;35;;;
6796;1045;2.jpg;Fissazione;7312,078443;540;-;-;-;;;;;
6797;1045;2.jpg;Saccade;17583,65736;223,2;-;9.5;976.9;;35;;;
6798;1045;2.jpg;Saccade;2870,467483;229,6;-;9.5;631.0;;35;;;
6799;1045;2.jpg;Saccade;14368,18895;292;-;50.7;1483.9;;35;;;
6800;1045;2.jpg;Saccade;7289,750294;260,8;-;20.7;1330.6;;35;;;
6801;1045;2.jpg;Saccade;6689,773148;222,4;-;7.8;672.6;;35;;;
6802;1045;2.jpg;Saccade;9639,945536;275,2;-;70.9;2061.7;;35;;;
6803;1045;2.jpg;Fissazione;25805,68798;328;-;-;-;;;;;
6804;1045;3.jpg;Saccade;1175,827475;254,4;-;16.9;1056.0;;35;;;
6805;1045;3.jpg;Fissazione;23625,06715;328;-;-;-;;;;;
6806;1045;3.jpg;Saccade;5744,342998;224;-;11.0;710.5;;35;;;
6807;1045;3.jpg;Saccade;16934,07193;222,4;-;7.7;692.6;;35;;;
6808;1045;3.jpg;Saccade;7497,87771;258,4;-;20.8;1006.5;;35;;;
6809;1045;3.jpg;Saccade;8859,79695;232,8;-;16.6;1277.4;;35;;;
6810;1045;3.jpg;Saccade;38132,30041;251,2;-;5.2;293.5;;35;;;
6811;1045;3.jpg;Saccade;8271,213029;232,8;-;21.7;1388.6;;35;;;
6812;1045;3.jpg;Saccade;1751,512997;249,6;-;5.3;207.5;;35;;;
6813;1045;3.jpg;Saccade;7269,211856;267,2;-;17.3;833.4;;35;;;
6814;1045;3.jpg;Saccade;13370,30998;235,2;-;15.5;935.0;;35;;;
6815;1045;3.jpg;Saccade;11030,51067;226,4;-;10.3;914.0;;35;;;
6816;1045;3.jpg;Fissazione;1509,485052;415,2;-;-;-;;;;;
6817;1045;3.jpg;Saccade;988,5940543;224;-;6.9;732.0;;35;;;
6818;1045;3.jpg;Saccade;13514,2578;239,2;-;23.5;1731.4;;35;;;
6819;1045;3.jpg;Saccade;22980,50831;223,2;-;21.2;1938.5;;35;;;
6820;1045;3.jpg;Saccade;6026,39979;225,6;-;9.4;575.7;;35;;;
6821;1045;3.jpg;Fissazione;1740,697236;660,8;-;-;-;;;;;
6822;1045;3.jpg;Saccade;19080,13491;228,8;-;8.1;517.1;;35;;;
6823;1046;1.jpg;Saccade;504,8274816;224,8;-;14.7;1053.0;;35;;;
6824;1046;1.jpg;Saccade;3304,917265;227,2;-;7.1;650.4;;35;;;
6825;1046;1.jpg;Saccade;16556,42644;251,2;-;4.5;153.7;;35;;;
6826;1046;1.jpg;Saccade;2362,320038;251,2;-;1.4;40.7;;35;;;
6827;1046;1.jpg;Saccade;14349,75929;239,2;-;23.5;1731.4;;35;;;
6828;1046;1.jpg;Saccade;9389,464902;253,6;-;24.1;1367.1;;35;;;
6829;1046;1.jpg;Saccade;8327,044892;275,2;-;70.9;2061.7;;35;;;
6830;1046;1.jpg;Saccade;8653,927723;249,6;-;42.6;2043.6;;35;;;
6831;1046;1.jpg;Fissazione;34394,62698;409,6;-;-;-;;;;;
6832;1046;1.jpg;Saccade;9546,224517;232,8;-;21.7;1388.6;;35;;;
6833;1046;2.jpg;Saccade;9316,881944;232,8;-;9.9;587.8;;35;;;
6834;1046;2.jpg;Saccade;7461,24511;228,8;-;15.6;1161.7;;35;;;
6835;1046;2.jpg;Fissazione;6708,429328;354,4;-;-;-;;;;;
6836;1046;2.jpg;Saccade;10029,5183;259,2;-;23.8;956.2;;35;;;
6837;1046;2.jpg;Saccade;6397,706496;228;-;9.0;675.6;;35;;;
6838;1046;2.jpg;Saccade;18410,22785;228,8;-;8.1;517.1;;35;;;
6839;1046;2.jpg;Saccade;26347,73421;232;-;3.3;108.3;;35;;;
6840;1046;2.jpg;Saccade;3720,267697;225,6;-;8.3;601.6;;35;;;
6841;1046;2.jpg;Saccade;26750,77821;223,2;-;21.2;1938.5;;35;;;
6842;1046;2.jpg;Saccade;6387,330417;241,6;-;15.7;878.6;;35;;;
6843;1046;2.jpg;Saccade;12741,15182;222,4;-;4.8;240.9;;35;;;
6844;1046;2.jpg;Saccade;10073,19185;224;-;3.7;346.5;;35;;;
6845;1046;2.jpg;Saccade;3047,540481;232;-;10.6;1054.0;;35;;;
6846;1046;2.jpg;Saccade;3136,75454;227,2;-;7.1;650.4;;35;;;
6847;1046;2.jpg;Saccade;18780,98852;224;-;10.9;1075.9;;35;;;
6848;1046;2.jpg;Saccade;11821,3168;232,8;-;16.6;1277.4;;35;;;
6849;1046;2.jpg;Saccade;10150,29164;229,6;-;15.1;1262.8;;35;;;
6850;1046;2.jpg;Fissazione;6889,793302;858,4;-;-;-;;;;;
6851;1046;2.jpg;Saccade;23832,28725;238,4;-;22.4;1287.3;;35;;;
6852;1046;2.jpg;Saccade;16851,5522;222,4;-;6.1;396.4;;35;;;
6853;1046;2.jpg;Saccade;18822,12403;252,8;-;3.4;109.8;;35;;;
6854;1046;2.jpg;Fissazione;13401,38316;560,8;-;-;-;;;;;
6855;1046;2.jpg;Saccade;7475,944012;230,4;-;26.5;1699.7;;35;;;
6856;1046;2.jpg;Saccade;21730,83242;243,2;-;7.3;404.4;;35;;;
6857;1046;2.jpg;Saccade;3124,135912;263,2;-;23.3;1289.9;;35;;;
6858;1046;2.jpg;Fissazione;6896,061825;569,6;-;-;-;;;;;
6859;1046;2.jpg;Fissazione;38741,3522;409,6;-;-;-;;;;;
6860;1046;2.jpg;Saccade;30489,09489;240;-;14.9;1083.8;;35;;;
6861;1046;3.jpg;Fissazione;12332,54806;343,2;-;-;-;;;;;
6862;1046;3.jpg;Fissazione;854,7519423;251,2;-;-;-;;;;;
6863;1046;3.jpg;Fissazione;9243,651833;403,2;-;-;-;;;;;
6864;1046;3.jpg;Saccade;3231,682367;229,6;-;9.5;631.0;;35;;;
6865;1046;3.jpg;Fissazione;2718,620085;281,6;-;-;-;;;;;
6866;1046;3.jpg;Saccade;1017,523135;244;-;6.0;368.7;;35;;;
6867;1046;3.jpg;Saccade;9484,146819;275,2;-;70.9;2061.7;;35;;;
6868;1046;3.jpg;Saccade;12390,79604;239,2;-;23.5;1731.4;;35;;;
6869;1046;3.jpg;Saccade;1811,711395;249,6;-;5.3;207.5;;35;;;
6870;1046;3.jpg;Saccade;7977,147566;224;-;3.7;346.5;;35;;;
6871;1046;3.jpg;Saccade;9674,839379;242,4;-;18.1;1156.9;;35;;;
6872;1046;3.jpg;Saccade;10784,41061;226,4;-;17.7;1300.4;;35;;;
6873;1046;3.jpg;Saccade;17837,91217;224;-;10.9;1075.9;;35;;;
6874;1046;3.jpg;Fissazione;1725,363382;317,6;-;-;-;;;;;
6875;1046;3.jpg;Saccade;13124,99107;235,2;-;15.5;935.0;;35;;;
6876;1046;3.jpg;Fissazione;12930,41307;291,2;-;-;-;;;;;
6877;1046;3.jpg;Saccade;12937,79453;223,2;-;7.2;613.7;;35;;;
6878;1046;3.jpg;Fissazione;7196,022108;569,6;-;-;-;;;;;
6879;1046;3.jpg;Saccade;12719,2921;244;-;1.4;68.0;;35;;;
6880;1046;3.jpg;Saccade;2931,50862;232,8;-;14.3;1019.5;;35;;;
6881;1046;3.jpg;Saccade;2397,863112;251,2;-;1.4;40.7;;35;;;
6882;1046;3.jpg;Saccade;10169,59804;229,6;-;12.2;951.2;;35;;;
6883;1046;3.jpg;Fissazione;892,2056023;321,6;-;-;-;;;;;
6884;1046;3.jpg;Saccade;8897,785755;249,6;-;42.6;2043.6;;35;;;
6885;1046;3.jpg;Saccade;7296,269172;258,4;-;26.1;1165.6;;35;;;
6886;1046;3.jpg;Saccade;20187,33832;252,8;-;3.4;109.8;;35;;;
6887;1047;1.jpg;Saccade;15049,67042;224,8;-;16.3;1662.5;;35;;;
6888;1047;1.jpg;Saccade;2836,704955;236;-;32.4;2009.2;;35;;;
6889;1047;1.jpg;Saccade;9217,577343;249,6;-;42.6;2043.6;;35;;;
6890;1047;1.jpg;Saccade;11474,10125;235,2;-;15.5;935.0;;35;;;
6891;1047;1.jpg;Saccade;12102,06624;258,4;-;8.2;378.7;;35;;;
6892;1047;1.jpg;Saccade;23446,03567;224;-;0.9;73.8;;35;;;
6893;1047;1.jpg;Saccade;13845,35904;239,2;-;23.5;1731.4;;35;;;
6894;1047;1.jpg;Fissazione;1882,003417;317,6;-;-;-;;;;;
6895;1047;1.jpg;Saccade;14903,60827;232;-;1.3;85.3;;35;;;
6896;1047;1.jpg;Fissazione;28481,18356;375,2;-;-;-;;;;;
6897;1047;1.jpg;Saccade;7152,114827;267,2;-;17.3;833.4;;35;;;
6898;1047;1.jpg;Saccade;18954,03085;222,4;-;7.7;692.6;;35;;;
6899;1047;1.jpg;Saccade;1257,400089;254,4;-;16.9;1056.0;;35;;;
6900;1047;1.jpg;Saccade;22102,884;244;-;19.1;1329.9;;35;;;
6901;1047;1.jpg;Saccade;13930,38598;224;-;7.6;557.5;;35;;;
6902;1047;1.jpg;Saccade;23194,75325;245,6;-;11.7;623.4;;35;;;
6903;1047;1.jpg;Saccade;7834,967724;262,4;-;19.5;1628.1;;35;;;
6904;1047;1.jpg;Fissazione;7263,78737;569,6;-;-;-;;;;;
6905;1047;1.jpg;Fissazione;32471,47217;1018,4;-;-;-;;;;;
6906;1047;1.jpg;Saccade;8594,147689;232,8;-;1.1;79.5;;35;;;
6907;1047;1.jpg;Fissazione;1897,489195;660,8;-;-;-;;;;;
6908;1047;1.jpg;Saccade;11579,51673;228;-;6.9;637.2;;35;;;
6909;1047;1.jpg;Saccade;2203,866966;251,2;-;1.4;40.7;;35;;;
6910;1047;1.jpg;Saccade;7727,905342;222,4;-;7.8;672.6;;35;;;
6911;1047;1.jpg;Saccade;29926,16936;231,2;-;11.8;1263.2;;35;;;
6912;1047;1.jpg;Saccade;6024,724107;241,6;-;15.7;878.6;;35;;;
6913;1047;1.jpg;Saccade;21437,22662;243,2;-;7.3;404.4;;35;;;
6914;1047;1.jpg;Saccade;13159,99325;224;-;12.9;1275.2;;35;;;
6915;1047;1.jpg;Saccade;18009,89867;224;-;10.9;1075.9;;35;;;
6916;1047;1.jpg;Fissazione;19512,51184;312;-;-;-;;;;;
6917;1047;1.jpg;Saccade;29891,92678;251,2;-;5.2;293.5;;35;;;
6918;1047;1.jpg;Saccade;929,6472205;244;-;6.0;368.7;;35;;;
6919;1047;1.jpg;Saccade;18374,11623;228,8;-;21.8;2131.8;;35;;;
6920;1047;1.jpg;Fissazione;12739,57265;301,6;-;-;-;;;;;
6921;1047;1.jpg;Saccade;10520,18048;226,4;-;17.7;1300.4;;35;;;
6922;1047;1.jpg;Saccade;22722,72705;244,8;-;33.3;1772.5;;35;;;
6923;1047;1.jpg;Saccade;10754,1523;232,8;-;9.0;642.7;;35;;;
6924;1047;1.jpg;Saccade;1907,855115;249,6;-;5.3;207.5;;35;;;
6925;1047;1.jpg;Saccade;7478,679569;222,4;-;3.9;267.1;;35;;;
6926;1047;1.jpg;Saccade;7896,085583;258,4;-;26.1;1165.6;;35;;;
6927;1047;1.jpg;Fissazione;5825,917687;263,2;-;-;-;;;;;
6928;1047;1.jpg;Saccade;17299,98512;228;-;7.5;664.5;;35;;;
6929;1047;1.jpg;Saccade;5157,350586;225,6;-;9.9;723.3;;35;;;
6930;1047;1.jpg;Saccade;12141,75228;259,2;-;22.9;1454.1;;35;;;
6931;1047;1.jpg;Fissazione;739,3155134;251,2;-;-;-;;;;;
6932;1047;1.jpg;Saccade;9069,357288;239,2;-;23.0;1652.6;;35;;;
6933;1047;1.jpg;Fissazione;12363,49835;366,4;-;-;-;;;;;
6934;1047;1.jpg;Fissazione;11972,66862;263,2;-;-;-;;;;;
6935;1047;1.jpg;Saccade;2885,489754;225,6;-;6.8;495.1;;35;;;
6936;1047;1.jpg;Saccade;2257,437503;222,4;-;9.3;777.1;;35;;;
6937;1047;1.jpg;Saccade;34472,74891;240;-;14.9;1083.8;;35;;;
6938;1047;1.jpg;Saccade;33403,15549;228;-;11.6;884.4;;35;;;
6939;1047;1.jpg;Saccade;6075,099603;225,6;-;12.4;705.1;;35;;;
6940;1047;1.jpg;Saccade;5349,901873;224;-;11.0;710.5;;35;;;
6941;1047;1.jpg;Saccade;19247,77499;228,8;-;8.1;517.1;;35;;;
6942;1047;1.jpg;Saccade;11441,54649;239,2;-;23.4;1505.0;;35;;;
6943;1047;1.jpg;Saccade;14195,54847;225,6;-;6.3;627.6;;35;;;
6944;1047;1.jpg;Saccade;10383,20087;248,8;-;32.6;1876.7;;35;;;
6945;1047;1.jpg;Fissazione;2850,369462;281,6;-;-;-;;;;;
6946;1047;1.jpg;Saccade;7320,929297;228,8;-;15.6;1161.7;;35;;;
6947;1047;1.jpg;Saccade;5972,09273;270,4;-;25.2;977.4;;35;;;
6948;1047;1.jpg;Saccade;26337,3461;238,4;-;22.4;1287.3;;35;;;
6949;1047;1.jpg;Saccade;18483,52267;244,8;-;2.4;129.0;;35;;;
6950;1047;1.jpg;Fissazione;22814,59968;494,4;-;-;-;;;;;
6951;1047;1.jpg;Saccade;6208,208297;250,4;-;20.7;1398.1;;35;;;
6952;1047;1.jpg;Saccade;8537,001597;245,6;-;17.4;954.0;;35;;;
6953;1047;1.jpg;Saccade;644,4869353;234,4;-;14.4;1205.6;;35;;;
6954;1047;1.jpg;Fissazione;13887,67494;348,8;-;-;-;;;;;
6955;1047;1.jpg;Saccade;8826,298192;236;-;20.9;1601.4;;35;;;
6956;1047;1.jpg;Saccade;3290,622299;229,6;-;9.5;631.0;;35;;;
6957;1047;1.jpg;Fissazione;12197,85454;560,8;-;-;-;;;;;
6958;1047;1.jpg;Saccade;1762,012928;242,4;-;1.5;65.7;;35;;;
6959;1047;1.jpg;Saccade;4335,791247;223,2;-;13.2;721.6;;35;;;
6960;1047;1.jpg;Saccade;19960,03942;222,4;-;6.1;396.4;;35;;;
6961;1047;1.jpg;Saccade;7836,591369;232,8;-;21.7;1388.6;;35;;;
6962;1047;1.jpg;Saccade;9379,647575;275,2;-;70.9;2061.7;;35;;;
6963;1047;1.jpg;Saccade;21069,159;252,8;-;3.4;109.8;;35;;;
6964;1047;1.jpg;Fissazione;21095,49081;328;-;-;-;;;;;
6965;1047;1.jpg;Fissazione;13171,21425;457,6;-;-;-;;;;;
6966;1047;1.jpg;Fissazione;1451,329987;415,2;-;-;-;;;;;
6967;1047;1.jpg;Saccade;8369,987859;224;-;3.7;346.5;;35;;;
6968;1047;1.jpg;Saccade;29014,47373;226,4;-;11.5;1098.9;;35;;;
6969;1047;1.jpg;Saccade;27249,38969;232;-;3.3;108.3;;35;;;
6970;1047;1.jpg;Saccade;7137,219168;223,2;-;12.2;973.2;;35;;;
6971;1047;1.jpg;Fissazione;14087,35959;343,2;-;-;-;;;;;
6972;1047;1.jpg;Saccade;5303,657367;228;-;9.9;806.9;;35;;;
6973;1047;1.jpg;Fissazione;32262,88381;409,6;-;-;-;;;;;
6974;1047;1.jpg;Saccade;3669,143455;227,2;-;7.1;650.4;;35;;;
6975;1047;1.jpg;Saccade;2840,783737;263,2;-;23.3;1289.9;;35;;;
6976;1047;1.jpg;Saccade;28493,0833;229,6;-;6.8;506.7;;35;;;
6977;1047;1.jpg;Saccade;31865,30978;290,4;-;4.4;148.5;;35;;;
6978;1047;1.jpg;Saccade;811,190807;245,6;-;14.9;887.0;;35;;;
6979;1047;1.jpg;Saccade;12928,66775;223,2;-;7.2;613.7;;35;;;
6980;1047;1.jpg;Fissazione;12740,71971;320,8;-;-;-;;;;;
6981;1047;1.jpg;Saccade;497,9434714;224,8;-;14.7;1053.0;;35;;;
6982;1047;1.jpg;Fissazione;848,965736;321,6;-;-;-;;;;;
6983;1047;1.jpg;Fissazione;25527,74915;328;-;-;-;;;;;
6984;1047;1.jpg;Saccade;12123,98366;222,4;-;10.2;968.7;;35;;;
6985;1047;1.jpg;Saccade;24822,24408;232;-;1.5;89.0;;35;;;
6986;1047;1.jpg;Saccade;9219,015978;227,2;-;10.6;755.5;;35;;;
6987;1047;1.jpg;Saccade;3975,986501;225,6;-;8.3;601.6;;35;;;
6988;1047;1.jpg;Saccade;11938,78802;232,8;-;16.6;1277.4;;35;;;
6989;1047;1.jpg;Saccade;9521,053655;259,2;-;23.8;956.2;;35;;;
6990;1047;1.jpg;Saccade;19420,71817;222,4;-;4.0;197.1;;35;;;
6991;1047;1.jpg;Saccade;19140,5655;236,8;-;15.2;699.5;;35;;;
6992;1047;1.jpg;Saccade;5788,497519;222,4;-;6.6;569.1;;35;;;
6993;1047;1.jpg;Saccade;17604,05674;225,6;-;20.4;2027.7;;35;;;
6994;1047;1.jpg;Saccade;2991,00187;232,8;-;14.3;1019.5;;35;;;
6995;1047;1.jpg;Fissazione;12223,48544;291,2;-;-;-;;;;;
6996;1047;2.jpg;Saccade;9836,153289;236;-;20.9;1601.4;;35;;;
6997;1047;2.jpg;Saccade;8311,17016;260,8;-;20.7;1330.6;;35;;;
6998;1047;2.jpg;Saccade;11553,50949;222,4;-;10.2;968.7;;35;;;
6999;1047;2.jpg;Fissazione;12805,50311;560,8;-;-;-;;;;;
7000;1047;2.jpg;Saccade;3495,134548;227,2;-;7.1;650.4;;35;;;
7001;1047;2.jpg;Saccade;7429,922765;258,4;-;26.1;1165.6;;35;;;
7002;1047;2.jpg;Saccade;5524,126737;224;-;11.0;710.5;;35;;;
7003;1047;2.jpg;Saccade;8952,171348;230,4;-;14.6;1012.8;;35;;;
7004;1047;2.jpg;Fissazione;12823,70338;366,4;-;-;-;;;;;
7005;1047;2.jpg;Saccade;11796,25256;224;-;12.9;1275.2;;35;;;
7006;1047;2.jpg;Saccade;27778,46053;227,2;-;12.9;1033.0;;35;;;
7007;1047;2.jpg;Saccade;10444,7787;222,4;-;4.8;240.9;;35;;;
7008;1047;2.jpg;Saccade;6215,36122;267,2;-;17.3;833.4;;35;;;
7009;1047;2.jpg;Fissazione;1731,208684;317,6;-;-;-;;;;;
7010;1047;2.jpg;Fissazione;8525,415437;403,2;-;-;-;;;;;
7011;1047;2.jpg;Saccade;12538,80918;232,8;-;13.3;1072.5;;35;;;
7012;1047;2.jpg;Saccade;12868,48109;226,4;-;10.3;914.0;;35;;;
7013;1047;2.jpg;Saccade;7613,296767;250,4;-;20.7;1398.1;;35;;;
7014;1047;2.jpg;Saccade;10574,12421;239,2;-;23.4;1505.0;;35;;;
7015;1047;2.jpg;Saccade;2988,657497;263,2;-;23.3;1289.9;;35;;;
7016;1047;2.jpg;Saccade;488,8670337;224,8;-;14.7;1053.0;;35;;;
7017;1047;2.jpg;Saccade;28881,4264;290,4;-;4.4;148.5;;35;;;
7018;1047;2.jpg;Fissazione;25335,05079;302,4;-;-;-;;;;;
7019;1047;2.jpg;Saccade;3272,054518;229,6;-;9.5;631.0;;35;;;
7020;1047;2.jpg;Saccade;20673,37103;244;-;19.1;1329.9;;35;;;
7021;1047;2.jpg;Saccade;3250,09275;232;-;10.6;1054.0;;35;;;
7022;1047;2.jpg;Saccade;16007,78159;228;-;7.5;664.5;;35;;;
7023;1047;2.jpg;Saccade;24792,01811;224;-;8.4;573.9;;35;;;
7024;1047;2.jpg;Fissazione;2653,354622;281,6;-;-;-;;;;;
7025;1047;2.jpg;Saccade;13289,06051;223,2;-;7.2;613.7;;35;;;
7026;1047;2.jpg;Fissazione;33091,40923;1018,4;-;-;-;;;;;
7027;1047;2.jpg;Saccade;1807,263256;242,4;-;1.5;65.7;;35;;;
7028;1047;2.jpg;Saccade;4788,634562;223,2;-;13.2;721.6;;35;;;
7029;1047;2.jpg;Fissazione;3999,563858;1236;-;-;-;;;;;
7030;1047;2.jpg;Saccade;27139,44384;229,6;-;6.8;506.7;;35;;;
7031;1047;2.jpg;Saccade;8443,99627;232,8;-;21.7;1388.6;;35;;;
7032;1047;2.jpg;Saccade;13594,06884;292;-;50.7;1483.9;;35;;;
7033;1047;2.jpg;Saccade;1772,367259;239,2;-;7.9;536.1;;35;;;
7034;1047;2.jpg;Saccade;17863,8604;222,4;-;7.7;692.6;;35;;;
7035;1047;2.jpg;Saccade;5271,114137;228;-;9.9;806.9;;35;;;
7036;1047;3.jpg;Saccade;9738,772788;232,8;-;9.9;587.8;;35;;;
7037;1047;3.jpg;Saccade;813,5736291;244;-;6.0;368.7;;35;;;
7038;1047;3.jpg;Saccade;13921,3515;292;-;50.7;1483.9;;35;;;
7039;1047;3.jpg;Fissazione;30019,86088;409,6;-;-;-;;;;;
7040;1047;3.jpg;Fissazione;7960,773775;552;-;-;-;;;;;
7041;1047;3.jpg;Fissazione;8634,842197;540;-;-;-;;;;;
7042;1047;3.jpg;Saccade;648,5061309;234,4;-;14.4;1205.6;;35;;;
7043;1047;3.jpg;Saccade;2925,180544;225,6;-;6.8;495.1;;35;;;
7044;1047;3.jpg;Saccade;24922,89151;227,2;-;20.0;1688.6;;35;;;
7045;1047;3.jpg;Saccade;10333,93888;222,4;-;10.2;968.7;;35;;;
7046;1047;3.jpg;Saccade;11173,07199;229,6;-;15.1;1262.8;;35;;;
7047;1047;3.jpg;Saccade;25542,78642;229,6;-;6.8;506.7;;35;;;
7048;1047;3.jpg;Fissazione;24153,68435;302,4;-;-;-;;;;;
7049;1047;3.jpg;Fissazione;13480,59379;560,8;-;-;-;;;;;
7050;1047;3.jpg;Saccade;17942,1617;251,2;-;4.5;153.7;;35;;;
7051;1047;3.jpg;Saccade;3197,477368;263,2;-;23.3;1289.9;;35;;;
7052;1047;3.jpg;Saccade;30701,33369;240;-;14.9;1083.8;;35;;;
7053;1047;3.jpg;Fissazione;13605,31843;366,4;-;-;-;;;;;
7054;1047;3.jpg;Saccade;9792,802307;223,2;-;12.2;973.2;;35;;;
7055;1047;3.jpg;Saccade;11869,60611;222,4;-;4.8;240.9;;35;;;
7056;1047;3.jpg;Saccade;13556,84953;232;-;1.3;85.3;;35;;;
7057;1047;3.jpg;Saccade;17654,76453;224;-;0.9;73.8;;35;;;
7058;1047;3.jpg;Fissazione;12267,07835;343,2;-;-;-;;;;;
7059;1047;3.jpg;Saccade;18518,1689;222,4;-;7.7;692.6;;35;;;
7060;1047;3.jpg;Fissazione;5860,440725;263,2;-;-;-;;;;;
7061;1048;1.jpg;Saccade;9698,701613;236;-;20.9;1601.4;;35;;;
7062;1048;1.jpg;Saccade;9148,745783;275,2;-;70.9;2061.7;;35;;;
7063;1048;1.jpg;Saccade;10060,5259;227,2;-;10.6;755.5;;35;;;
7064;1048;1.jpg;Saccade;6368,46579;267,2;-;17.3;833.4;;35;;;
7065;1048;1.jpg;Fissazione;1620,425549;317,6;-;-;-;;;;;
7066;1048;1.jpg;Saccade;4937,113769;223,2;-;13.2;721.6;;35;;;
7067;1048;1.jpg;Saccade;1850,450001;239,2;-;7.9;536.1;;35;;;
7068;1048;1.jpg;Fissazione;4502,571035;1236;-;-;-;;;;;
7069;1048;1.jpg;Saccade;7270,764467;230,4;-;14.6;1012.8;;35;;;
7070;1048;1.jpg;Saccade;5491,523224;225,6;-;12.4;705.1;;35;;;
7071;1048;1.jpg;Saccade;31500,08884;252;-;19.6;1348.3;;35;;;
7072;1048;1.jpg;Fissazione;16463,44099;320,8;-;-;-;;;;;
7073;1048;1.jpg;Saccade;7630,68606;260,8;-;20.7;1330.6;;35;;;
7074;1048;1.jpg;Saccade;29867,79656;227,2;-;12.9;1033.0;;35;;;
7075;1048;1.jpg;Saccade;5556,567633;228;-;9.9;806.9;;35;;;
7076;1048;1.jpg;Saccade;18917,95742;244,8;-;2.4;129.0;;35;;;
7077;1048;1.jpg;Saccade;5694,786818;224;-;11.0;710.5;;35;;;
7078;1048;1.jpg;Fissazione;20635,7961;312;-;-;-;;;;;
7079;1048;1.jpg;Saccade;27994,82595;232;-;3.3;108.3;;35;;;
7080;1048;1.jpg;Saccade;22964,96978;243,2;-;7.3;404.4;;35;;;
7081;1048;1.jpg;Saccade;2462,827882;222,4;-;9.3;777.1;;35;;;
7082;1048;1.jpg;Saccade;15378,46554;292;-;50.7;1483.9;;35;;;
7083;1048;1.jpg;Saccade;27041,55586;228;-;11.6;884.4;;35;;;
7084;1048;1.jpg;Saccade;19415,5044;228;-;7.5;664.5;;35;;;
7085;1048;1.jpg;Saccade;6160,82176;241,6;-;15.7;878.6;;35;;;
7086;1048;1.jpg;Saccade;5813,180069;224,8;-;10.3;1190.2;;35;;;
7087;1048;1.jpg;Saccade;28564,63994;226,4;-;11.5;1098.9;;35;;;
7088;1048;1.jpg;Saccade;13047,33217;224;-;7.6;557.5;;35;;;
7089;1048;1.jpg;Saccade;6280,949783;262,4;-;19.5;1628.1;;35;;;
7090;1048;1.jpg;Saccade;28181,62773;240;-;14.9;1083.8;;35;;;
7091;1048;1.jpg;Saccade;2380,90476;251,2;-;1.4;40.7;;35;;;
7092;1048;1.jpg;Saccade;11306,96958;248,8;-;32.6;1876.7;;35;;;
7093;1048;1.jpg;Fissazione;11589,94167;464,8;-;-;-;;;;;
7094;1048;1.jpg;Saccade;9207,438627;249,6;-;42.6;2043.6;;35;;;
7095;1048;1.jpg;Saccade;12186,06074;244;-;1.4;68.0;;35;;;
7096;1048;1.jpg;Saccade;963,0754402;224;-;6.9;732.0;;35;;;
7097;1048;1.jpg;Saccade;1677,098255;242,4;-;1.5;65.7;;35;;;
7098;1048;1.jpg;Fissazione;11365,67802;457,6;-;-;-;;;;;
7099;1048;1.jpg;Saccade;16959,45696;236,8;-;15.2;699.5;;35;;;
7100;1048;1.jpg;Saccade;12634,96943;223,2;-;7.2;613.7;;35;;;
7101;1048;1.jpg;Saccade;11229,48198;222,4;-;4.8;240.9;;35;;;
7102;1048;1.jpg;Fissazione;739,4426945;251,2;-;-;-;;;;;
7103;1048;1.jpg;Saccade;2732,797308;232,8;-;14.3;1019.5;;35;;;
7104;1048;1.jpg;Fissazione;6700,309502;569,6;-;-;-;;;;;
7105;1048;1.jpg;Saccade;22487,94349;227,2;-;20.0;1688.6;;35;;;
7106;1048;1.jpg;Saccade;34505,42928;290,4;-;4.4;148.5;;35;;;
7107;1048;1.jpg;Saccade;6117,603262;222,4;-;6.6;569.1;;35;;;
7108;1048;1.jpg;Saccade;11090,78142;232,8;-;9.0;642.7;;35;;;
7109;1048;1.jpg;Saccade;3164,692355;227,2;-;7.1;650.4;;35;;;
7110;1048;1.jpg;Fissazione;18718,18252;328;-;-;-;;;;;
7111;1048;1.jpg;Fissazione;1966,653626;660,8;-;-;-;;;;;
7112;1048;1.jpg;Saccade;8000,182719;232,8;-;21.7;1388.6;;35;;;
7113;1048;1.jpg;Saccade;16432,43551;222,4;-;7.7;692.6;;35;;;
7114;1048;1.jpg;Saccade;9999,285198;224;-;3.7;346.5;;35;;;
7115;1048;1.jpg;Saccade;12729,39738;259,2;-;22.9;1454.1;;35;;;
7116;1048;1.jpg;Fissazione;23515,92484;302,4;-;-;-;;;;;
7117;1048;1.jpg;Saccade;21354,72132;222,4;-;6.8;675.8;;35;;;
7118;1048;1.jpg;Saccade;15074,22122;224,8;-;16.3;1662.5;;35;;;
7119;1048;1.jpg;Saccade;10031,66515;239,2;-;23.4;1505.0;;35;;;
7120;1048;1.jpg;Fissazione;7551,437527;858,4;-;-;-;;;;;
7121;1048;1.jpg;Saccade;7718,975019;232,8;-;1.1;79.5;;35;;;
7122;1048;1.jpg;Saccade;1545,676427;249,6;-;5.3;207.5;;35;;;
7123;1048;1.jpg;Saccade;3747,840764;225,6;-;8.3;601.6;;35;;;
7124;1048;1.jpg;Saccade;16743,35898;225,6;-;20.4;2027.7;;35;;;
7125;1048;1.jpg;Saccade;14950,19852;232;-;1.3;85.3;;35;;;
7126;1048;1.jpg;Saccade;3051,295924;263,2;-;23.3;1289.9;;35;;;
7127;1048;1.jpg;Fissazione;14488,56335;348,8;-;-;-;;;;;
7128;1048;1.jpg;Fissazione;3223,164738;281,6;-;-;-;;;;;
7129;1048;1.jpg;Saccade;7124,158366;258,4;-;26.1;1165.6;;35;;;
7130;1048;1.jpg;Saccade;11518,52059;224;-;12.9;1275.2;;35;;;
7131;1048;1.jpg;Saccade;10336,45835;226,4;-;17.7;1300.4;;35;;;
7132;1048;1.jpg;Saccade;22598,4923;223,2;-;9.5;976.9;;35;;;
7133;1048;1.jpg;Fissazione;6570,898144;354,4;-;-;-;;;;;
7134;1048;1.jpg;Saccade;1450,332226;229,6;-;1.6;91.3;;35;;;
7135;1048;1.jpg;Saccade;26672,11682;231,2;-;11.8;1263.2;;35;;;
7136;1048;1.jpg;Saccade;13978,39629;287,2;-;55.5;1952.3;;35;;;
7137;1048;1.jpg;Saccade;23399,04626;244;-;19.1;1329.9;;35;;;
7138;1048;1.jpg;Fissazione;18936,22496;494,4;-;-;-;;;;;
7139;1048;1.jpg;Fissazione;7636,240161;540;-;-;-;;;;;
7140;1048;1.jpg;Saccade;493,2366223;224,8;-;14.7;1053.0;;35;;;
7141;1048;1.jpg;Saccade;20057,92535;224;-;0.9;73.8;;35;;;
7142;1048;1.jpg;Saccade;26445,23497;232;-;1.5;89.0;;35;;;
7143;1048;1.jpg;Saccade;13644,93393;239,2;-;23.5;1731.4;;35;;;
7144;1048;2.jpg;Saccade;17536,14899;222,4;-;6.8;675.8;;35;;;
7145;1048;2.jpg;Saccade;31419,24142;228;-;11.6;884.4;;35;;;
7146;1048;2.jpg;Saccade;25065,25104;238,4;-;22.4;1287.3;;35;;;
7147;1048;2.jpg;Fissazione;9636,313008;464,8;-;-;-;;;;;
7148;1048;2.jpg;Saccade;20529,04303;232;-;3.3;108.3;;35;;;
7149;1048;2.jpg;Saccade;728,6642387;245,6;-;14.9;887.0;;35;;;
7150;1048;2.jpg;Saccade;8366,6469;258,4;-;20.8;1006.5;;35;;;
7151;1048;2.jpg;Saccade;23491,07569;227,2;-;20.0;1688.6;;35;;;
7152;1048;2.jpg;Saccade;6424,238486;267,2;-;17.3;833.4;;35;;;
7153;1048;2.jpg;Saccade;30952,79872;251,2;-;5.2;293.5;;35;;;
7154;1048;2.jpg;Saccade;1831,1732;242,4;-;1.5;65.7;;35;;;
7155;1048;2.jpg;Saccade;7694,858666;260,8;-;20.7;1330.6;;35;;;
7156;1048;2.jpg;Saccade;1780,950105;239,2;-;7.9;536.1;;35;;;
7157;1048;2.jpg;Saccade;7695,129324;232,8;-;21.7;1388.6;;35;;;
7158;1048;2.jpg;Fissazione;25767,99395;302,4;-;-;-;;;;;
7159;1048;2.jpg;Fissazione;6460,917422;569,6;-;-;-;;;;;
7160;1048;2.jpg;Saccade;9973,43746;275,2;-;70.9;2061.7;;35;;;
7161;1048;2.jpg;Fissazione;17549,25427;328;-;-;-;;;;;
7162;1048;2.jpg;Saccade;5760,465895;228;-;9.0;675.6;;35;;;
7163;1048;2.jpg;Fissazione;7151,594179;354,4;-;-;-;;;;;
7164;1048;2.jpg;Saccade;17085,28443;239,2;-;23.5;1731.4;;35;;;
7165;1048;2.jpg;Fissazione;21191,9237;312;-;-;-;;;;;
7166;1048;2.jpg;Saccade;6156,020817;222,4;-;7.8;672.6;;35;;;
7167;1048;2.jpg;Saccade;6928,974975;228,8;-;15.6;1161.7;;35;;;
7168;1048;2.jpg;Saccade;9543,7874;232,8;-;9.0;642.7;;35;;;
7169;1048;2.jpg;Saccade;6865,840245;250,4;-;20.7;1398.1;;35;;;
7170;1048;2.jpg;Saccade;28999,71556;252;-;19.6;1348.3;;35;;;
7171;1048;2.jpg;Fissazione;8316,737095;858,4;-;-;-;;;;;
7172;1048;2.jpg;Saccade;11674,45652;232,8;-;16.6;1277.4;;35;;;
7173;1048;3.jpg;Saccade;5892,48843;228;-;9.0;675.6;;35;;;
7174;1048;3.jpg;Fissazione;29556,62582;375,2;-;-;-;;;;;
7175;1048;3.jpg;Fissazione;15564,87478;320,8;-;-;-;;;;;
7176;1048;3.jpg;Saccade;30427,84888;231,2;-;11.8;1263.2;;35;;;
7177;1048;3.jpg;Saccade;22026,85002;224;-;8.4;573.9;;35;;;
7178;1048;3.jpg;Saccade;2699,224982;263,2;-;23.3;1289.9;;35;;;
7179;1048;3.jpg;Saccade;22318,44722;244,8;-;33.3;1772.5;;35;;;
7180;1048;3.jpg;Fissazione;14059,25018;291,2;-;-;-;;;;;
7181;1048;3.jpg;Fissazione;11980,45131;464,8;-;-;-;;;;;
7182;1048;3.jpg;Saccade;12679,91712;224;-;12.9;1275.2;;35;;;
7183;1048;3.jpg;Saccade;2440,535063;251,2;-;1.4;40.7;;35;;;
7184;1048;3.jpg;Saccade;2765,254997;236;-;32.4;2009.2;;35;;;
7185;1048;3.jpg;Saccade;7491,793208;232,8;-;1.1;79.5;;35;;;
7186;1048;3.jpg;Saccade;11564,45052;232,8;-;16.6;1277.4;;35;;;
7187;1048;3.jpg;Saccade;11950,175;222,4;-;10.2;968.7;;35;;;
7188;1048;3.jpg;Saccade;18450,48927;225,6;-;20.4;2027.7;;35;;;
7189;1048;3.jpg;Saccade;25742,72902;245,6;-;11.7;623.4;;35;;;
7190;1048;3.jpg;Saccade;34261,69097;251,2;-;5.2;293.5;;35;;;
7191;1048;3.jpg;Saccade;16408,44112;224;-;6.9;707.3;;35;;;
7192;1048;3.jpg;Saccade;7888,730748;224;-;3.7;346.5;;35;;;
7193;1048;3.jpg;Saccade;12668,28176;228,8;-;8.8;565.7;;35;;;
7194;1049;1.jpg;Saccade;5872,469737;224,8;-;10.3;1190.2;;35;;;
7195;1049;1.jpg;Saccade;20238,50604;244;-;19.1;1329.9;;35;;;
7196;1049;1.jpg;Fissazione;17898,76453;328;-;-;-;;;;;
7197;1049;1.jpg;Saccade;21251,59735;225,6;-;20.4;2027.7;;35;;;
7198;1049;1.jpg;Fissazione;7318,329702;569,6;-;-;-;;;;;
7199;1049;1.jpg;Saccade;8934,031469;222,4;-;10.2;968.7;;35;;;
7200;1049;1.jpg;Saccade;22861,40774;222,4;-;4.0;197.1;;35;;;
7201;1049;1.jpg;Fissazione;30377,27448;302,4;-;-;-;;;;;
7202;1049;1.jpg;Saccade;4808,511415;225,6;-;9.9;723.3;;35;;;
7203;1049;1.jpg;Fissazione;2657,162914;281,6;-;-;-;;;;;
7204;1049;1.jpg;Saccade;17563,63346;287,2;-;55.5;1952.3;;35;;;
7205;1049;1.jpg;Saccade;7166,348799;258,4;-;26.1;1165.6;;35;;;
7206;1049;1.jpg;Saccade;11770,95357;228,8;-;8.8;565.7;;35;;;
7207;1049;1.jpg;Fissazione;28029,12713;328;-;-;-;;;;;
7208;1049;1.jpg;Saccade;18606,30072;222,4;-;6.1;396.4;;35;;;
7209;1049;1.jpg;Saccade;12940,13101;223,2;-;7.2;613.7;;35;;;
7210;1049;1.jpg;Fissazione;12388,00506;291,2;-;-;-;;;;;
7211;1049;1.jpg;Saccade;11130,98608;232,8;-;9.0;642.7;;35;;;
7212;1049;1.jpg;Saccade;8393,080213;275,2;-;70.9;2061.7;;35;;;
7213;1049;1.jpg;Fissazione;12246,66272;457,6;-;-;-;;;;;
7214;1049;1.jpg;Saccade;21117,26719;224;-;10.9;1075.9;;35;;;
7215;1049;1.jpg;Saccade;11950,06137;232,8;-;13.3;1072.5;;35;;;
7216;1049;1.jpg;Saccade;7645,235888;250,4;-;20.7;1398.1;;35;;;
7217;1049;1.jpg;Saccade;23477,78463;238,4;-;22.4;1287.3;;35;;;
7218;1049;1.jpg;Saccade;8488,999899;232,8;-;9.9;587.8;;35;;;
7219;1049;1.jpg;Saccade;26956,73668;229,6;-;6.8;506.7;;35;;;
7220;1049;1.jpg;Saccade;1195,635854;254,4;-;16.9;1056.0;;35;;;
7221;1049;1.jpg;Saccade;7013,085704;222,4;-;7.8;672.6;;35;;;
7222;1049;1.jpg;Saccade;2962,949486;236;-;32.4;2009.2;;35;;;
7223;1049;1.jpg;Saccade;11082,32729;239,2;-;23.4;1505.0;;35;;;
7224;1049;1.jpg;Saccade;11729,77232;225,6;-;6.3;627.6;;35;;;
7225;1049;1.jpg;Saccade;2859,904971;229,6;-;9.5;631.0;;35;;;
7226;1049;1.jpg;Saccade;6674,668683;228,8;-;15.6;1161.7;;35;;;
7227;1049;1.jpg;Saccade;32803,28681;231,2;-;11.8;1263.2;;35;;;
7228;1049;1.jpg;Saccade;3030,526704;263,2;-;23.3;1289.9;;35;;;
7229;1049;1.jpg;Saccade;11673,53521;222,4;-;4.8;240.9;;35;;;
7230;1049;1.jpg;Fissazione;12533,76105;301,6;-;-;-;;;;;
7231;1049;1.jpg;Fissazione;31937,71176;409,6;-;-;-;;;;;
7232;1049;1.jpg;Fissazione;1256,159671;415,2;-;-;-;;;;;
7233;1049;1.jpg;Saccade;9172,204905;232,8;-;21.7;1388.6;;35;;;
7234;1049;1.jpg;Saccade;7001,156941;270,4;-;25.2;977.4;;35;;;
7235;1049;1.jpg;Saccade;2303,846911;251,2;-;1.4;40.7;;35;;;
7236;1049;1.jpg;Fissazione;5346,617427;263,2;-;-;-;;;;;
7237;1049;1.jpg;Fissazione;7305,611018;858,4;-;-;-;;;;;
7238;1049;1.jpg;Saccade;1636,222828;229,6;-;1.6;91.3;;35;;;
7239;1049;1.jpg;Fissazione;10689,61641;464,8;-;-;-;;;;;
7240;1049;1.jpg;Saccade;5130,997708;222,4;-;6.6;569.1;;35;;;
7241;1049;1.jpg;Saccade;34510,44573;252;-;19.6;1348.3;;35;;;
7242;1049;1.jpg;Saccade;18778,21913;236,8;-;15.2;699.5;;35;;;
7243;1049;1.jpg;Saccade;885,3126622;244;-;6.0;368.7;;35;;;
7244;1049;1.jpg;Saccade;11237,4585;248,8;-;32.6;1876.7;;35;;;
7245;1049;1.jpg;Saccade;12464,16633;244;-;1.4;68.0;;35;;;
7246;1049;1.jpg;Saccade;12837,30327;258,4;-;8.2;378.7;;35;;;
7247;1049;1.jpg;Saccade;2581,483712;232,8;-;14.3;1019.5;;35;;;
7248;1049;2.jpg;Fissazione;24249,29604;302,4;-;-;-;;;;;
7249;1049;2.jpg;Saccade;1840,592056;242,4;-;1.5;65.7;;35;;;
7250;1049;2.jpg;Fissazione;7540,159249;403,2;-;-;-;;;;;
7251;1049;2.jpg;Saccade;13267,86889;224;-;7.6;557.5;;35;;;
7252;1049;2.jpg;Saccade;698,0273195;245,6;-;14.9;887.0;;35;;;
7253;1049;2.jpg;Saccade;1168,095005;254,4;-;16.9;1056.0;;35;;;
7254;1049;2.jpg;Fissazione;4580,745589;1236;-;-;-;;;;;
7255;1049;2.jpg;Saccade;923,6920001;224;-;6.9;732.0;;35;;;
7256;1049;2.jpg;Fissazione;7080,465116;569,6;-;-;-;;;;;
7257;1049;2.jpg;Saccade;7969,226341;258,4;-;20.8;1006.5;;35;;;
7258;1049;2.jpg;Saccade;21207,52708;224;-;0.9;73.8;;35;;;
7259;1049;2.jpg;Fissazione;12327,07431;301,6;-;-;-;;;;;
7260;1049;2.jpg;Fissazione;14676,08345;457,6;-;-;-;;;;;
7261;1049;2.jpg;Saccade;23139,55754;223,2;-;9.5;976.9;;35;;;
7262;1049;2.jpg;Saccade;3011,97175;232;-;10.6;1054.0;;35;;;
7263;1049;2.jpg;Saccade;18248,24794;236,8;-;15.2;699.5;;35;;;
7264;1049;2.jpg;Fissazione;32930,23445;375,2;-;-;-;;;;;
7265;1049;2.jpg;Saccade;20032,31868;251,2;-;4.5;153.7;;35;;;
7266;1049;2.jpg;Saccade;3245,111121;227,2;-;7.1;650.4;;35;;;
7267;1049;2.jpg;Saccade;10324,82618;224;-;12.9;1275.2;;35;;;
7268;1049;2.jpg;Fissazione;22047,02859;494,4;-;-;-;;;;;
7269;1049;2.jpg;Saccade;10931,58746;239,2;-;23.4;1505.0;;35;;;
7270;1049;2.jpg;Fissazione;21653,00114;328;-;-;-;;;;;
7271;1049;2.jpg;Saccade;7197,357294;222,4;-;7.8;672.6;;35;;;
7272;1049;2.jpg;Saccade;26627,17012;229,6;-;6.8;506.7;;35;;;
7273;1049;2.jpg;Fissazione;18449,52224;312;-;-;-;;;;;
7274;1049;2.jpg;Saccade;5516,839541;241,6;-;15.7;878.6;;35;;;
7275;1049;2.jpg;Saccade;29258,01959;231,2;-;11.8;1263.2;;35;;;
7276;1049;2.jpg;Saccade;10691,70101;226,4;-;17.7;1300.4;;35;;;
7277;1049;2.jpg;Saccade;21378,3467;227,2;-;20.0;1688.6;;35;;;
7278;1049;3.jpg;Saccade;22176,56758;222,4;-;6.8;675.8;;35;;;
7279;1049;3.jpg;Saccade;21816,90787;251,2;-;4.5;153.7;;35;;;
7280;1049;3.jpg;Saccade;28060,22025;227,2;-;12.9;1033.0;;35;;;
7281;1049;3.jpg;Saccade;1637,989063;242,4;-;1.5;65.7;;35;;;
7282;1049;3.jpg;Saccade;9425,042034;239,2;-;23.0;1652.6;;35;;;
7283;1049;3.jpg;Saccade;11178,4552;232,8;-;9.0;642.7;;35;;;
7284;1049;3.jpg;Saccade;13913,13627;229,6;-;21.5;1887.2;;35;;;
7285;1049;3.jpg;Fissazione;7795,013349;552;-;-;-;;;;;
7286;1049;3.jpg;Saccade;32230,88963;251,2;-;5.2;293.5;;35;;;
7287;1049;3.jpg;Saccade;21105,16529;223,2;-;9.5;976.9;;35;;;
7288;1049;3.jpg;Saccade;6445,188753;228,8;-;15.6;1161.7;;35;;;
7289;1049;3.jpg;Saccade;24426,76083;238,4;-;22.4;1287.3;;35;;;
7290;1049;3.jpg;Saccade;10855,27512;239,2;-;23.4;1505.0;;35;;;
7291;1049;3.jpg;Saccade;26359,60179;227,2;-;20.0;1688.6;;35;;;
7292;1049;3.jpg;Saccade;15043,40694;236,8;-;15.2;699.5;;35;;;
7293;1049;3.jpg;Saccade;17856,25522;224;-;6.9;707.3;;35;;;
7294;1049;3.jpg;Fissazione;19819,05307;340;-;-;-;;;;;
7295;1049;3.jpg;Saccade;7935,16917;258,4;-;20.8;1006.5;;35;;;
7296;1049;3.jpg;Saccade;11078,35624;226,4;-;10.3;914.0;;35;;;
7297;1049;3.jpg;Saccade;18319,24935;228;-;7.5;664.5;;35;;;
7298;1049;3.jpg;Saccade;21132,63912;224;-;0.9;73.8;;35;;;
7299;1049;3.jpg;Saccade;4858,974821;223,2;-;13.2;721.6;;35;;;
7300;1049;3.jpg;Saccade;458,8001504;224,8;-;14.7;1053.0;;35;;;
7301;1049;3.jpg;Saccade;8079,595543;242,4;-;18.1;1156.9;;35;;;
7302;1049;3.jpg;Fissazione;3391,571535;281,6;-;-;-;;;;;
7303;1050;1.jpg;Saccade;18592,81351;244;-;19.1;1329.9;;35;;;
7304;1050;1.jpg;Fissazione;13401,4228;291,2;-;-;-;;;;;
7305;1050;1.jpg;Saccade;9463,662285;227,2;-;10.6;755.5;;35;;;
7306;1050;1.jpg;Saccade;9296,142442;229,6;-;12.2;951.2;;35;;;
7307;1050;1.jpg;Saccade;20609,7282;224;-;6.9;707.3;;35;;;
7308;1050;1.jpg;Fissazione;7028,42181;354,4;-;-;-;;;;;
7309;1050;1.jpg;Fissazione;962,1712966;321,6;-;-;-;;;;;
7310;1050;1.jpg;Fissazione;32798,81836;1018,4;-;-;-;;;;;
7311;1050;1.jpg;Fissazione;7327,588831;540;-;-;-;;;;;
7312;1050;1.jpg;Fissazione;6776,296906;569,6;-;-;-;;;;;
7313;1050;1.jpg;Saccade;9497,352267;253,6;-;24.1;1367.1;;35;;;
7314;1050;1.jpg;Saccade;3433,776097;225,6;-;8.3;601.6;;35;;;
7315;1050;1.jpg;Fissazione;1456,199952;415,2;-;-;-;;;;;
7316;1050;1.jpg;Saccade;27424,35406;227,2;-;20.0;1688.6;;35;;;
7317;1050;1.jpg;Saccade;669,7089883;245,6;-;14.9;887.0;;35;;;
7318;1050;1.jpg;Saccade;32079,91232;226,4;-;11.5;1098.9;;35;;;
7319;1050;1.jpg;Fissazione;11539,40136;457,6;-;-;-;;;;;
7320;1050;1.jpg;Saccade;6626,397853;222,4;-;7.8;672.6;;35;;;
7321;1050;1.jpg;Saccade;6083,47912;222,4;-;6.6;569.1;;35;;;
7322;1050;1.jpg;Saccade;8568,246691;260,8;-;20.7;1330.6;;35;;;
7323;1050;1.jpg;Saccade;7092,03968;230,4;-;26.5;1699.7;;35;;;
7324;1050;1.jpg;Saccade;1181,201322;254,4;-;16.9;1056.0;;35;;;
7325;1050;1.jpg;Saccade;9741,359879;232,8;-;9.0;642.7;;35;;;
7326;1050;1.jpg;Saccade;38694,67156;251,2;-;5.2;293.5;;35;;;
7327;1050;1.jpg;Saccade;14366,08036;292;-;50.7;1483.9;;35;;;
7328;1050;1.jpg;Fissazione;11056,01459;366,4;-;-;-;;;;;
7329;1050;1.jpg;Fissazione;26583,56966;328;-;-;-;;;;;
7330;1050;1.jpg;Saccade;26372,22879;228;-;11.6;884.4;;35;;;
7331;1050;1.jpg;Fissazione;1780,647838;660,8;-;-;-;;;;;
7332;1050;1.jpg;Saccade;9884,062597;222,4;-;10.2;968.7;;35;;;
7333;1050;1.jpg;Fissazione;799,0773758;251,2;-;-;-;;;;;
7334;1050;1.jpg;Fissazione;18816,73002;494,4;-;-;-;;;;;
7335;1050;1.jpg;Saccade;2123,498951;239,2;-;7.9;536.1;;35;;;
7336;1050;1.jpg;Saccade;26813,71728;245,6;-;11.7;623.4;;35;;;
7337;1050;1.jpg;Saccade;3140,215365;263,2;-;23.3;1289.9;;35;;;
7338;1050;1.jpg;Saccade;23385,95262;222,4;-;4.0;197.1;;35;;;
7339;1050;1.jpg;Fissazione;1838,410414;317,6;-;-;-;;;;;
7340;1050;1.jpg;Saccade;12147,27459;235,2;-;15.5;935.0;;35;;;
7341;1050;1.jpg;Saccade;8626,411864;230,4;-;14.6;1012.8;;35;;;
7342;1050;1.jpg;Saccade;8221,628158;232,8;-;21.7;1388.6;;35;;;
7343;1050;1.jpg;Saccade;20819,85182;243,2;-;7.3;404.4;;35;;;
7344;1050;1.jpg;Fissazione;8902,664088;552;-;-;-;;;;;
7345;1050;1.jpg;Saccade;6210,674149;225,6;-;12.4;705.1;;35;;;
7346;1050;1.jpg;Saccade;9892,611252;226,4;-;17.7;1300.4;;35;;;
7347;1050;1.jpg;Saccade;29442,2257;232;-;3.3;108.3;;35;;;
7348;1050;1.jpg;Saccade;7431,11713;250,4;-;20.7;1398.1;;35;;;
7349;1050;1.jpg;Fissazione;9123,167755;403,2;-;-;-;;;;;
7350;1050;1.jpg;Saccade;13741,80731;287,2;-;55.5;1952.3;;35;;;
7351;1050;1.jpg;Saccade;9592,211592;229,6;-;15.1;1262.8;;35;;;
7352;1050;1.jpg;Saccade;902,7070195;224;-;6.9;732.0;;35;;;
7353;1050;1.jpg;Saccade;3144,135967;232;-;10.6;1054.0;;35;;;
7354;1050;1.jpg;Saccade;1625,085628;249,6;-;5.3;207.5;;35;;;
7355;1050;1.jpg;Fissazione;6963,690757;858,4;-;-;-;;;;;
7356;1050;1.jpg;Saccade;470,9945917;224,8;-;14.7;1053.0;;35;;;
7357;1050;1.jpg;Saccade;26936,56661;240;-;14.9;1083.8;;35;;;
7358;1050;1.jpg;Saccade;3004,07212;225,6;-;6.8;495.1;;35;;;
7359;1050;1.jpg;Saccade;11894,59375;228,8;-;8.8;565.7;;35;;;
7360;1050;1.jpg;Saccade;8307,623954;258,4;-;20.8;1006.5;;35;;;
7361;1050;1.jpg;Saccade;19093,04318;223,2;-;9.5;976.9;;35;;;
7362;1050;1.jpg;Saccade;23623,80374;244,8;-;33.3;1772.5;;35;;;
7363;1050;1.jpg;Saccade;13790,22394;224;-;7.6;557.5;;35;;;
7364;1050;1.jpg;Saccade;11135,12428;232,8;-;16.6;1277.4;;35;;;
7365;1050;1.jpg;Saccade;27244,47277;223,2;-;21.2;1938.5;;35;;;
7366;1050;1.jpg;Saccade;9784,372407;223,2;-;12.2;973.2;;35;;;
7367;1050;1.jpg;Saccade;33404,98625;231,2;-;11.8;1263.2;;35;;;
7368;1050;1.jpg;Saccade;7217,557735;245,6;-;17.4;954.0;;35;;;
7369;1050;1.jpg;Saccade;26887,15494;227,2;-;12.9;1033.0;;35;;;
7370;1050;1.jpg;Saccade;12227,12663;228;-;6.9;637.2;;35;;;
7371;1050;1.jpg;Saccade;10401,76489;239,2;-;23.4;1505.0;;35;;;
7372;1050;1.jpg;Saccade;8490,0179;242,4;-;18.1;1156.9;;35;;;
7373;1050;1.jpg;Saccade;7121,84891;270,4;-;25.2;977.4;;35;;;
7374;1050;1.jpg;Saccade;18008,93155;236,8;-;15.2;699.5;;35;;;
7375;1050;1.jpg;Saccade;10362,82636;222,4;-;4.8;240.9;;35;;;
7376;1050;1.jpg;Saccade;29354,99362;229,6;-;6.8;506.7;;35;;;
7377;1050;1.jpg;Saccade;34529,92597;252;-;19.6;1348.3;;35;;;
7378;1050;1.jpg;Saccade;4928,814008;225,6;-;9.9;723.3;;35;;;
7379;1050;1.jpg;Saccade;11702,22217;239,2;-;23.0;1652.6;;35;;;
7380;1050;1.jpg;Saccade;5446,849723;224;-;11.0;710.5;;35;;;
7381;1050;1.jpg;Fissazione;10998,1189;301,6;-;-;-;;;;;
7382;1050;1.jpg;Saccade;6458,396377;258,4;-;26.1;1165.6;;35;;;
7383;1050;1.jpg;Fissazione;12634,56762;343,2;-;-;-;;;;;
7384;1050;1.jpg;Saccade;2069,620215;251,2;-;1.4;40.7;;35;;;
7385;1050;1.jpg;Saccade;11583,98706;244;-;1.4;68.0;;35;;;
7386;1050;1.jpg;Saccade;22381,32009;224;-;8.4;573.9;;35;;;
7387;1050;1.jpg;Saccade;12671,94086;226,4;-;10.3;914.0;;35;;;
7388;1050;1.jpg;Saccade;12382,74446;229,6;-;21.5;1887.2;;35;;;
7389;1050;1.jpg;Saccade;18050,87718;251,2;-;4.5;153.7;;35;;;
7390;1050;1.jpg;Fissazione;10904,97842;560,8;-;-;-;;;;;
7391;1050;1.jpg;Saccade;6779,458967;228;-;9.0;675.6;;35;;;
7392;1050;1.jpg;Saccade;24475,69371;238,4;-;22.4;1287.3;;35;;;
7393;1050;1.jpg;Saccade;2486,200287;222,4;-;9.3;777.1;;35;;;
7394;1050;1.jpg;Saccade;19420,81877;222,4;-;6.8;675.8;;35;;;
7395;1050;1.jpg;Saccade;17587,78444;228;-;7.5;664.5;;35;;;
7396;1050;1.jpg;Fissazione;23793,21198;302,4;-;-;-;;;;;
7397;1050;1.jpg;Saccade;10410,04705;232,8;-;13.3;1072.5;;35;;;
7398;1050;1.jpg;Saccade;12097,77918;225,6;-;6.3;627.6;;35;;;
7399;1050;1.jpg;Saccade;2047,901933;242,4;-;1.5;65.7;;35;;;
7400;1050;1.jpg;Saccade;9305,682221;224;-;3.7;346.5;;35;;;
7401;1050;1.jpg;Fissazione;13575,00657;464,8;-;-;-;;;;;
7402;1050;1.jpg;Saccade;10196,19299;275,2;-;70.9;2061.7;;35;;;
7403;1050;1.jpg;Saccade;643,6492344;234,4;-;14.4;1205.6;;35;;;
7404;1050;2.jpg;Saccade;26292,81432;222,4;-;4.0;197.1;;35;;;
7405;1050;2.jpg;Saccade;5880,967869;241,6;-;15.7;878.6;;35;;;
7406;1050;2.jpg;Saccade;6316,740848;230,4;-;26.5;1699.7;;35;;;
7407;1050;2.jpg;Saccade;2549,09849;222,4;-;9.3;777.1;;35;;;
7408;1050;2.jpg;Saccade;11479,5607;222,4;-;4.8;240.9;;35;;;
7409;1050;2.jpg;Saccade;22866,33266;224;-;8.4;573.9;;35;;;
7410;1050;2.jpg;Saccade;13462,17586;232;-;1.3;85.3;;35;;;
7411;1050;2.jpg;Saccade;7259,074127;260,8;-;20.7;1330.6;;35;;;
7412;1050;2.jpg;Saccade;32823,87154;290,4;-;4.4;148.5;;35;;;
7413;1050;2.jpg;Saccade;18390,19222;224;-;0.9;73.8;;35;;;
7414;1050;2.jpg;Saccade;18452,30746;228,8;-;21.8;2131.8;;35;;;
7415;1050;2.jpg;Saccade;1877,609695;249,6;-;5.3;207.5;;35;;;
7416;1050;2.jpg;Fissazione;18746,56048;312;-;-;-;;;;;
7417;1050;2.jpg;Saccade;9176,638414;258,4;-;20.8;1006.5;;35;;;
7418;1050;2.jpg;Saccade;11119,91661;232,8;-;13.3;1072.5;;35;;;
7419;1050;2.jpg;Fissazione;8237,02554;403,2;-;-;-;;;;;
7420;1050;2.jpg;Saccade;18512,12351;244,8;-;33.3;1772.5;;35;;;
7421;1050;2.jpg;Saccade;9484,791671;236;-;20.9;1601.4;;35;;;
7422;1050;2.jpg;Saccade;11003,42348;229,6;-;15.1;1262.8;;35;;;
7423;1050;2.jpg;Saccade;9207,267265;242,4;-;18.1;1156.9;;35;;;
7424;1050;2.jpg;Fissazione;788,3547228;251,2;-;-;-;;;;;
7425;1050;2.jpg;Saccade;11269,14242;226,4;-;17.7;1300.4;;35;;;
7426;1050;2.jpg;Saccade;9307,282029;253,6;-;24.1;1367.1;;35;;;
7427;1050;2.jpg;Saccade;30849,01532;229,6;-;6.8;506.7;;35;;;
7428;1050;2.jpg;Saccade;10478,11921;229,6;-;12.2;951.2;;35;;;
7429;1050;2.jpg;Fissazione;14343,92446;301,6;-;-;-;;;;;
7430;1050;2.jpg;Saccade;17829,24389;225,6;-;20.4;2027.7;;35;;;
7431;1050;2.jpg;Fissazione;25567,11507;328;-;-;-;;;;;
7432;1050;2.jpg;Saccade;11715,90772;248,8;-;32.6;1876.7;;35;;;
7433;1050;2.jpg;Saccade;11845,3887;226,4;-;10.3;914.0;;35;;;
7434;1050;2.jpg;Saccade;6207,16849;224,8;-;10.3;1190.2;;35;;;
7435;1050;2.jpg;Saccade;2246,907571;251,2;-;1.4;40.7;;35;;;
7436;1050;2.jpg;Saccade;12590,78009;258,4;-;8.2;378.7;;35;;;
7437;1050;2.jpg;Saccade;10848,48179;239,2;-;23.4;1505.0;;35;;;
7438;1050;2.jpg;Saccade;14884,15652;223,2;-;7.2;613.7;;35;;;
7439;1050;2.jpg;Saccade;8969,861189;232,8;-;21.7;1388.6;;35;;;
7440;1050;2.jpg;Saccade;1157,484792;254,4;-;16.9;1056.0;;35;;;
7441;1050;2.jpg;Fissazione;15659,75604;320,8;-;-;-;;;;;
7442;1050;2.jpg;Saccade;28672,44962;238,4;-;22.4;1287.3;;35;;;
7443;1050;2.jpg;Saccade;27633,97155;240;-;14.9;1083.8;;35;;;
7444;1050;2.jpg;Saccade;1822,966499;229,6;-;1.6;91.3;;35;;;
7445;1050;2.jpg;Saccade;15105,41164;235,2;-;15.5;935.0;;35;;;
7446;1050;2.jpg;Saccade;6296,298576;228,8;-;15.6;1161.7;;35;;;
7447;1050;2.jpg;Saccade;625,9038895;245,6;-;14.9;887.0;;35;;;
7448;1050;3.jpg;Saccade;11903,54111;258,4;-;8.2;378.7;;35;;;
7449;1050;3.jpg;Saccade;19001,16174;225,6;-;20.4;2027.7;;35;;;
7450;1050;3.jpg;Saccade;30690,25446;252;-;19.6;1348.3;;35;;;
7451;1050;3.jpg;Saccade;14196,22553;232;-;1.3;85.3;;35;;;
7452;1050;3.jpg;Fissazione;15276,38202;320,8;-;-;-;;;;;
7453;1050;3.jpg;Saccade;11102,26633;248,8;-;32.6;1876.7;;35;;;
7454;1050;3.jpg;Fissazione;22937,66003;328;-;-;-;;;;;
7455;1050;3.jpg;Saccade;25903,52607;238,4;-;22.4;1287.3;;35;;;
7456;1050;3.jpg;Saccade;8056,085856;230,4;-;14.6;1012.8;;35;;;
7457;1050;3.jpg;Saccade;9731,140432;232,8;-;21.7;1388.6;;35;;;
7458;1050;3.jpg;Saccade;2781,322723;232,8;-;14.3;1019.5;;35;;;
7459;1050;3.jpg;Fissazione;30426,9895;1018,4;-;-;-;;;;;
7460;1050;3.jpg;Fissazione;1297,129699;415,2;-;-;-;;;;;
7461;1050;3.jpg;Fissazione;8275,393848;540;-;-;-;;;;;
7462;1050;3.jpg;Fissazione;10949,15667;343,2;-;-;-;;;;;
7463;1050;3.jpg;Saccade;6012,651149;258,4;-;26.1;1165.6;;35;;;
7464;1050;3.jpg;Fissazione;12388,84245;263,2;-;-;-;;;;;
7465;1050;3.jpg;Saccade;21878,18281;251,2;-;4.5;153.7;;35;;;
7466;1050;3.jpg;Saccade;11652,62306;228,8;-;8.8;565.7;;35;;; 
7467;1050;3.jpg;Saccade;5557,927538;230,4;-;26.5;1699.7;;35;;;
7468;1050;3.jpg;Fissazione;9226,314739;858,4;-;-;-;;;;;
7469;1050;3.jpg;Fissazione;949,9788863;321,6;-;-;-;;;;;
7470;1050;3.jpg;Saccade;12521,07208;222,4;-;4.8;240.9;;35;;;
7471;1050;3.jpg;Fissazione;18206,17529;312;-;-;-;;;;;
7472;1050;3.jpg;Saccade;9835,042907;236;-;20.9;1601.4;;35;;;
7473;1050;3.jpg;Fissazione;34339,12922;409,6;-;-;-;;;;;
7474;1050;3.jpg;Saccade;6457,684366;228;-;9.0;675.6;;35;;;
7475;1050;3.jpg;Saccade;21979,00945;232;-;1.5;89.0;;35;;;
7476;1050;3.jpg;Fissazione;1654,311641;660,8;-;-;-;;;;;
7477;1050;3.jpg;Saccade;28041,84901;240;-;14.9;1083.8;;35;;;
7478;1050;3.jpg;Saccade;19372,32757;244;-;19.1;1329.9;;35;;;
7479;1050;3.jpg;Saccade;21260,17187;244,8;-;33.3;1772.5;;35;;;
7480;1050;3.jpg;Saccade;16325,82376;224;-;10.9;1075.9;;35;;;
7481;1050;3.jpg;Fissazione;10489,23849;464,8;-;-;-;;;;;
7482;1050;3.jpg;Saccade;18669,74192;28;-;7.5;664.5;;35;;;
